2024-12-26T17:15:24.242+09:00  INFO 23376 --- [main] AuthenticationManagementInfraApplication : Starting AuthenticationManagementInfraApplication using Java 17.0.10 with PID 23376 (C:\Users\samsung\Desktop\GitHub_Clone\FlowOfEssence_backend\authentication-management-server\authentication-management-infra\build\classes\java\main started by samsung in C:\Users\samsung\Desktop\GitHub_Clone\FlowOfEssence_backend)
2024-12-26T17:15:24.247+09:00  INFO 23376 --- [main] AuthenticationManagementInfraApplication : No active profile set, falling back to 1 default profile: "local"
2024-12-26T17:15:26.948+09:00  INFO 23376 --- [main] .s.d.r.c.RepositoryConfigurationDelegate : Bootstrapping Spring Data JPA repositories in DEFAULT mode.
2024-12-26T17:15:27.082+09:00  INFO 23376 --- [main] .s.d.r.c.RepositoryConfigurationDelegate : Finished Spring Data repository scanning in 124 ms. Found 2 JPA repository interfaces.
2024-12-26T17:15:29.963+09:00  INFO 23376 --- [main] o.s.b.w.embedded.tomcat.TomcatWebServer  : Tomcat initialized with port(s): 6001 (http)
2024-12-26T17:15:30.071+09:00  INFO 23376 --- [main] o.apache.catalina.core.StandardService   : Starting service [Tomcat]
2024-12-26T17:15:30.074+09:00  INFO 23376 --- [main] o.apache.catalina.core.StandardEngine    : Starting Servlet engine: [Apache Tomcat/10.1.15]
2024-12-26T17:15:30.475+09:00  INFO 23376 --- [main] o.a.c.c.C.[Tomcat].[localhost].[/]       : Initializing Spring embedded WebApplicationContext
2024-12-26T17:15:30.478+09:00  INFO 23376 --- [main] w.s.c.ServletWebServerApplicationContext : Root WebApplicationContext: initialization completed in 6055 ms
2024-12-26T17:15:32.309+09:00  INFO 23376 --- [main] o.hibernate.jpa.internal.util.LogHelper  : HHH000204: Processing PersistenceUnitInfo [name: default]
2024-12-26T17:15:32.472+09:00  INFO 23376 --- [main] org.hibernate.Version                    : HHH000412: Hibernate ORM core version 6.1.7.Final
2024-12-26T17:15:33.374+09:00  INFO 23376 --- [main] com.zaxxer.hikari.HikariDataSource       : HikariPool-1 - Starting...
2024-12-26T17:15:33.766+09:00  INFO 23376 --- [main] com.zaxxer.hikari.pool.HikariPool        : HikariPool-1 - Added connection org.postgresql.jdbc.PgConnection@5abb7a8f
2024-12-26T17:15:33.769+09:00  INFO 23376 --- [main] com.zaxxer.hikari.HikariDataSource       : HikariPool-1 - Start completed.
2024-12-26T17:15:33.813+09:00  INFO 23376 --- [main] SQL dialect                              : HHH000400: Using dialect: org.hibernate.dialect.PostgreSQLDialect
2024-12-26T17:15:35.075+09:00  INFO 23376 --- [main] o.h.e.t.j.p.i.JtaPlatformInitiator       : HHH000490: Using JtaPlatform implementation: [org.hibernate.engine.transaction.jta.platform.internal.NoJtaPlatform]
2024-12-26T17:15:35.091+09:00  INFO 23376 --- [main] j.LocalContainerEntityManagerFactoryBean : Initialized JPA EntityManagerFactory for persistence unit 'default'
2024-12-26T17:15:36.303+09:00  INFO 23376 --- [main] i.e.t.c.common.MessageConsumerImpl       : Subscribing: subscriberId = com.lolclone.authenticationmanagementinfra.sagaorchestrator.saga.SignUpSaga-consumer, channels = [com.lolclone.authenticationmanagementinfra.sagaorchestrator.saga.SignUpSaga-reply]
2024-12-26T17:15:36.310+09:00  INFO 23376 --- [main] .t.c.k.EventuateTramKafkaMessageConsumer : Subscribing: subscriberId = com.lolclone.authenticationmanagementinfra.sagaorchestrator.saga.SignUpSaga-consumer, channels = [com.lolclone.authenticationmanagementinfra.sagaorchestrator.saga.SignUpSaga-reply]
2024-12-26T17:15:36.362+09:00  INFO 23376 --- [main] o.a.k.clients.consumer.ConsumerConfig    : ConsumerConfig values: 
	allow.auto.create.topics = true
	auto.commit.interval.ms = 5000
	auto.offset.reset = earliest
	bootstrap.servers = [localhost:9092]
	check.crcs = true
	client.dns.lookup = use_all_dns_ips
	client.id = consumer-com.lolclone.authenticationmanagementinfra.sagaorchestrator.saga.SignUpSaga-consumer-1
	client.rack = 
	connections.max.idle.ms = 540000
	default.api.timeout.ms = 60000
	enable.auto.commit = false
	exclude.internal.topics = true
	fetch.max.bytes = 52428800
	fetch.max.wait.ms = 500
	fetch.min.bytes = 1
	group.id = com.lolclone.authenticationmanagementinfra.sagaorchestrator.saga.SignUpSaga-consumer
	group.instance.id = null
	heartbeat.interval.ms = 3000
	interceptor.classes = []
	internal.leave.group.on.close = true
	internal.throw.on.fetch.stable.offset.unsupported = false
	isolation.level = read_uncommitted
	key.deserializer = class org.apache.kafka.common.serialization.StringDeserializer
	max.partition.fetch.bytes = 1048576
	max.poll.interval.ms = 300000
	max.poll.records = 500
	metadata.max.age.ms = 300000
	metric.reporters = []
	metrics.num.samples = 2
	metrics.recording.level = INFO
	metrics.sample.window.ms = 30000
	partition.assignment.strategy = [class org.apache.kafka.clients.consumer.RangeAssignor, class org.apache.kafka.clients.consumer.CooperativeStickyAssignor]
	receive.buffer.bytes = 65536
	reconnect.backoff.max.ms = 1000
	reconnect.backoff.ms = 50
	request.timeout.ms = 30000
	retry.backoff.ms = 100
	sasl.client.callback.handler.class = null
	sasl.jaas.config = null
	sasl.kerberos.kinit.cmd = /usr/bin/kinit
	sasl.kerberos.min.time.before.relogin = 60000
	sasl.kerberos.service.name = null
	sasl.kerberos.ticket.renew.jitter = 0.05
	sasl.kerberos.ticket.renew.window.factor = 0.8
	sasl.login.callback.handler.class = null
	sasl.login.class = null
	sasl.login.connect.timeout.ms = null
	sasl.login.read.timeout.ms = null
	sasl.login.refresh.buffer.seconds = 300
	sasl.login.refresh.min.period.seconds = 60
	sasl.login.refresh.window.factor = 0.8
	sasl.login.refresh.window.jitter = 0.05
	sasl.login.retry.backoff.max.ms = 10000
	sasl.login.retry.backoff.ms = 100
	sasl.mechanism = GSSAPI
	sasl.oauthbearer.clock.skew.seconds = 30
	sasl.oauthbearer.expected.audience = null
	sasl.oauthbearer.expected.issuer = null
	sasl.oauthbearer.jwks.endpoint.refresh.ms = 3600000
	sasl.oauthbearer.jwks.endpoint.retry.backoff.max.ms = 10000
	sasl.oauthbearer.jwks.endpoint.retry.backoff.ms = 100
	sasl.oauthbearer.jwks.endpoint.url = null
	sasl.oauthbearer.scope.claim.name = scope
	sasl.oauthbearer.sub.claim.name = sub
	sasl.oauthbearer.token.endpoint.url = null
	security.protocol = PLAINTEXT
	security.providers = null
	send.buffer.bytes = 131072
	session.timeout.ms = 45000
	socket.connection.setup.timeout.max.ms = 30000
	socket.connection.setup.timeout.ms = 10000
	ssl.cipher.suites = null
	ssl.enabled.protocols = [TLSv1.2, TLSv1.3]
	ssl.endpoint.identification.algorithm = https
	ssl.engine.factory.class = null
	ssl.key.password = null
	ssl.keymanager.algorithm = SunX509
	ssl.keystore.certificate.chain = null
	ssl.keystore.key = null
	ssl.keystore.location = null
	ssl.keystore.password = null
	ssl.keystore.type = JKS
	ssl.protocol = TLSv1.3
	ssl.provider = null
	ssl.secure.random.implementation = null
	ssl.trustmanager.algorithm = PKIX
	ssl.truststore.certificates = null
	ssl.truststore.location = null
	ssl.truststore.password = null
	ssl.truststore.type = JKS
	value.deserializer = class org.apache.kafka.common.serialization.ByteArrayDeserializer

2024-12-26T17:15:36.480+09:00  INFO 23376 --- [main] o.a.kafka.common.utils.AppInfoParser     : Kafka version: 3.3.2
2024-12-26T17:15:36.481+09:00  INFO 23376 --- [main] o.a.kafka.common.utils.AppInfoParser     : Kafka commitId: b66af662e61082cb
2024-12-26T17:15:36.481+09:00  INFO 23376 --- [main] o.a.kafka.common.utils.AppInfoParser     : Kafka startTimeMs: 1735200936479
2024-12-26T17:15:36.795+09:00  INFO 23376 --- [main] org.apache.kafka.clients.Metadata        : [Consumer clientId=consumer-com.lolclone.authenticationmanagementinfra.sagaorchestrator.saga.SignUpSaga-consumer-1, groupId=com.lolclone.authenticationmanagementinfra.sagaorchestrator.saga.SignUpSaga-consumer] Cluster ID: KvShWAagT26ntNl1f4QkEg
2024-12-26T17:15:36.798+09:00  INFO 23376 --- [main] o.a.k.clients.consumer.KafkaConsumer     : [Consumer clientId=consumer-com.lolclone.authenticationmanagementinfra.sagaorchestrator.saga.SignUpSaga-consumer-1, groupId=com.lolclone.authenticationmanagementinfra.sagaorchestrator.saga.SignUpSaga-consumer] Subscribed to topic(s): com.lolclone.authenticationmanagementinfra.sagaorchestrator.saga.SignUpSaga-reply
2024-12-26T17:15:36.800+09:00  INFO 23376 --- [main] .t.c.k.EventuateTramKafkaMessageConsumer : Subscribed: subscriberId = com.lolclone.authenticationmanagementinfra.sagaorchestrator.saga.SignUpSaga-consumer, channels = [com.lolclone.authenticationmanagementinfra.sagaorchestrator.saga.SignUpSaga-reply]
2024-12-26T17:15:36.801+09:00  INFO 23376 --- [main] i.e.t.c.common.MessageConsumerImpl       : Subscribed: subscriberId = com.lolclone.authenticationmanagementinfra.sagaorchestrator.saga.SignUpSaga-consumer, channels = [com.lolclone.authenticationmanagementinfra.sagaorchestrator.saga.SignUpSaga-reply]
2024-12-26T17:15:36.811+09:00  INFO 23376 --- [Eventuate-subscriber-com.lolclone.authenticationmanagementinfra.sagaorchestrator.saga.SignUpSaga-consumer] org.apache.kafka.clients.Metadata        : [Consumer clientId=consumer-com.lolclone.authenticationmanagementinfra.sagaorchestrator.saga.SignUpSaga-consumer-1, groupId=com.lolclone.authenticationmanagementinfra.sagaorchestrator.saga.SignUpSaga-consumer] Resetting the last seen epoch of partition com.lolclone.authenticationmanagementinfra.sagaorchestrator.saga.SignUpSaga-reply-0 to 0 since the associated topicId changed from null to iUZZcpfETtSBSTc7mIXwng
2024-12-26T17:15:36.813+09:00  INFO 23376 --- [Eventuate-subscriber-com.lolclone.authenticationmanagementinfra.sagaorchestrator.saga.SignUpSaga-consumer] org.apache.kafka.clients.Metadata        : [Consumer clientId=consumer-com.lolclone.authenticationmanagementinfra.sagaorchestrator.saga.SignUpSaga-consumer-1, groupId=com.lolclone.authenticationmanagementinfra.sagaorchestrator.saga.SignUpSaga-consumer] Resetting the last seen epoch of partition com.lolclone.authenticationmanagementinfra.sagaorchestrator.saga.SignUpSaga-reply-1 to 0 since the associated topicId changed from null to iUZZcpfETtSBSTc7mIXwng
2024-12-26T17:15:36.816+09:00  INFO 23376 --- [Eventuate-subscriber-com.lolclone.authenticationmanagementinfra.sagaorchestrator.saga.SignUpSaga-consumer] o.a.k.c.c.internals.ConsumerCoordinator  : [Consumer clientId=consumer-com.lolclone.authenticationmanagementinfra.sagaorchestrator.saga.SignUpSaga-consumer-1, groupId=com.lolclone.authenticationmanagementinfra.sagaorchestrator.saga.SignUpSaga-consumer] Discovered group coordinator localhost:9092 (id: 2147483647 rack: null)
2024-12-26T17:15:36.820+09:00  INFO 23376 --- [Eventuate-subscriber-com.lolclone.authenticationmanagementinfra.sagaorchestrator.saga.SignUpSaga-consumer] o.a.k.c.c.internals.ConsumerCoordinator  : [Consumer clientId=consumer-com.lolclone.authenticationmanagementinfra.sagaorchestrator.saga.SignUpSaga-consumer-1, groupId=com.lolclone.authenticationmanagementinfra.sagaorchestrator.saga.SignUpSaga-consumer] (Re-)joining group
2024-12-26T17:15:36.850+09:00  INFO 23376 --- [Eventuate-subscriber-com.lolclone.authenticationmanagementinfra.sagaorchestrator.saga.SignUpSaga-consumer] o.a.k.c.c.internals.ConsumerCoordinator  : [Consumer clientId=consumer-com.lolclone.authenticationmanagementinfra.sagaorchestrator.saga.SignUpSaga-consumer-1, groupId=com.lolclone.authenticationmanagementinfra.sagaorchestrator.saga.SignUpSaga-consumer] Request joining group due to: need to re-join with the given member-id: consumer-com.lolclone.authenticationmanagementinfra.sagaorchestrator.saga.SignUpSaga-consumer-1-0c7aee4b-5eeb-447c-9ef7-29d89a3156c1
2024-12-26T17:15:36.852+09:00  INFO 23376 --- [Eventuate-subscriber-com.lolclone.authenticationmanagementinfra.sagaorchestrator.saga.SignUpSaga-consumer] o.a.k.c.c.internals.ConsumerCoordinator  : [Consumer clientId=consumer-com.lolclone.authenticationmanagementinfra.sagaorchestrator.saga.SignUpSaga-consumer-1, groupId=com.lolclone.authenticationmanagementinfra.sagaorchestrator.saga.SignUpSaga-consumer] Request joining group due to: rebalance failed due to 'The group member needs to have a valid member id before actually entering a consumer group.' (MemberIdRequiredException)
2024-12-26T17:15:36.854+09:00  INFO 23376 --- [Eventuate-subscriber-com.lolclone.authenticationmanagementinfra.sagaorchestrator.saga.SignUpSaga-consumer] o.a.k.c.c.internals.ConsumerCoordinator  : [Consumer clientId=consumer-com.lolclone.authenticationmanagementinfra.sagaorchestrator.saga.SignUpSaga-consumer-1, groupId=com.lolclone.authenticationmanagementinfra.sagaorchestrator.saga.SignUpSaga-consumer] (Re-)joining group
2024-12-26T17:15:36.900+09:00  INFO 23376 --- [main] i.e.t.c.common.MessageConsumerImpl       : Subscribing: subscriberId = authenticationService, channels = [authenticationService]
2024-12-26T17:15:36.901+09:00  INFO 23376 --- [main] .t.c.k.EventuateTramKafkaMessageConsumer : Subscribing: subscriberId = authenticationService, channels = [authenticationService]
2024-12-26T17:15:36.903+09:00  INFO 23376 --- [main] o.a.k.clients.consumer.ConsumerConfig    : ConsumerConfig values: 
	allow.auto.create.topics = true
	auto.commit.interval.ms = 5000
	auto.offset.reset = earliest
	bootstrap.servers = [localhost:9092]
	check.crcs = true
	client.dns.lookup = use_all_dns_ips
	client.id = consumer-authenticationService-2
	client.rack = 
	connections.max.idle.ms = 540000
	default.api.timeout.ms = 60000
	enable.auto.commit = false
	exclude.internal.topics = true
	fetch.max.bytes = 52428800
	fetch.max.wait.ms = 500
	fetch.min.bytes = 1
	group.id = authenticationService
	group.instance.id = null
	heartbeat.interval.ms = 3000
	interceptor.classes = []
	internal.leave.group.on.close = true
	internal.throw.on.fetch.stable.offset.unsupported = false
	isolation.level = read_uncommitted
	key.deserializer = class org.apache.kafka.common.serialization.StringDeserializer
	max.partition.fetch.bytes = 1048576
	max.poll.interval.ms = 300000
	max.poll.records = 500
	metadata.max.age.ms = 300000
	metric.reporters = []
	metrics.num.samples = 2
	metrics.recording.level = INFO
	metrics.sample.window.ms = 30000
	partition.assignment.strategy = [class org.apache.kafka.clients.consumer.RangeAssignor, class org.apache.kafka.clients.consumer.CooperativeStickyAssignor]
	receive.buffer.bytes = 65536
	reconnect.backoff.max.ms = 1000
	reconnect.backoff.ms = 50
	request.timeout.ms = 30000
	retry.backoff.ms = 100
	sasl.client.callback.handler.class = null
	sasl.jaas.config = null
	sasl.kerberos.kinit.cmd = /usr/bin/kinit
	sasl.kerberos.min.time.before.relogin = 60000
	sasl.kerberos.service.name = null
	sasl.kerberos.ticket.renew.jitter = 0.05
	sasl.kerberos.ticket.renew.window.factor = 0.8
	sasl.login.callback.handler.class = null
	sasl.login.class = null
	sasl.login.connect.timeout.ms = null
	sasl.login.read.timeout.ms = null
	sasl.login.refresh.buffer.seconds = 300
	sasl.login.refresh.min.period.seconds = 60
	sasl.login.refresh.window.factor = 0.8
	sasl.login.refresh.window.jitter = 0.05
	sasl.login.retry.backoff.max.ms = 10000
	sasl.login.retry.backoff.ms = 100
	sasl.mechanism = GSSAPI
	sasl.oauthbearer.clock.skew.seconds = 30
	sasl.oauthbearer.expected.audience = null
	sasl.oauthbearer.expected.issuer = null
	sasl.oauthbearer.jwks.endpoint.refresh.ms = 3600000
	sasl.oauthbearer.jwks.endpoint.retry.backoff.max.ms = 10000
	sasl.oauthbearer.jwks.endpoint.retry.backoff.ms = 100
	sasl.oauthbearer.jwks.endpoint.url = null
	sasl.oauthbearer.scope.claim.name = scope
	sasl.oauthbearer.sub.claim.name = sub
	sasl.oauthbearer.token.endpoint.url = null
	security.protocol = PLAINTEXT
	security.providers = null
	send.buffer.bytes = 131072
	session.timeout.ms = 45000
	socket.connection.setup.timeout.max.ms = 30000
	socket.connection.setup.timeout.ms = 10000
	ssl.cipher.suites = null
	ssl.enabled.protocols = [TLSv1.2, TLSv1.3]
	ssl.endpoint.identification.algorithm = https
	ssl.engine.factory.class = null
	ssl.key.password = null
	ssl.keymanager.algorithm = SunX509
	ssl.keystore.certificate.chain = null
	ssl.keystore.key = null
	ssl.keystore.location = null
	ssl.keystore.password = null
	ssl.keystore.type = JKS
	ssl.protocol = TLSv1.3
	ssl.provider = null
	ssl.secure.random.implementation = null
	ssl.trustmanager.algorithm = PKIX
	ssl.truststore.certificates = null
	ssl.truststore.location = null
	ssl.truststore.password = null
	ssl.truststore.type = JKS
	value.deserializer = class org.apache.kafka.common.serialization.ByteArrayDeserializer

2024-12-26T17:15:36.918+09:00  INFO 23376 --- [main] o.a.kafka.common.utils.AppInfoParser     : Kafka version: 3.3.2
2024-12-26T17:15:36.919+09:00  INFO 23376 --- [main] o.a.kafka.common.utils.AppInfoParser     : Kafka commitId: b66af662e61082cb
2024-12-26T17:15:36.920+09:00  INFO 23376 --- [main] o.a.kafka.common.utils.AppInfoParser     : Kafka startTimeMs: 1735200936918
2024-12-26T17:15:36.930+09:00  INFO 23376 --- [main] org.apache.kafka.clients.Metadata        : [Consumer clientId=consumer-authenticationService-2, groupId=authenticationService] Cluster ID: KvShWAagT26ntNl1f4QkEg
2024-12-26T17:15:36.932+09:00  INFO 23376 --- [main] o.a.k.clients.consumer.KafkaConsumer     : [Consumer clientId=consumer-authenticationService-2, groupId=authenticationService] Subscribed to topic(s): authenticationService
2024-12-26T17:15:36.934+09:00  INFO 23376 --- [main] .t.c.k.EventuateTramKafkaMessageConsumer : Subscribed: subscriberId = authenticationService, channels = [authenticationService]
2024-12-26T17:15:36.934+09:00  INFO 23376 --- [main] i.e.t.c.common.MessageConsumerImpl       : Subscribed: subscriberId = authenticationService, channels = [authenticationService]
2024-12-26T17:15:36.945+09:00  INFO 23376 --- [Eventuate-subscriber-authenticationService] org.apache.kafka.clients.Metadata        : [Consumer clientId=consumer-authenticationService-2, groupId=authenticationService] Resetting the last seen epoch of partition authenticationService-0 to 0 since the associated topicId changed from null to 6tF2ch8aQNGKk_L05NqkXg
2024-12-26T17:15:36.946+09:00  INFO 23376 --- [Eventuate-subscriber-authenticationService] org.apache.kafka.clients.Metadata        : [Consumer clientId=consumer-authenticationService-2, groupId=authenticationService] Resetting the last seen epoch of partition authenticationService-1 to 0 since the associated topicId changed from null to 6tF2ch8aQNGKk_L05NqkXg
2024-12-26T17:15:36.949+09:00  INFO 23376 --- [Eventuate-subscriber-authenticationService] o.a.k.c.c.internals.ConsumerCoordinator  : [Consumer clientId=consumer-authenticationService-2, groupId=authenticationService] Discovered group coordinator localhost:9092 (id: 2147483647 rack: null)
2024-12-26T17:15:36.952+09:00  INFO 23376 --- [Eventuate-subscriber-authenticationService] o.a.k.c.c.internals.ConsumerCoordinator  : [Consumer clientId=consumer-authenticationService-2, groupId=authenticationService] (Re-)joining group
2024-12-26T17:15:36.959+09:00  INFO 23376 --- [Eventuate-subscriber-authenticationService] o.a.k.c.c.internals.ConsumerCoordinator  : [Consumer clientId=consumer-authenticationService-2, groupId=authenticationService] Request joining group due to: need to re-join with the given member-id: consumer-authenticationService-2-21cb9d4a-5de2-4aa8-8c59-f10d0f8956da
2024-12-26T17:15:36.960+09:00  INFO 23376 --- [Eventuate-subscriber-authenticationService] o.a.k.c.c.internals.ConsumerCoordinator  : [Consumer clientId=consumer-authenticationService-2, groupId=authenticationService] Request joining group due to: rebalance failed due to 'The group member needs to have a valid member id before actually entering a consumer group.' (MemberIdRequiredException)
2024-12-26T17:15:36.962+09:00  INFO 23376 --- [Eventuate-subscriber-authenticationService] o.a.k.c.c.internals.ConsumerCoordinator  : [Consumer clientId=consumer-authenticationService-2, groupId=authenticationService] (Re-)joining group
2024-12-26T17:15:36.981+09:00  INFO 23376 --- [main] i.e.t.e.s.DomainEventDispatcher          : Initializing domain event dispatcher
2024-12-26T17:15:36.984+09:00  INFO 23376 --- [main] i.e.t.c.common.MessageConsumerImpl       : Subscribing: subscriberId = , channels = [userService]
2024-12-26T17:15:36.985+09:00  INFO 23376 --- [main] .t.c.k.EventuateTramKafkaMessageConsumer : Subscribing: subscriberId = , channels = [userService]
2024-12-26T17:15:36.986+09:00  INFO 23376 --- [main] o.a.k.clients.consumer.ConsumerConfig    : ConsumerConfig values: 
	allow.auto.create.topics = true
	auto.commit.interval.ms = 5000
	auto.offset.reset = earliest
	bootstrap.servers = [localhost:9092]
	check.crcs = true
	client.dns.lookup = use_all_dns_ips
	client.id = consumer--3
	client.rack = 
	connections.max.idle.ms = 540000
	default.api.timeout.ms = 60000
	enable.auto.commit = false
	exclude.internal.topics = true
	fetch.max.bytes = 52428800
	fetch.max.wait.ms = 500
	fetch.min.bytes = 1
	group.id = 
	group.instance.id = null
	heartbeat.interval.ms = 3000
	interceptor.classes = []
	internal.leave.group.on.close = true
	internal.throw.on.fetch.stable.offset.unsupported = false
	isolation.level = read_uncommitted
	key.deserializer = class org.apache.kafka.common.serialization.StringDeserializer
	max.partition.fetch.bytes = 1048576
	max.poll.interval.ms = 300000
	max.poll.records = 500
	metadata.max.age.ms = 300000
	metric.reporters = []
	metrics.num.samples = 2
	metrics.recording.level = INFO
	metrics.sample.window.ms = 30000
	partition.assignment.strategy = [class org.apache.kafka.clients.consumer.RangeAssignor, class org.apache.kafka.clients.consumer.CooperativeStickyAssignor]
	receive.buffer.bytes = 65536
	reconnect.backoff.max.ms = 1000
	reconnect.backoff.ms = 50
	request.timeout.ms = 30000
	retry.backoff.ms = 100
	sasl.client.callback.handler.class = null
	sasl.jaas.config = null
	sasl.kerberos.kinit.cmd = /usr/bin/kinit
	sasl.kerberos.min.time.before.relogin = 60000
	sasl.kerberos.service.name = null
	sasl.kerberos.ticket.renew.jitter = 0.05
	sasl.kerberos.ticket.renew.window.factor = 0.8
	sasl.login.callback.handler.class = null
	sasl.login.class = null
	sasl.login.connect.timeout.ms = null
	sasl.login.read.timeout.ms = null
	sasl.login.refresh.buffer.seconds = 300
	sasl.login.refresh.min.period.seconds = 60
	sasl.login.refresh.window.factor = 0.8
	sasl.login.refresh.window.jitter = 0.05
	sasl.login.retry.backoff.max.ms = 10000
	sasl.login.retry.backoff.ms = 100
	sasl.mechanism = GSSAPI
	sasl.oauthbearer.clock.skew.seconds = 30
	sasl.oauthbearer.expected.audience = null
	sasl.oauthbearer.expected.issuer = null
	sasl.oauthbearer.jwks.endpoint.refresh.ms = 3600000
	sasl.oauthbearer.jwks.endpoint.retry.backoff.max.ms = 10000
	sasl.oauthbearer.jwks.endpoint.retry.backoff.ms = 100
	sasl.oauthbearer.jwks.endpoint.url = null
	sasl.oauthbearer.scope.claim.name = scope
	sasl.oauthbearer.sub.claim.name = sub
	sasl.oauthbearer.token.endpoint.url = null
	security.protocol = PLAINTEXT
	security.providers = null
	send.buffer.bytes = 131072
	session.timeout.ms = 45000
	socket.connection.setup.timeout.max.ms = 30000
	socket.connection.setup.timeout.ms = 10000
	ssl.cipher.suites = null
	ssl.enabled.protocols = [TLSv1.2, TLSv1.3]
	ssl.endpoint.identification.algorithm = https
	ssl.engine.factory.class = null
	ssl.key.password = null
	ssl.keymanager.algorithm = SunX509
	ssl.keystore.certificate.chain = null
	ssl.keystore.key = null
	ssl.keystore.location = null
	ssl.keystore.password = null
	ssl.keystore.type = JKS
	ssl.protocol = TLSv1.3
	ssl.provider = null
	ssl.secure.random.implementation = null
	ssl.trustmanager.algorithm = PKIX
	ssl.truststore.certificates = null
	ssl.truststore.location = null
	ssl.truststore.password = null
	ssl.truststore.type = JKS
	value.deserializer = class org.apache.kafka.common.serialization.ByteArrayDeserializer

2024-12-26T17:15:36.995+09:00  WARN 23376 --- [main] o.a.k.clients.consumer.KafkaConsumer     : [Consumer clientId=consumer--3, groupId=] Support for using the empty group id by consumers is deprecated and will be removed in the next major release.
2024-12-26T17:15:37.000+09:00  INFO 23376 --- [main] o.a.kafka.common.utils.AppInfoParser     : Kafka version: 3.3.2
2024-12-26T17:15:37.001+09:00  INFO 23376 --- [main] o.a.kafka.common.utils.AppInfoParser     : Kafka commitId: b66af662e61082cb
2024-12-26T17:15:37.002+09:00  INFO 23376 --- [main] o.a.kafka.common.utils.AppInfoParser     : Kafka startTimeMs: 1735200937000
2024-12-26T17:15:37.009+09:00  INFO 23376 --- [main] org.apache.kafka.clients.Metadata        : [Consumer clientId=consumer--3, groupId=] Cluster ID: KvShWAagT26ntNl1f4QkEg
2024-12-26T17:15:37.010+09:00  INFO 23376 --- [main] o.a.k.clients.consumer.KafkaConsumer     : [Consumer clientId=consumer--3, groupId=] Subscribed to topic(s): userService
2024-12-26T17:15:37.012+09:00  INFO 23376 --- [main] .t.c.k.EventuateTramKafkaMessageConsumer : Subscribed: subscriberId = , channels = [userService]
2024-12-26T17:15:37.013+09:00  INFO 23376 --- [main] i.e.t.c.common.MessageConsumerImpl       : Subscribed: subscriberId = , channels = [userService]
2024-12-26T17:15:37.013+09:00  INFO 23376 --- [main] i.e.t.e.s.DomainEventDispatcher          : Initialized domain event dispatcher
2024-12-26T17:15:37.021+09:00  INFO 23376 --- [Eventuate-subscriber-] org.apache.kafka.clients.Metadata        : [Consumer clientId=consumer--3, groupId=] Resetting the last seen epoch of partition userService-0 to 0 since the associated topicId changed from null to 20GEOM33Q_G1SwQC6C2Faw
2024-12-26T17:15:37.022+09:00  INFO 23376 --- [Eventuate-subscriber-] org.apache.kafka.clients.Metadata        : [Consumer clientId=consumer--3, groupId=] Resetting the last seen epoch of partition userService-1 to 0 since the associated topicId changed from null to 20GEOM33Q_G1SwQC6C2Faw
2024-12-26T17:15:37.023+09:00  INFO 23376 --- [Eventuate-subscriber-] o.a.k.c.c.internals.ConsumerCoordinator  : [Consumer clientId=consumer--3, groupId=] Discovered group coordinator localhost:9092 (id: 2147483647 rack: null)
2024-12-26T17:15:37.026+09:00  INFO 23376 --- [Eventuate-subscriber-] o.a.k.c.c.internals.ConsumerCoordinator  : [Consumer clientId=consumer--3, groupId=] (Re-)joining group
2024-12-26T17:15:37.033+09:00 ERROR 23376 --- [Eventuate-subscriber-] o.a.k.c.c.internals.ConsumerCoordinator  : [Consumer clientId=consumer--3, groupId=] JoinGroup failed due to fatal error: The configured groupId is invalid.
2024-12-26T17:15:37.034+09:00  INFO 23376 --- [Eventuate-subscriber-] o.a.k.c.c.internals.ConsumerCoordinator  : [Consumer clientId=consumer--3, groupId=] Request joining group due to: rebalance failed due to 'The configured groupId is invalid.' (InvalidGroupIdException)
2024-12-26T17:15:37.035+09:00 ERROR 23376 --- [Eventuate-subscriber-] i.e.m.k.b.c.EventuateKafkaConsumer       : Got exception: 

org.apache.kafka.common.errors.InvalidGroupIdException: The configured groupId is invalid.

2024-12-26T17:15:37.058+09:00  INFO 23376 --- [Eventuate-subscriber-] o.a.k.c.c.internals.ConsumerCoordinator  : [Consumer clientId=consumer--3, groupId=] Resetting generation and member id due to: consumer pro-actively leaving the group
2024-12-26T17:15:37.059+09:00  INFO 23376 --- [Eventuate-subscriber-] o.a.k.c.c.internals.ConsumerCoordinator  : [Consumer clientId=consumer--3, groupId=] Request joining group due to: consumer pro-actively leaving the group
2024-12-26T17:15:37.060+09:00  INFO 23376 --- [Eventuate-subscriber-] o.apache.kafka.common.metrics.Metrics    : Metrics scheduler closed
2024-12-26T17:15:37.061+09:00  INFO 23376 --- [Eventuate-subscriber-] o.apache.kafka.common.metrics.Metrics    : Closing reporter org.apache.kafka.common.metrics.JmxReporter
2024-12-26T17:15:37.061+09:00  INFO 23376 --- [Eventuate-subscriber-] o.apache.kafka.common.metrics.Metrics    : Metrics reporters closed
2024-12-26T17:15:37.072+09:00  INFO 23376 --- [Eventuate-subscriber-] o.a.kafka.common.utils.AppInfoParser     : App info kafka.consumer for consumer--3 unregistered
2024-12-26T17:15:37.114+09:00  INFO 23376 --- [main] i.e.t.c.common.MessageConsumerImpl       : Subscribing: subscriberId = com.lolclone.authenticationmanagementinfra.sagaorchestrator.saga.SignUpSaga-consumer, channels = [com.lolclone.authenticationmanagementinfra.sagaorchestrator.saga.SignUpSaga-reply]
2024-12-26T17:15:37.116+09:00  INFO 23376 --- [main] .t.c.k.EventuateTramKafkaMessageConsumer : Subscribing: subscriberId = com.lolclone.authenticationmanagementinfra.sagaorchestrator.saga.SignUpSaga-consumer, channels = [com.lolclone.authenticationmanagementinfra.sagaorchestrator.saga.SignUpSaga-reply]
2024-12-26T17:15:37.117+09:00  INFO 23376 --- [main] o.a.k.clients.consumer.ConsumerConfig    : ConsumerConfig values: 
	allow.auto.create.topics = true
	auto.commit.interval.ms = 5000
	auto.offset.reset = earliest
	bootstrap.servers = [localhost:9092]
	check.crcs = true
	client.dns.lookup = use_all_dns_ips
	client.id = consumer-com.lolclone.authenticationmanagementinfra.sagaorchestrator.saga.SignUpSaga-consumer-4
	client.rack = 
	connections.max.idle.ms = 540000
	default.api.timeout.ms = 60000
	enable.auto.commit = false
	exclude.internal.topics = true
	fetch.max.bytes = 52428800
	fetch.max.wait.ms = 500
	fetch.min.bytes = 1
	group.id = com.lolclone.authenticationmanagementinfra.sagaorchestrator.saga.SignUpSaga-consumer
	group.instance.id = null
	heartbeat.interval.ms = 3000
	interceptor.classes = []
	internal.leave.group.on.close = true
	internal.throw.on.fetch.stable.offset.unsupported = false
	isolation.level = read_uncommitted
	key.deserializer = class org.apache.kafka.common.serialization.StringDeserializer
	max.partition.fetch.bytes = 1048576
	max.poll.interval.ms = 300000
	max.poll.records = 500
	metadata.max.age.ms = 300000
	metric.reporters = []
	metrics.num.samples = 2
	metrics.recording.level = INFO
	metrics.sample.window.ms = 30000
	partition.assignment.strategy = [class org.apache.kafka.clients.consumer.RangeAssignor, class org.apache.kafka.clients.consumer.CooperativeStickyAssignor]
	receive.buffer.bytes = 65536
	reconnect.backoff.max.ms = 1000
	reconnect.backoff.ms = 50
	request.timeout.ms = 30000
	retry.backoff.ms = 100
	sasl.client.callback.handler.class = null
	sasl.jaas.config = null
	sasl.kerberos.kinit.cmd = /usr/bin/kinit
	sasl.kerberos.min.time.before.relogin = 60000
	sasl.kerberos.service.name = null
	sasl.kerberos.ticket.renew.jitter = 0.05
	sasl.kerberos.ticket.renew.window.factor = 0.8
	sasl.login.callback.handler.class = null
	sasl.login.class = null
	sasl.login.connect.timeout.ms = null
	sasl.login.read.timeout.ms = null
	sasl.login.refresh.buffer.seconds = 300
	sasl.login.refresh.min.period.seconds = 60
	sasl.login.refresh.window.factor = 0.8
	sasl.login.refresh.window.jitter = 0.05
	sasl.login.retry.backoff.max.ms = 10000
	sasl.login.retry.backoff.ms = 100
	sasl.mechanism = GSSAPI
	sasl.oauthbearer.clock.skew.seconds = 30
	sasl.oauthbearer.expected.audience = null
	sasl.oauthbearer.expected.issuer = null
	sasl.oauthbearer.jwks.endpoint.refresh.ms = 3600000
	sasl.oauthbearer.jwks.endpoint.retry.backoff.max.ms = 10000
	sasl.oauthbearer.jwks.endpoint.retry.backoff.ms = 100
	sasl.oauthbearer.jwks.endpoint.url = null
	sasl.oauthbearer.scope.claim.name = scope
	sasl.oauthbearer.sub.claim.name = sub
	sasl.oauthbearer.token.endpoint.url = null
	security.protocol = PLAINTEXT
	security.providers = null
	send.buffer.bytes = 131072
	session.timeout.ms = 45000
	socket.connection.setup.timeout.max.ms = 30000
	socket.connection.setup.timeout.ms = 10000
	ssl.cipher.suites = null
	ssl.enabled.protocols = [TLSv1.2, TLSv1.3]
	ssl.endpoint.identification.algorithm = https
	ssl.engine.factory.class = null
	ssl.key.password = null
	ssl.keymanager.algorithm = SunX509
	ssl.keystore.certificate.chain = null
	ssl.keystore.key = null
	ssl.keystore.location = null
	ssl.keystore.password = null
	ssl.keystore.type = JKS
	ssl.protocol = TLSv1.3
	ssl.provider = null
	ssl.secure.random.implementation = null
	ssl.trustmanager.algorithm = PKIX
	ssl.truststore.certificates = null
	ssl.truststore.location = null
	ssl.truststore.password = null
	ssl.truststore.type = JKS
	value.deserializer = class org.apache.kafka.common.serialization.ByteArrayDeserializer

2024-12-26T17:15:37.127+09:00  INFO 23376 --- [main] o.a.kafka.common.utils.AppInfoParser     : Kafka version: 3.3.2
2024-12-26T17:15:37.127+09:00  INFO 23376 --- [main] o.a.kafka.common.utils.AppInfoParser     : Kafka commitId: b66af662e61082cb
2024-12-26T17:15:37.128+09:00  INFO 23376 --- [main] o.a.kafka.common.utils.AppInfoParser     : Kafka startTimeMs: 1735200937127
2024-12-26T17:15:37.135+09:00  INFO 23376 --- [main] org.apache.kafka.clients.Metadata        : [Consumer clientId=consumer-com.lolclone.authenticationmanagementinfra.sagaorchestrator.saga.SignUpSaga-consumer-4, groupId=com.lolclone.authenticationmanagementinfra.sagaorchestrator.saga.SignUpSaga-consumer] Cluster ID: KvShWAagT26ntNl1f4QkEg
2024-12-26T17:15:37.136+09:00  INFO 23376 --- [main] o.a.k.clients.consumer.KafkaConsumer     : [Consumer clientId=consumer-com.lolclone.authenticationmanagementinfra.sagaorchestrator.saga.SignUpSaga-consumer-4, groupId=com.lolclone.authenticationmanagementinfra.sagaorchestrator.saga.SignUpSaga-consumer] Subscribed to topic(s): com.lolclone.authenticationmanagementinfra.sagaorchestrator.saga.SignUpSaga-reply
2024-12-26T17:15:37.138+09:00  INFO 23376 --- [main] .t.c.k.EventuateTramKafkaMessageConsumer : Subscribed: subscriberId = com.lolclone.authenticationmanagementinfra.sagaorchestrator.saga.SignUpSaga-consumer, channels = [com.lolclone.authenticationmanagementinfra.sagaorchestrator.saga.SignUpSaga-reply]
2024-12-26T17:15:37.139+09:00  INFO 23376 --- [main] i.e.t.c.common.MessageConsumerImpl       : Subscribed: subscriberId = com.lolclone.authenticationmanagementinfra.sagaorchestrator.saga.SignUpSaga-consumer, channels = [com.lolclone.authenticationmanagementinfra.sagaorchestrator.saga.SignUpSaga-reply]
2024-12-26T17:15:37.146+09:00  INFO 23376 --- [Eventuate-subscriber-com.lolclone.authenticationmanagementinfra.sagaorchestrator.saga.SignUpSaga-consumer] org.apache.kafka.clients.Metadata        : [Consumer clientId=consumer-com.lolclone.authenticationmanagementinfra.sagaorchestrator.saga.SignUpSaga-consumer-4, groupId=com.lolclone.authenticationmanagementinfra.sagaorchestrator.saga.SignUpSaga-consumer] Resetting the last seen epoch of partition com.lolclone.authenticationmanagementinfra.sagaorchestrator.saga.SignUpSaga-reply-0 to 0 since the associated topicId changed from null to iUZZcpfETtSBSTc7mIXwng
2024-12-26T17:15:37.148+09:00  INFO 23376 --- [Eventuate-subscriber-com.lolclone.authenticationmanagementinfra.sagaorchestrator.saga.SignUpSaga-consumer] org.apache.kafka.clients.Metadata        : [Consumer clientId=consumer-com.lolclone.authenticationmanagementinfra.sagaorchestrator.saga.SignUpSaga-consumer-4, groupId=com.lolclone.authenticationmanagementinfra.sagaorchestrator.saga.SignUpSaga-consumer] Resetting the last seen epoch of partition com.lolclone.authenticationmanagementinfra.sagaorchestrator.saga.SignUpSaga-reply-1 to 0 since the associated topicId changed from null to iUZZcpfETtSBSTc7mIXwng
2024-12-26T17:15:37.149+09:00  INFO 23376 --- [Eventuate-subscriber-com.lolclone.authenticationmanagementinfra.sagaorchestrator.saga.SignUpSaga-consumer] o.a.k.c.c.internals.ConsumerCoordinator  : [Consumer clientId=consumer-com.lolclone.authenticationmanagementinfra.sagaorchestrator.saga.SignUpSaga-consumer-4, groupId=com.lolclone.authenticationmanagementinfra.sagaorchestrator.saga.SignUpSaga-consumer] Discovered group coordinator localhost:9092 (id: 2147483647 rack: null)
2024-12-26T17:15:37.151+09:00  INFO 23376 --- [Eventuate-subscriber-com.lolclone.authenticationmanagementinfra.sagaorchestrator.saga.SignUpSaga-consumer] o.a.k.c.c.internals.ConsumerCoordinator  : [Consumer clientId=consumer-com.lolclone.authenticationmanagementinfra.sagaorchestrator.saga.SignUpSaga-consumer-4, groupId=com.lolclone.authenticationmanagementinfra.sagaorchestrator.saga.SignUpSaga-consumer] (Re-)joining group
2024-12-26T17:15:37.159+09:00  INFO 23376 --- [Eventuate-subscriber-com.lolclone.authenticationmanagementinfra.sagaorchestrator.saga.SignUpSaga-consumer] o.a.k.c.c.internals.ConsumerCoordinator  : [Consumer clientId=consumer-com.lolclone.authenticationmanagementinfra.sagaorchestrator.saga.SignUpSaga-consumer-4, groupId=com.lolclone.authenticationmanagementinfra.sagaorchestrator.saga.SignUpSaga-consumer] Request joining group due to: need to re-join with the given member-id: consumer-com.lolclone.authenticationmanagementinfra.sagaorchestrator.saga.SignUpSaga-consumer-4-48609ead-4e13-47e4-b0e8-4afaf4eda308
2024-12-26T17:15:37.161+09:00  INFO 23376 --- [Eventuate-subscriber-com.lolclone.authenticationmanagementinfra.sagaorchestrator.saga.SignUpSaga-consumer] o.a.k.c.c.internals.ConsumerCoordinator  : [Consumer clientId=consumer-com.lolclone.authenticationmanagementinfra.sagaorchestrator.saga.SignUpSaga-consumer-4, groupId=com.lolclone.authenticationmanagementinfra.sagaorchestrator.saga.SignUpSaga-consumer] Request joining group due to: rebalance failed due to 'The group member needs to have a valid member id before actually entering a consumer group.' (MemberIdRequiredException)
2024-12-26T17:15:37.162+09:00  INFO 23376 --- [Eventuate-subscriber-com.lolclone.authenticationmanagementinfra.sagaorchestrator.saga.SignUpSaga-consumer] o.a.k.c.c.internals.ConsumerCoordinator  : [Consumer clientId=consumer-com.lolclone.authenticationmanagementinfra.sagaorchestrator.saga.SignUpSaga-consumer-4, groupId=com.lolclone.authenticationmanagementinfra.sagaorchestrator.saga.SignUpSaga-consumer] (Re-)joining group
2024-12-26T17:15:38.735+09:00  INFO 23376 --- [main] o.s.b.a.e.web.EndpointLinksResolver      : Exposing 1 endpoint(s) beneath base path '/actuator'
2024-12-26T17:15:38.965+09:00  INFO 23376 --- [main] o.s.b.w.embedded.tomcat.TomcatWebServer  : Tomcat started on port(s): 6001 (http) with context path ''
2024-12-26T17:15:38.989+09:00  INFO 23376 --- [main] AuthenticationManagementInfraApplication : Started AuthenticationManagementInfraApplication in 15.936 seconds (process running for 17.361)
2024-12-26T17:15:55.562+09:00  INFO 23376 --- [Eventuate-subscriber-authenticationService] o.a.k.c.c.internals.ConsumerCoordinator  : [Consumer clientId=consumer-authenticationService-2, groupId=authenticationService] Successfully joined group with generation Generation{generationId=4, memberId='consumer-authenticationService-2-21cb9d4a-5de2-4aa8-8c59-f10d0f8956da', protocol='range'}
2024-12-26T17:15:55.566+09:00  INFO 23376 --- [Eventuate-subscriber-authenticationService] o.a.k.c.c.internals.ConsumerCoordinator  : [Consumer clientId=consumer-authenticationService-2, groupId=authenticationService] Finished assignment for group at generation 4: {consumer-authenticationService-2-21cb9d4a-5de2-4aa8-8c59-f10d0f8956da=Assignment(partitions=[authenticationService-0, authenticationService-1])}
2024-12-26T17:15:55.576+09:00  INFO 23376 --- [Eventuate-subscriber-authenticationService] o.a.k.c.c.internals.ConsumerCoordinator  : [Consumer clientId=consumer-authenticationService-2, groupId=authenticationService] Successfully synced group in generation Generation{generationId=4, memberId='consumer-authenticationService-2-21cb9d4a-5de2-4aa8-8c59-f10d0f8956da', protocol='range'}
2024-12-26T17:15:55.578+09:00  INFO 23376 --- [Eventuate-subscriber-authenticationService] o.a.k.c.c.internals.ConsumerCoordinator  : [Consumer clientId=consumer-authenticationService-2, groupId=authenticationService] Notifying assignor about the new Assignment(partitions=[authenticationService-0, authenticationService-1])
2024-12-26T17:15:55.580+09:00  INFO 23376 --- [Eventuate-subscriber-authenticationService] o.a.k.c.c.internals.ConsumerCoordinator  : [Consumer clientId=consumer-authenticationService-2, groupId=authenticationService] Adding newly assigned partitions: authenticationService-0, authenticationService-1
2024-12-26T17:15:55.591+09:00  INFO 23376 --- [Eventuate-subscriber-authenticationService] o.a.k.c.c.internals.ConsumerCoordinator  : [Consumer clientId=consumer-authenticationService-2, groupId=authenticationService] Found no committed offset for partition authenticationService-0
2024-12-26T17:15:55.591+09:00  INFO 23376 --- [Eventuate-subscriber-authenticationService] o.a.k.c.c.internals.ConsumerCoordinator  : [Consumer clientId=consumer-authenticationService-2, groupId=authenticationService] Found no committed offset for partition authenticationService-1
2024-12-26T17:15:55.600+09:00  INFO 23376 --- [Eventuate-subscriber-authenticationService] o.a.k.c.c.internals.SubscriptionState    : [Consumer clientId=consumer-authenticationService-2, groupId=authenticationService] Resetting offset for partition authenticationService-0 to position FetchPosition{offset=0, offsetEpoch=Optional.empty, currentLeader=LeaderAndEpoch{leader=Optional[localhost:9092 (id: 0 rack: null)], epoch=0}}.
2024-12-26T17:15:55.603+09:00  INFO 23376 --- [Eventuate-subscriber-authenticationService] o.a.k.c.c.internals.SubscriptionState    : [Consumer clientId=consumer-authenticationService-2, groupId=authenticationService] Resetting offset for partition authenticationService-1 to position FetchPosition{offset=0, offsetEpoch=Optional.empty, currentLeader=LeaderAndEpoch{leader=Optional[localhost:9092 (id: 0 rack: null)], epoch=0}}.
2024-12-26T17:15:58.170+09:00  INFO 23376 --- [Eventuate-subscriber-com.lolclone.authenticationmanagementinfra.sagaorchestrator.saga.SignUpSaga-consumer] o.a.k.c.c.internals.ConsumerCoordinator  : [Consumer clientId=consumer-com.lolclone.authenticationmanagementinfra.sagaorchestrator.saga.SignUpSaga-consumer-1, groupId=com.lolclone.authenticationmanagementinfra.sagaorchestrator.saga.SignUpSaga-consumer] Successfully joined group with generation Generation{generationId=4, memberId='consumer-com.lolclone.authenticationmanagementinfra.sagaorchestrator.saga.SignUpSaga-consumer-1-0c7aee4b-5eeb-447c-9ef7-29d89a3156c1', protocol='range'}
2024-12-26T17:15:58.170+09:00  INFO 23376 --- [Eventuate-subscriber-com.lolclone.authenticationmanagementinfra.sagaorchestrator.saga.SignUpSaga-consumer] o.a.k.c.c.internals.ConsumerCoordinator  : [Consumer clientId=consumer-com.lolclone.authenticationmanagementinfra.sagaorchestrator.saga.SignUpSaga-consumer-4, groupId=com.lolclone.authenticationmanagementinfra.sagaorchestrator.saga.SignUpSaga-consumer] Successfully joined group with generation Generation{generationId=4, memberId='consumer-com.lolclone.authenticationmanagementinfra.sagaorchestrator.saga.SignUpSaga-consumer-4-48609ead-4e13-47e4-b0e8-4afaf4eda308', protocol='range'}
2024-12-26T17:15:58.175+09:00  INFO 23376 --- [Eventuate-subscriber-com.lolclone.authenticationmanagementinfra.sagaorchestrator.saga.SignUpSaga-consumer] o.a.k.c.c.internals.ConsumerCoordinator  : [Consumer clientId=consumer-com.lolclone.authenticationmanagementinfra.sagaorchestrator.saga.SignUpSaga-consumer-4, groupId=com.lolclone.authenticationmanagementinfra.sagaorchestrator.saga.SignUpSaga-consumer] Finished assignment for group at generation 4: {consumer-com.lolclone.authenticationmanagementinfra.sagaorchestrator.saga.SignUpSaga-consumer-4-48609ead-4e13-47e4-b0e8-4afaf4eda308=Assignment(partitions=[com.lolclone.authenticationmanagementinfra.sagaorchestrator.saga.SignUpSaga-reply-1]), consumer-com.lolclone.authenticationmanagementinfra.sagaorchestrator.saga.SignUpSaga-consumer-1-0c7aee4b-5eeb-447c-9ef7-29d89a3156c1=Assignment(partitions=[com.lolclone.authenticationmanagementinfra.sagaorchestrator.saga.SignUpSaga-reply-0])}
2024-12-26T17:15:58.181+09:00  INFO 23376 --- [Eventuate-subscriber-com.lolclone.authenticationmanagementinfra.sagaorchestrator.saga.SignUpSaga-consumer] o.a.k.c.c.internals.ConsumerCoordinator  : [Consumer clientId=consumer-com.lolclone.authenticationmanagementinfra.sagaorchestrator.saga.SignUpSaga-consumer-1, groupId=com.lolclone.authenticationmanagementinfra.sagaorchestrator.saga.SignUpSaga-consumer] Successfully synced group in generation Generation{generationId=4, memberId='consumer-com.lolclone.authenticationmanagementinfra.sagaorchestrator.saga.SignUpSaga-consumer-1-0c7aee4b-5eeb-447c-9ef7-29d89a3156c1', protocol='range'}
2024-12-26T17:15:58.181+09:00  INFO 23376 --- [Eventuate-subscriber-com.lolclone.authenticationmanagementinfra.sagaorchestrator.saga.SignUpSaga-consumer] o.a.k.c.c.internals.ConsumerCoordinator  : [Consumer clientId=consumer-com.lolclone.authenticationmanagementinfra.sagaorchestrator.saga.SignUpSaga-consumer-4, groupId=com.lolclone.authenticationmanagementinfra.sagaorchestrator.saga.SignUpSaga-consumer] Successfully synced group in generation Generation{generationId=4, memberId='consumer-com.lolclone.authenticationmanagementinfra.sagaorchestrator.saga.SignUpSaga-consumer-4-48609ead-4e13-47e4-b0e8-4afaf4eda308', protocol='range'}
2024-12-26T17:15:58.182+09:00  INFO 23376 --- [Eventuate-subscriber-com.lolclone.authenticationmanagementinfra.sagaorchestrator.saga.SignUpSaga-consumer] o.a.k.c.c.internals.ConsumerCoordinator  : [Consumer clientId=consumer-com.lolclone.authenticationmanagementinfra.sagaorchestrator.saga.SignUpSaga-consumer-1, groupId=com.lolclone.authenticationmanagementinfra.sagaorchestrator.saga.SignUpSaga-consumer] Notifying assignor about the new Assignment(partitions=[com.lolclone.authenticationmanagementinfra.sagaorchestrator.saga.SignUpSaga-reply-0])
2024-12-26T17:15:58.184+09:00  INFO 23376 --- [Eventuate-subscriber-com.lolclone.authenticationmanagementinfra.sagaorchestrator.saga.SignUpSaga-consumer] o.a.k.c.c.internals.ConsumerCoordinator  : [Consumer clientId=consumer-com.lolclone.authenticationmanagementinfra.sagaorchestrator.saga.SignUpSaga-consumer-4, groupId=com.lolclone.authenticationmanagementinfra.sagaorchestrator.saga.SignUpSaga-consumer] Notifying assignor about the new Assignment(partitions=[com.lolclone.authenticationmanagementinfra.sagaorchestrator.saga.SignUpSaga-reply-1])
2024-12-26T17:15:58.184+09:00  INFO 23376 --- [Eventuate-subscriber-com.lolclone.authenticationmanagementinfra.sagaorchestrator.saga.SignUpSaga-consumer] o.a.k.c.c.internals.ConsumerCoordinator  : [Consumer clientId=consumer-com.lolclone.authenticationmanagementinfra.sagaorchestrator.saga.SignUpSaga-consumer-1, groupId=com.lolclone.authenticationmanagementinfra.sagaorchestrator.saga.SignUpSaga-consumer] Adding newly assigned partitions: com.lolclone.authenticationmanagementinfra.sagaorchestrator.saga.SignUpSaga-reply-0
2024-12-26T17:15:58.184+09:00  INFO 23376 --- [Eventuate-subscriber-com.lolclone.authenticationmanagementinfra.sagaorchestrator.saga.SignUpSaga-consumer] o.a.k.c.c.internals.ConsumerCoordinator  : [Consumer clientId=consumer-com.lolclone.authenticationmanagementinfra.sagaorchestrator.saga.SignUpSaga-consumer-4, groupId=com.lolclone.authenticationmanagementinfra.sagaorchestrator.saga.SignUpSaga-consumer] Adding newly assigned partitions: com.lolclone.authenticationmanagementinfra.sagaorchestrator.saga.SignUpSaga-reply-1
2024-12-26T17:15:58.188+09:00  INFO 23376 --- [Eventuate-subscriber-com.lolclone.authenticationmanagementinfra.sagaorchestrator.saga.SignUpSaga-consumer] o.a.k.c.c.internals.ConsumerCoordinator  : [Consumer clientId=consumer-com.lolclone.authenticationmanagementinfra.sagaorchestrator.saga.SignUpSaga-consumer-1, groupId=com.lolclone.authenticationmanagementinfra.sagaorchestrator.saga.SignUpSaga-consumer] Found no committed offset for partition com.lolclone.authenticationmanagementinfra.sagaorchestrator.saga.SignUpSaga-reply-0
2024-12-26T17:15:58.188+09:00  INFO 23376 --- [Eventuate-subscriber-com.lolclone.authenticationmanagementinfra.sagaorchestrator.saga.SignUpSaga-consumer] o.a.k.c.c.internals.ConsumerCoordinator  : [Consumer clientId=consumer-com.lolclone.authenticationmanagementinfra.sagaorchestrator.saga.SignUpSaga-consumer-4, groupId=com.lolclone.authenticationmanagementinfra.sagaorchestrator.saga.SignUpSaga-consumer] Found no committed offset for partition com.lolclone.authenticationmanagementinfra.sagaorchestrator.saga.SignUpSaga-reply-1
2024-12-26T17:15:58.192+09:00  INFO 23376 --- [Eventuate-subscriber-com.lolclone.authenticationmanagementinfra.sagaorchestrator.saga.SignUpSaga-consumer] o.a.k.c.c.internals.SubscriptionState    : [Consumer clientId=consumer-com.lolclone.authenticationmanagementinfra.sagaorchestrator.saga.SignUpSaga-consumer-1, groupId=com.lolclone.authenticationmanagementinfra.sagaorchestrator.saga.SignUpSaga-consumer] Resetting offset for partition com.lolclone.authenticationmanagementinfra.sagaorchestrator.saga.SignUpSaga-reply-0 to position FetchPosition{offset=0, offsetEpoch=Optional.empty, currentLeader=LeaderAndEpoch{leader=Optional[localhost:9092 (id: 0 rack: null)], epoch=0}}.
2024-12-26T17:15:58.193+09:00  INFO 23376 --- [Eventuate-subscriber-com.lolclone.authenticationmanagementinfra.sagaorchestrator.saga.SignUpSaga-consumer] o.a.k.c.c.internals.SubscriptionState    : [Consumer clientId=consumer-com.lolclone.authenticationmanagementinfra.sagaorchestrator.saga.SignUpSaga-consumer-4, groupId=com.lolclone.authenticationmanagementinfra.sagaorchestrator.saga.SignUpSaga-consumer] Resetting offset for partition com.lolclone.authenticationmanagementinfra.sagaorchestrator.saga.SignUpSaga-reply-1 to position FetchPosition{offset=0, offsetEpoch=Optional.empty, currentLeader=LeaderAndEpoch{leader=Optional[localhost:9092 (id: 0 rack: null)], epoch=0}}.
2024-12-26T17:17:54.118+09:00  INFO 23376 --- [http-nio-6001-exec-3] o.a.c.c.C.[Tomcat].[localhost].[/]       : Initializing Spring DispatcherServlet 'dispatcherServlet'
2024-12-26T17:17:54.119+09:00  INFO 23376 --- [http-nio-6001-exec-3] o.s.web.servlet.DispatcherServlet        : Initializing Servlet 'dispatcherServlet'
2024-12-26T17:17:54.122+09:00  INFO 23376 --- [http-nio-6001-exec-3] o.s.web.servlet.DispatcherServlet        : Completed initialization in 1 ms
2024-12-26T17:17:55.143+09:00  INFO 23376 --- [http-nio-6001-exec-3] c.l.a.s.application.UserAuthService      : 사가 만들기 유저id:8cb7dd63-4a58-489f-997e-d4b8b0e57c83, 유저 이름: test
2024-12-26T17:17:55.289+09:00 ERROR 23376 --- [http-nio-6001-exec-3] ErrorLogger                              : 
[?ERROR] - (POST /api/v1/auth/signup)
(id: null, role: ANONYMOUS)

java.lang.RuntimeException: com.fasterxml.jackson.databind.JsonMappingException: Infinite recursion (StackOverflowError) (through reference chain: ch.qos.logback.classic.LoggerContext["copyOfListenerList"]->java.util.ArrayList[0]->ch.qos.logback.classic.jul.LevelChangePropagator["context"]->ch.qos.logback.classic.LoggerContext["copyOfListenerList"]->java.util.ArrayList[0]->ch.qos.logback.classic.jul.LevelChangePropagator["context"]->ch.qos.logback.classic.LoggerContext["copyOfListenerList"]->java.util.ArrayList[0]->ch.qos.logback.classic.jul.LevelChangePropagator["context"]->ch.qos.logback.classic.LoggerContext["copyOfListenerList"]->java.util.ArrayList[0]->ch.qos.logback.classic.jul.LevelChangePropagator["context"]->ch.qos.logback.classic.LoggerContext["copyOfListenerList"]->java.util.ArrayList[0]->ch.qos.logback.classic.jul.LevelChangePropagator["context"]->ch.qos.logback.classic.LoggerContext["copyOfListenerList"]->java.util.ArrayList[0]->ch.qos.logback.classic.jul.LevelChangePropagator["context"]->ch.qos.logback.classic.LoggerContext["copyOfListenerList"]->java.util.ArrayList[0]->ch.qos.logback.classic.jul.LevelChangePropagator["context"]->ch.qos.logback.classic.LoggerContext["copyOfListenerList"]->java.util.ArrayList[0]->ch.qos.logback.classic.jul.LevelChangePropagator["context"]->ch.qos.logback.classic.LoggerContext["copyOfListenerList"]->java.util.ArrayList[0]->ch.qos.logback.classic.jul.LevelChangePropagator["context"]->ch.qos.logback.classic.LoggerContext["copyOfListenerList"]->java.util.ArrayList[0]->ch.qos.logback.classic.jul.LevelChangePropagator["context"]->ch.qos.logback.classic.LoggerContext["copyOfListenerList"]->java.util.ArrayList[0]->ch.qos.logback.classic.jul.LevelChangePropagator["context"]->ch.qos.logback.classic.LoggerContext["copyOfListenerList"]->java.util.ArrayList[0]->ch.qos.logback.classic.jul.LevelChangePropagator["context"]->ch.qos.logback.classic.LoggerContext["copyOfListenerList"]->java.util.ArrayList[0]->ch.qos.logback.classic.jul.LevelChangePropagator["context"]->ch.qos.logback.classic.LoggerContext["copyOfListenerList"]->java.util.ArrayList[0]->ch.qos.logback.classic.jul.LevelChangePropagator["context"]->ch.qos.logback.classic.LoggerContext["copyOfListenerList"]->java.util.ArrayList[0]->ch.qos.logback.classic.jul.LevelChangePropagator["context"]->ch.qos.logback.classic.LoggerContext["copyOfListenerList"]->java.util.ArrayList[0]->ch.qos.logback.classic.jul.LevelChangePropagator["context"]->ch.qos.logback.classic.LoggerContext["copyOfListenerList"]->java.util.ArrayList[0]->ch.qos.logback.classic.jul.LevelChangePropagator["context"]->ch.qos.logback.classic.LoggerContext["copyOfListenerList"]->java.util.ArrayList[0]->ch.qos.logback.classic.jul.LevelChangePropagator["context"]->ch.qos.logback.classic.LoggerContext["copyOfListenerList"]->java.util.ArrayList[0]->ch.qos.logback.classic.jul.LevelChangePropagator["context"]->ch.qos.logback.classic.LoggerContext["copyOfListenerList"]->java.util.ArrayList[0]->ch.qos.logback.classic.jul.LevelChangePropagator["context"]->ch.qos.logback.classic.LoggerContext["copyOfListenerList"]->java.util.ArrayList[0]->ch.qos.logback.classic.jul.LevelChangePropagator["context"]->ch.qos.logback.classic.LoggerContext["copyOfListenerList"]->java.util.ArrayList[0]->ch.qos.logback.classic.jul.LevelChangePropagator["context"]->ch.qos.logback.classic.LoggerContext["copyOfListenerList"]->java.util.ArrayList[0]->ch.qos.logback.classic.jul.LevelChangePropagator["context"]->ch.qos.logback.classic.LoggerContext["copyOfListenerList"]->java.util.ArrayList[0]->ch.qos.logback.classic.jul.LevelChangePropagator["context"]->ch.qos.logback.classic.LoggerContext["copyOfListenerList"]->java.util.ArrayList[0]->ch.qos.logback.classic.jul.LevelChangePropagator["context"]->ch.qos.logback.classic.LoggerContext["copyOfListenerList"]->java.util.ArrayList[0]->ch.qos.logback.classic.jul.LevelChangePropagator["context"]->ch.qos.logback.classic.LoggerContext["copyOfListenerList"]->java.util.ArrayList[0]->ch.qos.logback.classic.jul.LevelChangePropagator["context"]->ch.qos.logback.classic.LoggerContext["copyOfListenerList"]->java.util.ArrayList[0]->ch.qos.logback.classic.jul.LevelChangePropagator["context"]->ch.qos.logback.classic.LoggerContext["copyOfListenerList"]->java.util.ArrayList[0]->ch.qos.logback.classic.jul.LevelChangePropagator["context"]->ch.qos.logback.classic.LoggerContext["copyOfListenerList"]->java.util.ArrayList[0]->ch.qos.logback.classic.jul.LevelChangePropagator["context"]->ch.qos.logback.classic.LoggerContext["copyOfListenerList"]->java.util.ArrayList[0]->ch.qos.logback.classic.jul.LevelChangePropagator["context"]->ch.qos.logback.classic.LoggerContext["copyOfListenerList"]->java.util.ArrayList[0]->ch.qos.logback.classic.jul.LevelChangePropagator["context"]->ch.qos.logback.classic.LoggerContext["copyOfListenerList"]->java.util.ArrayList[0]->ch.qos.logback.classic.jul.LevelChangePropagator["context"]->ch.qos.logback.classic.LoggerContext["copyOfListenerList"]->java.util.ArrayList[0]->ch.qos.logback.classic.jul.LevelChangePropagator["context"]->ch.qos.logback.classic.LoggerContext["copyOfListenerList"]->java.util.ArrayList[0]->ch.qos.logback.classic.jul.LevelChangePropagator["context"]->ch.qos.logback.classic.LoggerContext["copyOfListenerList"]->java.util.ArrayList[0]->ch.qos.logback.classic.jul.LevelChangePropagator["context"]->ch.qos.logback.classic.LoggerContext["copyOfListenerList"]->java.util.ArrayList[0]->ch.qos.logback.classic.jul.LevelChangePropagator["context"]->ch.qos.logback.classic.LoggerContext["copyOfListenerList"]->java.util.ArrayList[0]->ch.qos.logback.classic.jul.LevelChangePropagator["context"]->ch.qos.logback.classic.LoggerContext["copyOfListenerList"]->java.util.ArrayList[0]->ch.qos.logback.classic.jul.LevelChangePropagator["context"]->ch.qos.logback.classic.LoggerContext["copyOfListenerList"]->java.util.ArrayList[0]->ch.qos.logback.classic.jul.LevelChangePropagator["context"]->ch.qos.logback.classic.LoggerContext["copyOfListenerList"]->java.util.ArrayList[0]->ch.qos.logback.classic.jul.LevelChangePropagator["context"]->ch.qos.logback.classic.LoggerContext["copyOfListenerList"]->java.util.ArrayList[0]->ch.qos.logback.classic.jul.LevelChangePropagator["context"]->ch.qos.logback.classic.LoggerContext["copyOfListenerList"]->java.util.ArrayList[0]->ch.qos.logback.classic.jul.LevelChangePropagator["context"]->ch.qos.logback.classic.LoggerContext["copyOfListenerList"]->java.util.ArrayList[0]->ch.qos.logback.classic.jul.LevelChangePropagator["context"]->ch.qos.logback.classic.LoggerContext["copyOfListenerList"]->java.util.ArrayList[0]->ch.qos.logback.classic.jul.LevelChangePropagator["context"]->ch.qos.logback.classic.LoggerContext["copyOfListenerList"]->java.util.ArrayList[0]->ch.qos.logback.classic.jul.LevelChangePropagator["context"]->ch.qos.logback.classic.LoggerContext["copyOfListenerList"]->java.util.ArrayList[0]->ch.qos.logback.classic.jul.LevelChangePropagator["context"]->ch.qos.logback.classic.LoggerContext["copyOfListenerList"]->java.util.ArrayList[0]->ch.qos.logback.classic.jul.LevelChangePropagator["context"]->ch.qos.logback.classic.LoggerContext["copyOfListenerList"]->java.util.ArrayList[0]->ch.qos.logback.classic.jul.LevelChangePropagator["context"]->ch.qos.logback.classic.LoggerContext["copyOfListenerList"]->java.util.ArrayList[0]->ch.qos.logback.classic.jul.LevelChangePropagator["context"]->ch.qos.logback.classic.LoggerContext["copyOfListenerList"]->java.util.ArrayList[0]->ch.qos.logback.classic.jul.LevelChangePropagator["context"]->ch.qos.logback.classic.LoggerContext["copyOfListenerList"]->java.util.ArrayList[0]->ch.qos.logback.classic.jul.LevelChangePropagator["context"]->ch.qos.logback.classic.LoggerContext["copyOfListenerList"]->java.util.ArrayList[0]->ch.qos.logback.classic.jul.LevelChangePropagator["context"]->ch.qos.logback.classic.LoggerContext["copyOfListenerList"]->java.util.ArrayList[0]->ch.qos.logback.classic.jul.LevelChangePropagator["context"]->ch.qos.logback.classic.LoggerContext["copyOfListenerList"]->java.util.ArrayList[0]->ch.qos.logback.classic.jul.LevelChangePropagator["context"]->ch.qos.logback.classic.LoggerContext["copyOfListenerList"]->java.util.ArrayList[0]->ch.qos.logback.classic.jul.LevelChangePropagator["context"]->ch.qos.logback.classic.LoggerContext["copyOfListenerList"]->java.util.ArrayList[0]->ch.qos.logback.classic.jul.LevelChangePropagator["context"]->ch.qos.logback.classic.LoggerContext["copyOfListenerList"]->java.util.ArrayList[0]->ch.qos.logback.classic.jul.LevelChangePropagator["context"]->ch.qos.logback.classic.LoggerContext["copyOfListenerList"]->java.util.ArrayList[0]->ch.qos.logback.classic.jul.LevelChangePropagator["context"]->ch.qos.logback.classic.LoggerContext["copyOfListenerList"]->java.util.ArrayList[0]->ch.qos.logback.classic.jul.LevelChangePropagator["context"]->ch.qos.logback.classic.LoggerContext["copyOfListenerList"]->java.util.ArrayList[0]->ch.qos.logback.classic.jul.LevelChangePropagator["context"]->ch.qos.logback.classic.LoggerContext["copyOfListenerList"]->java.util.ArrayList[0]->ch.qos.logback.classic.jul.LevelChangePropagator["context"]->ch.qos.logback.classic.LoggerContext["copyOfListenerList"]->java.util.ArrayList[0]->ch.qos.logback.classic.jul.LevelChangePropagator["context"]->ch.qos.logback.classic.LoggerContext["copyOfListenerList"]->java.util.ArrayList[0]->ch.qos.logback.classic.jul.LevelChangePropagator["context"]->ch.qos.logback.classic.LoggerContext["copyOfListenerList"]->java.util.ArrayList[0]->ch.qos.logback.classic.jul.LevelChangePropagator["context"]->ch.qos.logback.classic.LoggerContext["copyOfListenerList"]->java.util.ArrayList[0]->ch.qos.logback.classic.jul.LevelChangePropagator["context"]->ch.qos.logback.classic.LoggerContext["copyOfListenerList"]->java.util.ArrayList[0]->ch.qos.logback.classic.jul.LevelChangePropagator["context"]->ch.qos.logback.classic.LoggerContext["copyOfListenerList"]->java.util.ArrayList[0]->ch.qos.logback.classic.jul.LevelChangePropagator["context"]->ch.qos.logback.classic.LoggerContext["copyOfListenerList"]->java.util.ArrayList[0]->ch.qos.logback.classic.jul.LevelChangePropagator["context"]->ch.qos.logback.classic.LoggerContext["copyOfListenerList"]->java.util.ArrayList[0]->ch.qos.logback.classic.jul.LevelChangePropagator["context"]->ch.qos.logback.classic.LoggerContext["copyOfListenerList"]->java.util.ArrayList[0]->ch.qos.logback.classic.jul.LevelChangePropagator["context"]->ch.qos.logback.classic.LoggerContext["copyOfListenerList"]->java.util.ArrayList[0]->ch.qos.logback.classic.jul.LevelChangePropagator["context"]->ch.qos.logback.classic.LoggerContext["copyOfListenerList"]->java.util.ArrayList[0]->ch.qos.logback.classic.jul.LevelChangePropagator["context"]->ch.qos.logback.classic.LoggerContext["copyOfListenerList"]->java.util.ArrayList[0]->ch.qos.logback.classic.jul.LevelChangePropagator["context"]->ch.qos.logback.classic.LoggerContext["copyOfListenerList"]->java.util.ArrayList[0]->ch.qos.logback.classic.jul.LevelChangePropagator["context"]->ch.qos.logback.classic.LoggerContext["copyOfListenerList"]->java.util.ArrayList[0]->ch.qos.logback.classic.jul.LevelChangePropagator["context"]->ch.qos.logback.classic.LoggerContext["copyOfListenerList"]->java.util.ArrayList[0]->ch.qos.logback.classic.jul.LevelChangePropagator["context"]->ch.qos.logback.classic.LoggerContext["copyOfListenerList"]->java.util.ArrayList[0]->ch.qos.logback.classic.jul.LevelChangePropagator["context"]->ch.qos.logback.classic.LoggerContext["copyOfListenerList"]->java.util.ArrayList[0]->ch.qos.logback.classic.jul.LevelChangePropagator["context"]->ch.qos.logback.classic.LoggerContext["copyOfListenerList"]->java.util.ArrayList[0]->ch.qos.logback.classic.jul.LevelChangePropagator["context"]->ch.qos.logback.classic.LoggerContext["copyOfListenerList"]->java.util.ArrayList[0]->ch.qos.logback.classic.jul.LevelChangePropagator["context"]->ch.qos.logback.classic.LoggerContext["copyOfListenerList"]->java.util.ArrayList[0]->ch.qos.logback.classic.jul.LevelChangePropagator["context"]->ch.qos.logback.classic.LoggerContext["copyOfListenerList"]->java.util.ArrayList[0]->ch.qos.logback.classic.jul.LevelChangePropagator["context"]->ch.qos.logback.classic.LoggerContext["copyOfListenerList"]->java.util.ArrayList[0]->ch.qos.logback.classic.jul.LevelChangePropagator["context"]->ch.qos.logback.classic.LoggerContext["copyOfListenerList"]->java.util.ArrayList[0]->ch.qos.logback.classic.jul.LevelChangePropagator["context"]->ch.qos.logback.classic.LoggerContext["copyOfListenerList"]->java.util.ArrayList[0]->ch.qos.logback.classic.jul.LevelChangePropagator["context"]->ch.qos.logback.classic.LoggerContext["copyOfListenerList"]->java.util.ArrayList[0]->ch.qos.logback.classic.jul.LevelChangePropagator["context"]->ch.qos.logback.classic.LoggerContext["copyOfListenerList"]->java.util.ArrayList[0]->ch.qos.logback.classic.jul.LevelChangePropagator["context"]->ch.qos.logback.classic.LoggerContext["copyOfListenerList"]->java.util.ArrayList[0]->ch.qos.logback.classic.jul.LevelChangePropagator["context"]->ch.qos.logback.classic.LoggerContext["copyOfListenerList"]->java.util.ArrayList[0]->ch.qos.logback.classic.jul.LevelChangePropagator["context"]->ch.qos.logback.classic.LoggerContext["copyOfListenerList"]->java.util.ArrayList[0]->ch.qos.logback.classic.jul.LevelChangePropagator["context"]->ch.qos.logback.classic.LoggerContext["copyOfListenerList"]->java.util.ArrayList[0]->ch.qos.logback.classic.jul.LevelChangePropagator["context"]->ch.qos.logback.classic.LoggerContext["copyOfListenerList"]->java.util.ArrayList[0]->ch.qos.logback.classic.jul.LevelChangePropagator["context"]->ch.qos.logback.classic.LoggerContext["copyOfListenerList"]->java.util.ArrayList[0]->ch.qos.logback.classic.jul.LevelChangePropagator["context"]->ch.qos.logback.classic.LoggerContext["copyOfListenerList"]->java.util.ArrayList[0]->ch.qos.logback.classic.jul.LevelChangePropagator["context"]->ch.qos.logback.classic.LoggerContext["copyOfListenerList"]->java.util.ArrayList[0]->ch.qos.logback.classic.jul.LevelChangePropagator["context"]->ch.qos.logback.classic.LoggerContext["copyOfListenerList"]->java.util.ArrayList[0]->ch.qos.logback.classic.jul.LevelChangePropagator["context"]->ch.qos.logback.classic.LoggerContext["copyOfListenerList"]->java.util.ArrayList[0]->ch.qos.logback.classic.jul.LevelChangePropagator["context"]->ch.qos.logback.classic.LoggerContext["copyOfListenerList"]->java.util.ArrayList[0]->ch.qos.logback.classic.jul.LevelChangePropagator["context"]->ch.qos.logback.classic.LoggerContext["copyOfListenerList"]->java.util.ArrayList[0]->ch.qos.logback.classic.jul.LevelChangePropagator["context"]->ch.qos.logback.classic.LoggerContext["copyOfListenerList"]->java.util.ArrayList[0]->ch.qos.logback.classic.jul.LevelChangePropagator["context"]->ch.qos.logback.classic.LoggerContext["copyOfListenerList"]->java.util.ArrayList[0]->ch.qos.logback.classic.jul.LevelChangePropagator["context"]->ch.qos.logback.classic.LoggerContext["copyOfListenerList"]->java.util.ArrayList[0]->ch.qos.logback.classic.jul.LevelChangePropagator["context"]->ch.qos.logback.classic.LoggerContext["copyOfListenerList"]->java.util.ArrayList[0]->ch.qos.logback.classic.jul.LevelChangePropagator["context"]->ch.qos.logback.classic.LoggerContext["copyOfListenerList"]->java.util.ArrayList[0]->ch.qos.logback.classic.jul.LevelChangePropagator["context"]->ch.qos.logback.classic.LoggerContext["copyOfListenerList"]->java.util.ArrayList[0]->ch.qos.logback.classic.jul.LevelChangePropagator["context"]->ch.qos.logback.classic.LoggerContext["copyOfListenerList"]->java.util.ArrayList[0]->ch.qos.logback.classic.jul.LevelChangePropagator["context"]->ch.qos.logback.classic.LoggerContext["copyOfListenerList"]->java.util.ArrayList[0]->ch.qos.logback.classic.jul.LevelChangePropagator["context"]->ch.qos.logback.classic.LoggerContext["copyOfListenerList"]->java.util.ArrayList[0]->ch.qos.logback.classic.jul.LevelChangePropagator["context"]->ch.qos.logback.classic.LoggerContext["copyOfListenerList"]->java.util.ArrayList[0]->ch.qos.logback.classic.jul.LevelChangePropagator["context"]->ch.qos.logback.classic.LoggerContext["copyOfListenerList"]->java.util.ArrayList[0]->ch.qos.logback.classic.jul.LevelChangePropagator["context"]->ch.qos.logback.classic.LoggerContext["copyOfListenerList"]->java.util.ArrayList[0]->ch.qos.logback.classic.jul.LevelChangePropagator["context"]->ch.qos.logback.classic.LoggerContext["copyOfListenerList"]->java.util.ArrayList[0]->ch.qos.logback.classic.jul.LevelChangePropagator["context"]->ch.qos.logback.classic.LoggerContext["copyOfListenerList"]->java.util.ArrayList[0]->ch.qos.logback.classic.jul.LevelChangePropagator["context"]->ch.qos.logback.classic.LoggerContext["copyOfListenerList"]->java.util.ArrayList[0]->ch.qos.logback.classic.jul.LevelChangePropagator["context"]->ch.qos.logback.classic.LoggerContext["copyOfListenerList"]->java.util.ArrayList[0]->ch.qos.logback.classic.jul.LevelChangePropagator["context"]->ch.qos.logback.classic.LoggerContext["copyOfListenerList"]->java.util.ArrayList[0]->ch.qos.logback.classic.jul.LevelChangePropagator["context"]->ch.qos.logback.classic.LoggerContext["copyOfListenerList"]->java.util.ArrayList[0]->ch.qos.logback.classic.jul.LevelChangePropagator["context"]->ch.qos.logback.classic.LoggerContext["copyOfListenerList"]->java.util.ArrayList[0]->ch.qos.logback.classic.jul.LevelChangePropagator["context"]->ch.qos.logback.classic.LoggerContext["copyOfListenerList"]->java.util.ArrayList[0]->ch.qos.logback.classic.jul.LevelChangePropagator["context"]->ch.qos.logback.classic.LoggerContext["copyOfListenerList"]->java.util.ArrayList[0]->ch.qos.logback.classic.jul.LevelChangePropagator["context"]->ch.qos.logback.classic.LoggerContext["copyOfListenerList"]->java.util.ArrayList[0]->ch.qos.logback.classic.jul.LevelChangePropagator["context"]->ch.qos.logback.classic.LoggerContext["copyOfListenerList"]->java.util.ArrayList[0]->ch.qos.logback.classic.jul.LevelChangePropagator["context"]->ch.qos.logback.classic.LoggerContext["copyOfListenerList"]->java.util.ArrayList[0]->ch.qos.logback.classic.jul.LevelChangePropagator["context"]->ch.qos.logback.classic.LoggerContext["copyOfListenerList"]->java.util.ArrayList[0]->ch.qos.logback.classic.jul.LevelChangePropagator["context"]->ch.qos.logback.classic.LoggerContext["copyOfListenerList"]->java.util.ArrayList[0]->ch.qos.logback.classic.jul.LevelChangePropagator["context"]->ch.qos.logback.classic.LoggerContext["copyOfListenerList"]->java.util.ArrayList[0]->ch.qos.logback.classic.jul.LevelChangePropagator["context"]->ch.qos.logback.classic.LoggerContext["copyOfListenerList"]->java.util.ArrayList[0]->ch.qos.logback.classic.jul.LevelChangePropagator["context"]->ch.qos.logback.classic.LoggerContext["copyOfListenerList"]->java.util.ArrayList[0]->ch.qos.logback.classic.jul.LevelChangePropagator["context"]->ch.qos.logback.classic.LoggerContext["copyOfListenerList"]->java.util.ArrayList[0]->ch.qos.logback.classic.jul.LevelChangePropagator["context"]->ch.qos.logback.classic.LoggerContext["copyOfListenerList"]->java.util.ArrayList[0]->ch.qos.logback.classic.jul.LevelChangePropagator["context"]->ch.qos.logback.classic.LoggerContext["copyOfListenerList"]->java.util.ArrayList[0]->ch.qos.logback.classic.jul.LevelChangePropagator["context"]->ch.qos.logback.classic.LoggerContext["copyOfListenerList"]->java.util.ArrayList[0]->ch.qos.logback.classic.jul.LevelChangePropagator["context"]->ch.qos.logback.classic.LoggerContext["copyOfListenerList"]->java.util.ArrayList[0]->ch.qos.logback.classic.jul.LevelChangePropagator["context"]->ch.qos.logback.classic.LoggerContext["copyOfListenerList"]->java.util.ArrayList[0]->ch.qos.logback.classic.jul.LevelChangePropagator["context"]->ch.qos.logback.classic.LoggerContext["copyOfListenerList"]->java.util.ArrayList[0]->ch.qos.logback.classic.jul.LevelChangePropagator["context"]->ch.qos.logback.classic.LoggerContext["copyOfListenerList"]->java.util.ArrayList[0]->ch.qos.logback.classic.jul.LevelChangePropagator["context"]->ch.qos.logback.classic.LoggerContext["copyOfListenerList"]->java.util.ArrayList[0]->ch.qos.logback.classic.jul.LevelChangePropagator["context"]->ch.qos.logback.classic.LoggerContext["copyOfListenerList"]->java.util.ArrayList[0]->ch.qos.logback.classic.jul.LevelChangePropagator["context"]->ch.qos.logback.classic.LoggerContext["copyOfListenerList"]->java.util.ArrayList[0]->ch.qos.logback.classic.jul.LevelChangePropagator["context"]->ch.qos.logback.classic.LoggerContext["copyOfListenerList"]->java.util.ArrayList[0]->ch.qos.logback.classic.jul.LevelChangePropagator["context"]->ch.qos.logback.classic.LoggerContext["copyOfListenerList"]->java.util.ArrayList[0]->ch.qos.logback.classic.jul.LevelChangePropagator["context"]->ch.qos.logback.classic.LoggerContext["copyOfListenerList"]->java.util.ArrayList[0]->ch.qos.logback.classic.jul.LevelChangePropagator["context"]->ch.qos.logback.classic.LoggerContext["copyOfListenerList"]->java.util.ArrayList[0]->ch.qos.logback.classic.jul.LevelChangePropagator["context"]->ch.qos.logback.classic.LoggerContext["copyOfListenerList"]->java.util.ArrayList[0]->ch.qos.logback.classic.jul.LevelChangePropagator["context"]->ch.qos.logback.classic.LoggerContext["copyOfListenerList"]->java.util.ArrayList[0]->ch.qos.logback.classic.jul.LevelChangePropagator["context"]->ch.qos.logback.classic.LoggerContext["copyOfListenerList"]->java.util.ArrayList[0]->ch.qos.logback.classic.jul.LevelChangePropagator["context"]->ch.qos.logback.classic.LoggerContext["copyOfListenerList"]->java.util.ArrayList[0]->ch.qos.logback.classic.jul.LevelChangePropagator["context"]->ch.qos.logback.classic.LoggerContext["copyOfListenerList"]->java.util.ArrayList[0]->ch.qos.logback.classic.jul.LevelChangePropagator["context"]->ch.qos.logback.classic.LoggerContext["copyOfListenerList"]->java.util.ArrayList[0]->ch.qos.logback.classic.jul.LevelChangePropagator["context"]->ch.qos.logback.classic.LoggerContext["copyOfListenerList"]->java.util.ArrayList[0]->ch.qos.logback.classic.jul.LevelChangePropagator["context"]->ch.qos.logback.classic.LoggerContext["copyOfListenerList"]->java.util.ArrayList[0]->ch.qos.logback.classic.jul.LevelChangePropagator["context"]->ch.qos.logback.classic.LoggerContext["copyOfListenerList"]->java.util.ArrayList[0]->ch.qos.logback.classic.jul.LevelChangePropagator["context"]->ch.qos.logback.classic.LoggerContext["copyOfListenerList"]->java.util.ArrayList[0]->ch.qos.logback.classic.jul.LevelChangePropagator["context"]->ch.qos.logback.classic.LoggerContext["copyOfListenerList"]->java.util.ArrayList[0]->ch.qos.logback.classic.jul.LevelChangePropagator["context"]->ch.qos.logback.classic.LoggerContext["copyOfListenerList"]->java.util.ArrayList[0]->ch.qos.logback.classic.jul.LevelChangePropagator["context"]->ch.qos.logback.classic.LoggerContext["copyOfListenerList"]->java.util.ArrayList[0]->ch.qos.logback.classic.jul.LevelChangePropagator["context"]->ch.qos.logback.classic.LoggerContext["copyOfListenerList"]->java.util.ArrayList[0]->ch.qos.logback.classic.jul.LevelChangePropagator["context"]->ch.qos.logback.classic.LoggerContext["copyOfListenerList"]->java.util.ArrayList[0]->ch.qos.logback.classic.jul.LevelChangePropagator["context"]->ch.qos.logback.classic.LoggerContext["copyOfListenerList"]->java.util.ArrayList[0]->ch.qos.logback.classic.jul.LevelChangePropagator["context"]->ch.qos.logback.classic.LoggerContext["copyOfListenerList"]->java.util.ArrayList[0]->ch.qos.logback.classic.jul.LevelChangePropagator["context"]->ch.qos.logback.classic.LoggerContext["copyOfListenerList"]->java.util.ArrayList[0]->ch.qos.logback.classic.jul.LevelChangePropagator["context"]->ch.qos.logback.classic.LoggerContext["copyOfListenerList"]->java.util.ArrayList[0]->ch.qos.logback.classic.jul.LevelChangePropagator["context"]->ch.qos.logback.classic.LoggerContext["copyOfListenerList"]->java.util.ArrayList[0]->ch.qos.logback.classic.jul.LevelChangePropagator["context"]->ch.qos.logback.classic.LoggerContext["copyOfListenerList"]->java.util.ArrayList[0]->ch.qos.logback.classic.jul.LevelChangePropagator["context"]->ch.qos.logback.classic.LoggerContext["copyOfListenerList"]->java.util.ArrayList[0]->ch.qos.logback.classic.jul.LevelChangePropagator["context"]->ch.qos.logback.classic.LoggerContext["copyOfListenerList"]->java.util.ArrayList[0]->ch.qos.logback.classic.jul.LevelChangePropagator["context"]->ch.qos.logback.classic.LoggerContext["copyOfListenerList"]->java.util.ArrayList[0]->ch.qos.logback.classic.jul.LevelChangePropagator["context"]->ch.qos.logback.classic.LoggerContext["copyOfListenerList"]->java.util.ArrayList[0]->ch.qos.logback.classic.jul.LevelChangePropagator["context"]->ch.qos.logback.classic.LoggerContext["copyOfListenerList"]->java.util.ArrayList[0]->ch.qos.logback.classic.jul.LevelChangePropagator["context"]->ch.qos.logback.classic.LoggerContext["copyOfListenerList"]->java.util.ArrayList[0]->ch.qos.logback.classic.jul.LevelChangePropagator["context"]->ch.qos.logback.classic.LoggerContext["copyOfListenerList"]->java.util.ArrayList[0]->ch.qos.logback.classic.jul.LevelChangePropagator["context"]->ch.qos.logback.classic.LoggerContext["copyOfListenerList"]->java.util.ArrayList[0]->ch.qos.logback.classic.jul.LevelChangePropagator["context"]->ch.qos.logback.classic.LoggerContext["copyOfListenerList"]->java.util.ArrayList[0]->ch.qos.logback.classic.jul.LevelChangePropagator["context"]->ch.qos.logback.classic.LoggerContext["copyOfListenerList"]->java.util.ArrayList[0]->ch.qos.logback.classic.jul.LevelChangePropagator["context"]->ch.qos.logback.classic.LoggerContext["copyOfListenerList"]->java.util.ArrayList[0]->ch.qos.logback.classic.jul.LevelChangePropagator["context"]->ch.qos.logback.classic.LoggerContext["copyOfListenerList"]->java.util.ArrayList[0]->ch.qos.logback.classic.jul.LevelChangePropagator["context"]->ch.qos.logback.classic.LoggerContext["copyOfListenerList"]->java.util.ArrayList[0]->ch.qos.logback.classic.jul.LevelChangePropagator["context"]->ch.qos.logback.classic.LoggerContext["copyOfListenerList"]->java.util.ArrayList[0]->ch.qos.logback.classic.jul.LevelChangePropagator["context"]->ch.qos.logback.classic.LoggerContext["copyOfListenerList"]->java.util.ArrayList[0]->ch.qos.logback.classic.jul.LevelChangePropagator["context"]->ch.qos.logback.classic.LoggerContext["copyOfListenerList"]->java.util.ArrayList[0]->ch.qos.logback.classic.jul.LevelChangePropagator["context"]->ch.qos.logback.classic.LoggerContext["copyOfListenerList"]->java.util.ArrayList[0]->ch.qos.logback.classic.jul.LevelChangePropagator["context"]->ch.qos.logback.classic.LoggerContext["copyOfListenerList"]->java.util.ArrayList[0]->ch.qos.logback.classic.jul.LevelChangePropagator["context"]->ch.qos.logback.classic.LoggerContext["copyOfListenerList"]->java.util.ArrayList[0]->ch.qos.logback.classic.jul.LevelChangePropagator["context"]->ch.qos.logback.classic.LoggerContext["copyOfListenerList"]->java.util.ArrayList[0]->ch.qos.logback.classic.jul.LevelChangePropagator["context"]->ch.qos.logback.classic.LoggerContext["copyOfListenerList"]->java.util.ArrayList[0]->ch.qos.logback.classic.jul.LevelChangePropagator["context"]->ch.qos.logback.classic.LoggerContext["copyOfListenerList"]->java.util.ArrayList[0]->ch.qos.logback.classic.jul.LevelChangePropagator["context"]->ch.qos.logback.classic.LoggerContext["copyOfListenerList"]->java.util.ArrayList[0]->ch.qos.logback.classic.jul.LevelChangePropagator["context"]->ch.qos.logback.classic.LoggerContext["copyOfListenerList"]->java.util.ArrayList[0]->ch.qos.logback.classic.jul.LevelChangePropagator["context"]->ch.qos.logback.classic.LoggerContext["copyOfListenerList"]->java.util.ArrayList[0]->ch.qos.logback.classic.jul.LevelChangePropagator["context"]->ch.qos.logback.classic.LoggerContext["copyOfListenerList"]->java.util.ArrayList[0]->ch.qos.logback.classic.jul.LevelChangePropagator["context"]->ch.qos.logback.classic.LoggerContext["copyOfListenerList"]->java.util.ArrayList[0]->ch.qos.logback.classic.jul.LevelChangePropagator["context"]->ch.qos.logback.classic.LoggerContext["copyOfListenerList"]->java.util.ArrayList[0]->ch.qos.logback.classic.jul.LevelChangePropagator["context"]->ch.qos.logback.classic.LoggerContext["copyOfListenerList"]->java.util.ArrayList[0]->ch.qos.logback.classic.jul.LevelChangePropagator["context"]->ch.qos.logback.classic.LoggerContext["copyOfListenerList"]->java.util.ArrayList[0]->ch.qos.logback.classic.jul.LevelChangePropagator["context"]->ch.qos.logback.classic.LoggerContext["copyOfListenerList"]->java.util.ArrayList[0]->ch.qos.logback.classic.jul.LevelChangePropagator["context"]->ch.qos.logback.classic.LoggerContext["copyOfListenerList"]->java.util.ArrayList[0]->ch.qos.logback.classic.jul.LevelChangePropagator["context"]->ch.qos.logback.classic.LoggerContext["copyOfListenerList"]->java.util.ArrayList[0]->ch.qos.logback.classic.jul.LevelChangePropagator["context"]->ch.qos.logback.classic.LoggerContext["copyOfListenerList"]->java.util.ArrayList[0]->ch.qos.logback.classic.jul.LevelChangePropagator["context"]->ch.qos.logback.classic.LoggerContext["copyOfListenerList"]->java.util.ArrayList[0]->ch.qos.logback.classic.jul.LevelChangePropagator["context"]->ch.qos.logback.classic.LoggerContext["copyOfListenerList"]->java.util.ArrayList[0]->ch.qos.logback.classic.jul.LevelChangePropagator["context"]->ch.qos.logback.classic.LoggerContext["copyOfListenerList"]->java.util.ArrayList[0]->ch.qos.logback.classic.jul.LevelChangePropagator["context"]->ch.qos.logback.classic.LoggerContext["copyOfListenerList"]->java.util.ArrayList[0]->ch.qos.logback.classic.jul.LevelChangePropagator["context"]->ch.qos.logback.classic.LoggerContext["copyOfListenerList"]->java.util.ArrayList[0]->ch.qos.logback.classic.jul.LevelChangePropagator["context"]->ch.qos.logback.classic.LoggerContext["copyOfListenerList"]->java.util.ArrayList[0]->ch.qos.logback.classic.jul.LevelChangePropagator["context"]->ch.qos.logback.classic.LoggerContext["copyOfListenerList"]->java.util.ArrayList[0]->ch.qos.logback.classic.jul.LevelChangePropagator["context"]->ch.qos.logback.classic.LoggerContext["copyOfListenerList"]->java.util.ArrayList[0]->ch.qos.logback.classic.jul.LevelChangePropagator["context"]->ch.qos.logback.classic.LoggerContext["copyOfListenerList"]->java.util.ArrayList[0]->ch.qos.logback.classic.jul.LevelChangePropagator["context"]->ch.qos.logback.classic.LoggerContext["copyOfListenerList"]->java.util.ArrayList[0]->ch.qos.logback.classic.jul.LevelChangePropagator["context"]->ch.qos.logback.classic.LoggerContext["copyOfListenerList"]->java.util.ArrayList[0]->ch.qos.logback.classic.jul.LevelChangePropagator["context"]->ch.qos.logback.classic.LoggerContext["copyOfListenerList"]->java.util.ArrayList[0]->ch.qos.logback.classic.jul.LevelChangePropagator["context"]->ch.qos.logback.classic.LoggerContext["copyOfListenerList"]->java.util.ArrayList[0]->ch.qos.logback.classic.jul.LevelChangePropagator["context"]->ch.qos.logback.classic.LoggerContext["copyOfListenerList"]->java.util.ArrayList[0]->ch.qos.logback.classic.jul.LevelChangePropagator["context"]->ch.qos.logback.classic.LoggerContext["copyOfListenerList"]->java.util.ArrayList[0]->ch.qos.logback.classic.jul.LevelChangePropagator["context"]->ch.qos.logback.classic.LoggerContext["copyOfListenerList"]->java.util.ArrayList[0]->ch.qos.logback.classic.jul.LevelChangePropagator["context"]->ch.qos.logback.classic.LoggerContext["copyOfListenerList"]->java.util.ArrayList[0]->ch.qos.logback.classic.jul.LevelChangePropagator["context"]->ch.qos.logback.classic.LoggerContext["copyOfListenerList"]->java.util.ArrayList[0]->ch.qos.logback.classic.jul.LevelChangePropagator["context"]->ch.qos.logback.classic.LoggerContext["copyOfListenerList"]->java.util.ArrayList[0]->ch.qos.logback.classic.jul.LevelChangePropagator["context"]->ch.qos.logback.classic.LoggerContext["copyOfListenerList"]->java.util.ArrayList[0]->ch.qos.logback.classic.jul.LevelChangePropagator["context"]->ch.qos.logback.classic.LoggerContext["copyOfListenerList"]->java.util.ArrayList[0]->ch.qos.logback.classic.jul.LevelChangePropagator["context"]->ch.qos.logback.classic.LoggerContext["copyOfListenerList"]->java.util.ArrayList[0]->ch.qos.logback.classic.jul.LevelChangePropagator["context"]->ch.qos.logback.classic.LoggerContext["copyOfListenerList"]->java.util.ArrayList[0]->ch.qos.logback.classic.jul.LevelChangePropagator["context"]->ch.qos.logback.classic.LoggerContext["copyOfListenerList"]->java.util.ArrayList[0]->ch.qos.logback.classic.jul.LevelChangePropagator["context"]->ch.qos.logback.classic.LoggerContext["copyOfListenerList"]->java.util.ArrayList[0]->ch.qos.logback.classic.jul.LevelChangePropagator["context"]->ch.qos.logback.classic.LoggerContext["copyOfListenerList"]->java.util.ArrayList[0]->ch.qos.logback.classic.jul.LevelChangePropagator["context"]->ch.qos.logback.classic.LoggerContext["copyOfListenerList"]->java.util.ArrayList[0]->ch.qos.logback.classic.jul.LevelChangePropagator["context"]->ch.qos.logback.classic.LoggerContext["copyOfListenerList"]->java.util.ArrayList[0]->ch.qos.logback.classic.jul.LevelChangePropagator["context"]->ch.qos.logback.classic.LoggerContext["copyOfListenerList"]->java.util.ArrayList[0]->ch.qos.logback.classic.jul.LevelChangePropagator["context"]->ch.qos.logback.classic.LoggerContext["copyOfListenerList"]->java.util.ArrayList[0]->ch.qos.logback.classic.jul.LevelChangePropagator["context"]->ch.qos.logback.classic.LoggerContext["copyOfListenerList"]->java.util.ArrayList[0]->ch.qos.logback.classic.jul.LevelChangePropagator["context"]->ch.qos.logback.classic.LoggerContext["copyOfListenerList"]->java.util.ArrayList[0]->ch.qos.logback.classic.jul.LevelChangePropagator["context"]->ch.qos.logback.classic.LoggerContext["copyOfListenerList"]->java.util.ArrayList[0]->ch.qos.logback.classic.jul.LevelChangePropagator["context"]->ch.qos.logback.classic.LoggerContext["copyOfListenerList"]->java.util.ArrayList[0]->ch.qos.logback.classic.jul.LevelChangePropagator["context"]->ch.qos.logback.classic.LoggerContext["copyOfListenerList"]->java.util.ArrayList[0]->ch.qos.logback.classic.jul.LevelChangePropagator["context"]->ch.qos.logback.classic.LoggerContext["copyOfListenerList"]->java.util.ArrayList[0]->ch.qos.logback.classic.jul.LevelChangePropagator["context"]->ch.qos.logback.classic.LoggerContext["copyOfListenerList"]->java.util.ArrayList[0]->ch.qos.logback.classic.jul.LevelChangePropagator["context"]->ch.qos.logback.classic.LoggerContext["copyOfListenerList"]->java.util.ArrayList[0]->ch.qos.logback.classic.jul.LevelChangePropagator["context"]->ch.qos.logback.classic.LoggerContext["copyOfListenerList"]->java.util.ArrayList[0]->ch.qos.logback.classic.jul.LevelChangePropagator["context"]->ch.qos.logback.classic.LoggerContext["copyOfListenerList"]->java.util.ArrayList[0]->ch.qos.logback.classic.jul.LevelChangePropagator["context"]->ch.qos.logback.classic.LoggerContext["copyOfListenerList"]->java.util.ArrayList[0]->ch.qos.logback.classic.jul.LevelChangePropagator["context"]->ch.qos.logback.classic.LoggerContext["copyOfListenerList"]->java.util.ArrayList[0]->ch.qos.logback.classic.jul.LevelChangePropagator["context"]->ch.qos.logback.classic.LoggerContext["copyOfListenerList"]->java.util.ArrayList[0]->ch.qos.logback.classic.jul.LevelChangePropagator["context"]->ch.qos.logback.classic.LoggerContext["copyOfListenerList"]->java.util.ArrayList[0]->ch.qos.logback.classic.jul.LevelChangePropagator["context"]->ch.qos.logback.classic.LoggerContext["copyOfListenerList"]->java.util.ArrayList[0]->ch.qos.logback.classic.jul.LevelChangePropagator["context"]->ch.qos.logback.classic.LoggerContext["copyOfListenerList"]->java.util.ArrayList[0]->ch.qos.logback.classic.jul.LevelChangePropagator["context"]->ch.qos.logback.classic.LoggerContext["copyOfListenerList"]->java.util.ArrayList[0]->ch.qos.logback.classic.jul.LevelChangePropagator["context"]->ch.qos.logback.classic.LoggerContext["copyOfListenerList"]->java.util.ArrayList[0]->ch.qos.logback.classic.jul.LevelChangePropagator["context"]->ch.qos.logback.classic.LoggerContext["copyOfListenerList"]->java.util.ArrayList[0]->ch.qos.logback.classic.jul.LevelChangePropagator["context"]->ch.qos.logback.classic.LoggerContext["copyOfListenerList"]->java.util.ArrayList[0]->ch.qos.logback.classic.jul.LevelChangePropagator["context"]->ch.qos.logback.classic.LoggerContext["copyOfListenerList"]->java.util.ArrayList[0]->ch.qos.logback.classic.jul.LevelChangePropagator["context"]->ch.qos.logback.classic.LoggerContext["copyOfListenerList"]->java.util.ArrayList[0]->ch.qos.logback.classic.jul.LevelChangePropagator["context"]->ch.qos.logback.classic.LoggerContext["copyOfListenerList"]->java.util.ArrayList[0]->ch.qos.logback.classic.jul.LevelChangePropagator["context"]->ch.qos.logback.classic.LoggerContext["copyOfListenerList"]->java.util.ArrayList[0]->ch.qos.logback.classic.jul.LevelChangePropagator["context"]->ch.qos.logback.classic.LoggerContext["copyOfListenerList"]->java.util.ArrayList[0]->ch.qos.logback.classic.jul.LevelChangePropagator["context"]->ch.qos.logback.classic.LoggerContext["copyOfListenerList"]->java.util.ArrayList[0]->ch.qos.logback.classic.jul.LevelChangePropagator["context"]->ch.qos.logback.classic.LoggerContext["copyOfListenerList"]->java.util.ArrayList[0]->ch.qos.logback.classic.jul.LevelChangePropagator["context"]->ch.qos.logback.classic.LoggerContext["copyOfListenerList"]->java.util.ArrayList[0]->ch.qos.logback.classic.jul.LevelChangePropagator["context"]->ch.qos.logback.classic.LoggerContext["copyOfListenerList"]->java.util.ArrayList[0]->ch.qos.logback.classic.jul.LevelChangePropagator["context"]->ch.qos.logback.classic.LoggerContext["copyOfListenerList"]->java.util.ArrayList[0]->ch.qos.logback.classic.jul.LevelChangePropagator["context"]->ch.qos.logback.classic.LoggerContext["copyOfListenerList"]->java.util.ArrayList[0]->ch.qos.logback.classic.jul.LevelChangePropagator["context"]->ch.qos.logback.classic.LoggerContext["copyOfListenerList"]->java.util.ArrayList[0]->ch.qos.logback.classic.jul.LevelChangePropagator["context"]->ch.qos.logback.classic.LoggerContext["copyOfListenerList"]->java.util.ArrayList[0]->ch.qos.logback.classic.jul.LevelChangePropagator["context"]->ch.qos.logback.classic.LoggerContext["copyOfListenerList"]->java.util.ArrayList[0]->ch.qos.logback.classic.jul.LevelChangePropagator["context"]->ch.qos.logback.classic.LoggerContext["copyOfListenerList"]->java.util.ArrayList[0]->ch.qos.logback.classic.jul.LevelChangePropagator["context"]->ch.qos.logback.classic.LoggerContext["copyOfListenerList"]->java.util.ArrayList[0]->ch.qos.logback.classic.jul.LevelChangePropagator["context"]->ch.qos.logback.classic.LoggerContext["copyOfListenerList"]->java.util.ArrayList[0]->ch.qos.logback.classic.jul.LevelChangePropagator["context"]->ch.qos.logback.classic.LoggerContext["copyOfListenerList"]->java.util.ArrayList[0]->ch.qos.logback.classic.jul.LevelChangePropagator["context"]->ch.qos.logback.classic.LoggerContext["copyOfListenerList"]->java.util.ArrayList[0]->ch.qos.logback.classic.jul.LevelChangePropagator["context"]->ch.qos.logback.classic.LoggerContext["copyOfListenerList"]->java.util.ArrayList[0]->ch.qos.logback.classic.jul.LevelChangePropagator["context"]->ch.qos.logback.classic.LoggerContext["copyOfListenerList"]->java.util.ArrayList[0]->ch.qos.logback.classic.jul.LevelChangePropagator["context"]->ch.qos.logback.classic.LoggerContext["copyOfListenerList"]->java.util.ArrayList[0]->ch.qos.logback.classic.jul.LevelChangePropagator["context"]->ch.qos.logback.classic.LoggerContext["copyOfListenerList"]->java.util.ArrayList[0]->ch.qos.logback.classic.jul.LevelChangePropagator["context"]->ch.qos.logback.classic.LoggerContext["copyOfListenerList"]->java.util.ArrayList[0]->ch.qos.logback.classic.jul.LevelChangePropagator["context"]->ch.qos.logback.classic.LoggerContext["copyOfListenerList"]->java.util.ArrayList[0]->ch.qos.logback.classic.jul.LevelChangePropagator["context"]->ch.qos.logback.classic.LoggerContext["copyOfListenerList"]->java.util.ArrayList[0]->ch.qos.logback.classic.jul.LevelChangePropagator["context"]->ch.qos.logback.classic.LoggerContext["copyOfListenerList"]->java.util.ArrayList[0]->ch.qos.logback.classic.jul.LevelChangePropagator["context"]->ch.qos.logback.classic.LoggerContext["copyOfListenerList"]->java.util.ArrayList[0]->ch.qos.logback.classic.jul.LevelChangePropagator["context"]->ch.qos.logback.classic.LoggerContext["copyOfListenerList"]->java.util.ArrayList[0]->ch.qos.logback.classic.jul.LevelChangePropagator["context"]->ch.qos.logback.classic.LoggerContext["copyOfListenerList"]->java.util.ArrayList[0]->ch.qos.logback.classic.jul.LevelChangePropagator["context"]->ch.qos.logback.classic.LoggerContext["copyOfListenerList"]->java.util.ArrayList[0]->ch.qos.logback.classic.jul.LevelChangePropagator["context"]->ch.qos.logback.classic.LoggerContext["copyOfListenerList"]->java.util.ArrayList[0]->ch.qos.logback.classic.jul.LevelChangePropagator["context"]->ch.qos.logback.classic.LoggerContext["copyOfListenerList"]->java.util.ArrayList[0]->ch.qos.logback.classic.jul.LevelChangePropagator["context"]->ch.qos.logback.classic.LoggerContext["copyOfListenerList"]->java.util.ArrayList[0]->ch.qos.logback.classic.jul.LevelChangePropagator["context"]->ch.qos.logback.classic.LoggerContext["copyOfListenerList"]->java.util.ArrayList[0]->ch.qos.logback.classic.jul.LevelChangePropagator["context"]->ch.qos.logback.classic.LoggerContext["copyOfListenerList"]->java.util.ArrayList[0]->ch.qos.logback.classic.jul.LevelChangePropagator["context"]->ch.qos.logback.classic.LoggerContext["copyOfListenerList"]->java.util.ArrayList[0]->ch.qos.logback.classic.jul.LevelChangePropagator["context"]->ch.qos.logback.classic.LoggerContext["copyOfListenerList"]->java.util.ArrayList[0]->ch.qos.logback.classic.jul.LevelChangePropagator["context"]->ch.qos.logback.classic.LoggerContext["copyOfListenerList"]->java.util.ArrayList[0]->ch.qos.logback.classic.jul.LevelChangePropagator["context"]->ch.qos.logback.classic.LoggerContext["copyOfListenerList"]->java.util.ArrayList[0]->ch.qos.logback.classic.jul.LevelChangePropagator["context"]->ch.qos.logback.classic.LoggerContext["copyOfListenerList"]->java.util.ArrayList[0]->ch.qos.logback.classic.jul.LevelChangePropagator["context"]->ch.qos.logback.classic.LoggerContext["copyOfListenerList"]->java.util.ArrayList[0]->ch.qos.logback.classic.jul.LevelChangePropagator["context"]->ch.qos.logback.classic.LoggerContext["copyOfListenerList"]->java.util.ArrayList[0]->ch.qos.logback.classic.jul.LevelChangePropagator["context"]->ch.qos.logback.classic.LoggerContext["copyOfListenerList"]->java.util.ArrayList[0]->ch.qos.logback.classic.jul.LevelChangePropagator["context"]->ch.qos.logback.classic.LoggerContext["copyOfListenerList"]->java.util.ArrayList[0]->ch.qos.logback.classic.jul.LevelChangePropagator["context"]->ch.qos.logback.classic.LoggerContext["copyOfListenerList"]->java.util.ArrayList[0]->ch.qos.logback.classic.jul.LevelChangePropagator["context"]->ch.qos.logback.classic.LoggerContext["copyOfListenerList"]->java.util.ArrayList[0]->ch.qos.logback.classic.jul.LevelChangePropagator["context"]->ch.qos.logback.classic.LoggerContext["copyOfListenerList"]->java.util.ArrayList[0]->ch.qos.logback.classic.jul.LevelChangePropagator["context"]->ch.qos.logback.classic.LoggerContext["copyOfListenerList"]->java.util.ArrayList[0]->ch.qos.logback.classic.jul.LevelChangePropagator["context"]->ch.qos.logback.classic.LoggerContext["copyOfListenerList"]->java.util.ArrayList[0]->ch.qos.logback.classic.jul.LevelChangePropagator["context"]->ch.qos.logback.classic.LoggerContext["copyOfListenerList"]->java.util.ArrayList[0]->ch.qos.logback.classic.jul.LevelChangePropagator["context"]->ch.qos.logback.classic.LoggerContext["copyOfListenerList"]->java.util.ArrayList[0]->ch.qos.logback.classic.jul.LevelChangePropagator["context"]->ch.qos.logback.classic.LoggerContext["copyOfListenerList"]->java.util.ArrayList[0]->ch.qos.logback.classic.jul.LevelChangePropagator["context"]->ch.qos.logback.classic.LoggerContext["copyOfListenerList"]->java.util.ArrayList[0]->ch.qos.logback.classic.jul.LevelChangePropagator["context"]->ch.qos.logback.classic.LoggerContext["copyOfListenerList"]->java.util.ArrayList[0]->ch.qos.logback.classic.jul.LevelChangePropagator["context"]->ch.qos.logback.classic.LoggerContext["copyOfListenerList"]->java.util.ArrayList[0]->ch.qos.logback.classic.jul.LevelChangePropagator["context"]->ch.qos.logback.classic.LoggerContext["copyOfListenerList"]->java.util.ArrayList[0]->ch.qos.logback.classic.jul.LevelChangePropagator["context"]->ch.qos.logback.classic.LoggerContext["copyOfListenerList"]->java.util.ArrayList[0]->ch.qos.logback.classic.jul.LevelChangePropagator["context"]->ch.qos.logback.classic.LoggerContext["copyOfListenerList"]->java.util.ArrayList[0]->ch.qos.logback.classic.jul.LevelChangePropagator["context"]->ch.qos.logback.classic.LoggerContext["copyOfListenerList"]->java.util.ArrayList[0]->ch.qos.logback.classic.jul.LevelChangePropagator["context"]->ch.qos.logback.classic.LoggerContext["copyOfListenerList"]->java.util.ArrayList[0]->ch.qos.logback.classic.jul.LevelChangePropagator["context"]->ch.qos.logback.classic.LoggerContext["copyOfListenerList"]->java.util.ArrayList[0]->ch.qos.logback.classic.jul.LevelChangePropagator["context"]->ch.qos.logback.classic.LoggerContext["copyOfListenerList"]->java.util.ArrayList[0]->ch.qos.logback.classic.jul.LevelChangePropagator["context"]->ch.qos.logback.classic.LoggerContext["copyOfListenerList"]->java.util.ArrayList[0]->ch.qos.logback.classic.jul.LevelChangePropagator["context"]->ch.qos.logback.classic.LoggerContext["copyOfListenerList"]->java.util.ArrayList[0]->ch.qos.logback.classic.jul.LevelChangePropagator["context"]->ch.qos.logback.classic.LoggerContext["copyOfListenerList"]->java.util.ArrayList[0]->ch.qos.logback.classic.jul.LevelChangePropagator["context"]->ch.qos.logback.classic.LoggerContext["copyOfListenerList"]->java.util.ArrayList[0]->ch.qos.logback.classic.jul.LevelChangePropagator["context"]->ch.qos.logback.classic.LoggerContext["copyOfListenerList"]->java.util.ArrayList[0]->ch.qos.logback.classic.jul.LevelChangePropagator["context"]->ch.qos.logback.classic.LoggerContext["copyOfListenerList"]->java.util.ArrayList[0]->ch.qos.logback.classic.jul.LevelChangePropagator["context"]->ch.qos.logback.classic.LoggerContext["copyOfListenerList"]->java.util.ArrayList[0]->ch.qos.logback.classic.jul.LevelChangePropagator["context"]->ch.qos.logback.classic.LoggerContext["copyOfListenerList"]->java.util.ArrayList[0]->ch.qos.logback.classic.jul.LevelChangePropagator["context"]->ch.qos.logback.classic.LoggerContext["copyOfListenerList"]->java.util.ArrayList[0]->ch.qos.logback.classic.jul.LevelChangePropagator["context"]->ch.qos.logback.classic.LoggerContext["copyOfListenerList"]->java.util.ArrayList[0]->ch.qos.logback.classic.jul.LevelChangePropagator["context"]->ch.qos.logback.classic.LoggerContext["copyOfListenerList"]->java.util.ArrayList[0]->ch.qos.logback.classic.jul.LevelChangePropagator["context"]->ch.qos.logback.classic.LoggerContext["copyOfListenerList"]->java.util.ArrayList[0]->ch.qos.logback.classic.jul.LevelChangePropagator["context"]->ch.qos.logback.classic.LoggerContext["copyOfListenerList"]->java.util.ArrayList[0]->ch.qos.logback.classic.jul.LevelChangePropagator["context"]->ch.qos.logback.classic.LoggerContext["copyOfListenerList"]->java.util.ArrayList[0]->ch.qos.logback.classic.jul.LevelChangePropagator["context"]->ch.qos.logback.classic.LoggerContext["copyOfListenerList"]->java.util.ArrayList[0]->ch.qos.logback.classic.jul.LevelChangePropagator["context"]->ch.qos.logback.classic.LoggerContext["copyOfListenerList"]->java.util.ArrayList[0]->ch.qos.logback.classic.jul.LevelChangePropagator["context"]->ch.qos.logback.classic.LoggerContext["copyOfListenerList"]->java.util.ArrayList[0]->ch.qos.logback.classic.jul.LevelChangePropagator["context"]->ch.qos.logback.classic.LoggerContext["copyOfListenerList"]->java.util.ArrayList[0]->ch.qos.logback.classic.jul.LevelChangePropagator["context"]->ch.qos.logback.classic.LoggerContext["copyOfListenerList"]->java.util.ArrayList[0]->ch.qos.logback.classic.jul.LevelChangePropagator["context"]->ch.qos.logback.classic.LoggerContext["copyOfListenerList"]->java.util.ArrayList[0]->ch.qos.logback.classic.jul.LevelChangePropagator["context"]->ch.qos.logback.classic.LoggerContext["copyOfListenerList"]->java.util.ArrayList[0]->ch.qos.logback.classic.jul.LevelChangePropagator["context"]->ch.qos.logback.classic.LoggerContext["copyOfListenerList"])
	at io.eventuate.common.json.mapper.JSonMapper.toJson(JSonMapper.java:29) ~[eventuate-common-json-mapper-0.19.0.RELEASE.jar:na]
	at io.eventuate.tram.sagas.orchestration.SagaDataSerde.serializeSagaData(SagaDataSerde.java:13) ~[eventuate-tram-sagas-orchestration-0.24.0.RELEASE.jar:na]
	at io.eventuate.tram.sagas.orchestration.SagaManagerImpl.create(SagaManagerImpl.java:84) ~[eventuate-tram-sagas-orchestration-0.24.0.RELEASE.jar:na]
	at io.eventuate.tram.sagas.orchestration.SagaManagerImpl.create(SagaManagerImpl.java:73) ~[eventuate-tram-sagas-orchestration-0.24.0.RELEASE.jar:na]
	at com.lolclone.authenticationmanagementinfra.service.application.UserAuthService.originalSignUp(UserAuthService.java:61) ~[main/:na]
	at java.base/jdk.internal.reflect.NativeMethodAccessorImpl.invoke0(Native Method) ~[na:na]
	at java.base/jdk.internal.reflect.NativeMethodAccessorImpl.invoke(NativeMethodAccessorImpl.java:77) ~[na:na]
	at java.base/jdk.internal.reflect.DelegatingMethodAccessorImpl.invoke(DelegatingMethodAccessorImpl.java:43) ~[na:na]
	at java.base/java.lang.reflect.Method.invoke(Method.java:568) ~[na:na]
	at org.springframework.aop.support.AopUtils.invokeJoinpointUsingReflection(AopUtils.java:343) ~[spring-aop-6.0.13.jar:6.0.13]
	at org.springframework.aop.framework.ReflectiveMethodInvocation.invokeJoinpoint(ReflectiveMethodInvocation.java:196) ~[spring-aop-6.0.13.jar:6.0.13]
	at org.springframework.aop.framework.ReflectiveMethodInvocation.proceed(ReflectiveMethodInvocation.java:163) ~[spring-aop-6.0.13.jar:6.0.13]
	at org.springframework.aop.framework.CglibAopProxy$CglibMethodInvocation.proceed(CglibAopProxy.java:751) ~[spring-aop-6.0.13.jar:6.0.13]
	at org.springframework.transaction.interceptor.TransactionInterceptor$1.proceedWithInvocation(TransactionInterceptor.java:123) ~[spring-tx-6.0.13.jar:6.0.13]
	at org.springframework.transaction.interceptor.TransactionAspectSupport.invokeWithinTransaction(TransactionAspectSupport.java:391) ~[spring-tx-6.0.13.jar:6.0.13]
	at org.springframework.transaction.interceptor.TransactionInterceptor.invoke(TransactionInterceptor.java:119) ~[spring-tx-6.0.13.jar:6.0.13]
	at org.springframework.aop.framework.ReflectiveMethodInvocation.proceed(ReflectiveMethodInvocation.java:184) ~[spring-aop-6.0.13.jar:6.0.13]
	at org.springframework.aop.framework.CglibAopProxy$CglibMethodInvocation.proceed(CglibAopProxy.java:751) ~[spring-aop-6.0.13.jar:6.0.13]
	at org.springframework.aop.framework.CglibAopProxy$DynamicAdvisedInterceptor.intercept(CglibAopProxy.java:703) ~[spring-aop-6.0.13.jar:6.0.13]
	at com.lolclone.authenticationmanagementinfra.service.application.UserAuthService$$SpringCGLIB$$0.originalSignUp(<generated>) ~[main/:na]
	at com.lolclone.authenticationmanagementinfra.service.application.OAuth2AuthenticationFacade.originalSignUp(OAuth2AuthenticationFacade.java:65) ~[main/:na]
	at java.base/jdk.internal.reflect.NativeMethodAccessorImpl.invoke0(Native Method) ~[na:na]
	at java.base/jdk.internal.reflect.NativeMethodAccessorImpl.invoke(NativeMethodAccessorImpl.java:77) ~[na:na]
	at java.base/jdk.internal.reflect.DelegatingMethodAccessorImpl.invoke(DelegatingMethodAccessorImpl.java:43) ~[na:na]
	at java.base/java.lang.reflect.Method.invoke(Method.java:568) ~[na:na]
	at org.springframework.aop.support.AopUtils.invokeJoinpointUsingReflection(AopUtils.java:343) ~[spring-aop-6.0.13.jar:6.0.13]
	at org.springframework.aop.framework.ReflectiveMethodInvocation.invokeJoinpoint(ReflectiveMethodInvocation.java:196) ~[spring-aop-6.0.13.jar:6.0.13]
	at org.springframework.aop.framework.ReflectiveMethodInvocation.proceed(ReflectiveMethodInvocation.java:163) ~[spring-aop-6.0.13.jar:6.0.13]
	at org.springframework.aop.framework.CglibAopProxy$CglibMethodInvocation.proceed(CglibAopProxy.java:751) ~[spring-aop-6.0.13.jar:6.0.13]
	at org.springframework.transaction.interceptor.TransactionInterceptor$1.proceedWithInvocation(TransactionInterceptor.java:123) ~[spring-tx-6.0.13.jar:6.0.13]
	at org.springframework.transaction.interceptor.TransactionAspectSupport.invokeWithinTransaction(TransactionAspectSupport.java:391) ~[spring-tx-6.0.13.jar:6.0.13]
	at org.springframework.transaction.interceptor.TransactionInterceptor.invoke(TransactionInterceptor.java:119) ~[spring-tx-6.0.13.jar:6.0.13]
	at org.springframework.aop.framework.ReflectiveMethodInvocation.proceed(ReflectiveMethodInvocation.java:184) ~[spring-aop-6.0.13.jar:6.0.13]
	at org.springframework.aop.framework.CglibAopProxy$CglibMethodInvocation.proceed(CglibAopProxy.java:751) ~[spring-aop-6.0.13.jar:6.0.13]
	at org.springframework.aop.framework.CglibAopProxy$DynamicAdvisedInterceptor.intercept(CglibAopProxy.java:703) ~[spring-aop-6.0.13.jar:6.0.13]
	at com.lolclone.authenticationmanagementinfra.service.application.OAuth2AuthenticationFacade$$SpringCGLIB$$0.originalSignUp(<generated>) ~[main/:na]
	at com.lolclone.authenticationmanagementinfra.controller.UserAuthController.signUp(UserAuthController.java:59) ~[main/:na]
	at java.base/jdk.internal.reflect.NativeMethodAccessorImpl.invoke0(Native Method) ~[na:na]
	at java.base/jdk.internal.reflect.NativeMethodAccessorImpl.invoke(NativeMethodAccessorImpl.java:77) ~[na:na]
	at java.base/jdk.internal.reflect.DelegatingMethodAccessorImpl.invoke(DelegatingMethodAccessorImpl.java:43) ~[na:na]
	at java.base/java.lang.reflect.Method.invoke(Method.java:568) ~[na:na]
	at org.springframework.web.method.support.InvocableHandlerMethod.doInvoke(InvocableHandlerMethod.java:205) ~[spring-web-6.0.13.jar:6.0.13]
	at org.springframework.web.method.support.InvocableHandlerMethod.invokeForRequest(InvocableHandlerMethod.java:150) ~[spring-web-6.0.13.jar:6.0.13]
	at org.springframework.web.servlet.mvc.method.annotation.ServletInvocableHandlerMethod.invokeAndHandle(ServletInvocableHandlerMethod.java:118) ~[spring-webmvc-6.0.13.jar:6.0.13]
	at org.springframework.web.servlet.mvc.method.annotation.RequestMappingHandlerAdapter.invokeHandlerMethod(RequestMappingHandlerAdapter.java:884) ~[spring-webmvc-6.0.13.jar:6.0.13]
	at org.springframework.web.servlet.mvc.method.annotation.RequestMappingHandlerAdapter.handleInternal(RequestMappingHandlerAdapter.java:797) ~[spring-webmvc-6.0.13.jar:6.0.13]
	at org.springframework.web.servlet.mvc.method.AbstractHandlerMethodAdapter.handle(AbstractHandlerMethodAdapter.java:87) ~[spring-webmvc-6.0.13.jar:6.0.13]
	at org.springframework.web.servlet.DispatcherServlet.doDispatch(DispatcherServlet.java:1081) ~[spring-webmvc-6.0.13.jar:6.0.13]
	at org.springframework.web.servlet.DispatcherServlet.doService(DispatcherServlet.java:974) ~[spring-webmvc-6.0.13.jar:6.0.13]
	at org.springframework.web.servlet.FrameworkServlet.processRequest(FrameworkServlet.java:1011) ~[spring-webmvc-6.0.13.jar:6.0.13]
	at org.springframework.web.servlet.FrameworkServlet.doPost(FrameworkServlet.java:914) ~[spring-webmvc-6.0.13.jar:6.0.13]
	at jakarta.servlet.http.HttpServlet.service(HttpServlet.java:590) ~[tomcat-embed-core-10.1.15.jar:6.0]
	at org.springframework.web.servlet.FrameworkServlet.service(FrameworkServlet.java:885) ~[spring-webmvc-6.0.13.jar:6.0.13]
	at jakarta.servlet.http.HttpServlet.service(HttpServlet.java:658) ~[tomcat-embed-core-10.1.15.jar:6.0]
	at org.apache.catalina.core.ApplicationFilterChain.internalDoFilter(ApplicationFilterChain.java:205) ~[tomcat-embed-core-10.1.15.jar:10.1.15]
	at org.apache.catalina.core.ApplicationFilterChain.doFilter(ApplicationFilterChain.java:149) ~[tomcat-embed-core-10.1.15.jar:10.1.15]
	at org.apache.tomcat.websocket.server.WsFilter.doFilter(WsFilter.java:51) ~[tomcat-embed-websocket-10.1.15.jar:10.1.15]
	at org.apache.catalina.core.ApplicationFilterChain.internalDoFilter(ApplicationFilterChain.java:174) ~[tomcat-embed-core-10.1.15.jar:10.1.15]
	at org.apache.catalina.core.ApplicationFilterChain.doFilter(ApplicationFilterChain.java:149) ~[tomcat-embed-core-10.1.15.jar:10.1.15]
	at org.springframework.web.filter.RequestContextFilter.doFilterInternal(RequestContextFilter.java:100) ~[spring-web-6.0.13.jar:6.0.13]
	at org.springframework.web.filter.OncePerRequestFilter.doFilter(OncePerRequestFilter.java:116) ~[spring-web-6.0.13.jar:6.0.13]
	at org.apache.catalina.core.ApplicationFilterChain.internalDoFilter(ApplicationFilterChain.java:174) ~[tomcat-embed-core-10.1.15.jar:10.1.15]
	at org.apache.catalina.core.ApplicationFilterChain.doFilter(ApplicationFilterChain.java:149) ~[tomcat-embed-core-10.1.15.jar:10.1.15]
	at org.springframework.web.filter.FormContentFilter.doFilterInternal(FormContentFilter.java:93) ~[spring-web-6.0.13.jar:6.0.13]
	at org.springframework.web.filter.OncePerRequestFilter.doFilter(OncePerRequestFilter.java:116) ~[spring-web-6.0.13.jar:6.0.13]
	at org.apache.catalina.core.ApplicationFilterChain.internalDoFilter(ApplicationFilterChain.java:174) ~[tomcat-embed-core-10.1.15.jar:10.1.15]
	at org.apache.catalina.core.ApplicationFilterChain.doFilter(ApplicationFilterChain.java:149) ~[tomcat-embed-core-10.1.15.jar:10.1.15]
	at org.springframework.web.filter.ServerHttpObservationFilter.doFilterInternal(ServerHttpObservationFilter.java:109) ~[spring-web-6.0.13.jar:6.0.13]
	at org.springframework.web.filter.OncePerRequestFilter.doFilter(OncePerRequestFilter.java:116) ~[spring-web-6.0.13.jar:6.0.13]
	at org.apache.catalina.core.ApplicationFilterChain.internalDoFilter(ApplicationFilterChain.java:174) ~[tomcat-embed-core-10.1.15.jar:10.1.15]
	at org.apache.catalina.core.ApplicationFilterChain.doFilter(ApplicationFilterChain.java:149) ~[tomcat-embed-core-10.1.15.jar:10.1.15]
	at org.springframework.web.filter.CharacterEncodingFilter.doFilterInternal(CharacterEncodingFilter.java:201) ~[spring-web-6.0.13.jar:6.0.13]
	at org.springframework.web.filter.OncePerRequestFilter.doFilter(OncePerRequestFilter.java:116) ~[spring-web-6.0.13.jar:6.0.13]
	at org.apache.catalina.core.ApplicationFilterChain.internalDoFilter(ApplicationFilterChain.java:174) ~[tomcat-embed-core-10.1.15.jar:10.1.15]
	at org.apache.catalina.core.ApplicationFilterChain.doFilter(ApplicationFilterChain.java:149) ~[tomcat-embed-core-10.1.15.jar:10.1.15]
	at org.apache.catalina.core.StandardWrapperValve.invoke(StandardWrapperValve.java:167) ~[tomcat-embed-core-10.1.15.jar:10.1.15]
	at org.apache.catalina.core.StandardContextValve.invoke(StandardContextValve.java:90) ~[tomcat-embed-core-10.1.15.jar:10.1.15]
	at org.apache.catalina.authenticator.AuthenticatorBase.invoke(AuthenticatorBase.java:482) ~[tomcat-embed-core-10.1.15.jar:10.1.15]
	at org.apache.catalina.core.StandardHostValve.invoke(StandardHostValve.java:115) ~[tomcat-embed-core-10.1.15.jar:10.1.15]
	at org.apache.catalina.valves.ErrorReportValve.invoke(ErrorReportValve.java:93) ~[tomcat-embed-core-10.1.15.jar:10.1.15]
	at org.apache.catalina.core.StandardEngineValve.invoke(StandardEngineValve.java:74) ~[tomcat-embed-core-10.1.15.jar:10.1.15]
	at org.apache.catalina.connector.CoyoteAdapter.service(CoyoteAdapter.java:340) ~[tomcat-embed-core-10.1.15.jar:10.1.15]
	at org.apache.coyote.http11.Http11Processor.service(Http11Processor.java:391) ~[tomcat-embed-core-10.1.15.jar:10.1.15]
	at org.apache.coyote.AbstractProcessorLight.process(AbstractProcessorLight.java:63) ~[tomcat-embed-core-10.1.15.jar:10.1.15]
	at org.apache.coyote.AbstractProtocol$ConnectionHandler.process(AbstractProtocol.java:896) ~[tomcat-embed-core-10.1.15.jar:10.1.15]
	at org.apache.tomcat.util.net.NioEndpoint$SocketProcessor.doRun(NioEndpoint.java:1744) ~[tomcat-embed-core-10.1.15.jar:10.1.15]
	at org.apache.tomcat.util.net.SocketProcessorBase.run(SocketProcessorBase.java:52) ~[tomcat-embed-core-10.1.15.jar:10.1.15]
	at org.apache.tomcat.util.threads.ThreadPoolExecutor.runWorker(ThreadPoolExecutor.java:1191) ~[tomcat-embed-core-10.1.15.jar:10.1.15]
	at org.apache.tomcat.util.threads.ThreadPoolExecutor$Worker.run(ThreadPoolExecutor.java:659) ~[tomcat-embed-core-10.1.15.jar:10.1.15]
	at org.apache.tomcat.util.threads.TaskThread$WrappingRunnable.run(TaskThread.java:61) ~[tomcat-embed-core-10.1.15.jar:10.1.15]
	at java.base/java.lang.Thread.run(Thread.java:842) ~[na:na]
Caused by: com.fasterxml.jackson.databind.JsonMappingException: Infinite recursion (StackOverflowError) (through reference chain: ch.qos.logback.classic.LoggerContext["copyOfListenerList"]->java.util.ArrayList[0]->ch.qos.logback.classic.jul.LevelChangePropagator["context"]->ch.qos.logback.classic.LoggerContext["copyOfListenerList"]->java.util.ArrayList[0]->ch.qos.logback.classic.jul.LevelChangePropagator["context"]->ch.qos.logback.classic.LoggerContext["copyOfListenerList"]->java.util.ArrayList[0]->ch.qos.logback.classic.jul.LevelChangePropagator["context"]->ch.qos.logback.classic.LoggerContext["copyOfListenerList"]->java.util.ArrayList[0]->ch.qos.logback.classic.jul.LevelChangePropagator["context"]->ch.qos.logback.classic.LoggerContext["copyOfListenerList"]->java.util.ArrayList[0]->ch.qos.logback.classic.jul.LevelChangePropagator["context"]->ch.qos.logback.classic.LoggerContext["copyOfListenerList"]->java.util.ArrayList[0]->ch.qos.logback.classic.jul.LevelChangePropagator["context"]->ch.qos.logback.classic.LoggerContext["copyOfListenerList"]->java.util.ArrayList[0]->ch.qos.logback.classic.jul.LevelChangePropagator["context"]->ch.qos.logback.classic.LoggerContext["copyOfListenerList"]->java.util.ArrayList[0]->ch.qos.logback.classic.jul.LevelChangePropagator["context"]->ch.qos.logback.classic.LoggerContext["copyOfListenerList"]->java.util.ArrayList[0]->ch.qos.logback.classic.jul.LevelChangePropagator["context"]->ch.qos.logback.classic.LoggerContext["copyOfListenerList"]->java.util.ArrayList[0]->ch.qos.logback.classic.jul.LevelChangePropagator["context"]->ch.qos.logback.classic.LoggerContext["copyOfListenerList"]->java.util.ArrayList[0]->ch.qos.logback.classic.jul.LevelChangePropagator["context"]->ch.qos.logback.classic.LoggerContext["copyOfListenerList"]->java.util.ArrayList[0]->ch.qos.logback.classic.jul.LevelChangePropagator["context"]->ch.qos.logback.classic.LoggerContext["copyOfListenerList"]->java.util.ArrayList[0]->ch.qos.logback.classic.jul.LevelChangePropagator["context"]->ch.qos.logback.classic.LoggerContext["copyOfListenerList"]->java.util.ArrayList[0]->ch.qos.logback.classic.jul.LevelChangePropagator["context"]->ch.qos.logback.classic.LoggerContext["copyOfListenerList"]->java.util.ArrayList[0]->ch.qos.logback.classic.jul.LevelChangePropagator["context"]->ch.qos.logback.classic.LoggerContext["copyOfListenerList"]->java.util.ArrayList[0]->ch.qos.logback.classic.jul.LevelChangePropagator["context"]->ch.qos.logback.classic.LoggerContext["copyOfListenerList"]->java.util.ArrayList[0]->ch.qos.logback.classic.jul.LevelChangePropagator["context"]->ch.qos.logback.classic.LoggerContext["copyOfListenerList"]->java.util.ArrayList[0]->ch.qos.logback.classic.jul.LevelChangePropagator["context"]->ch.qos.logback.classic.LoggerContext["copyOfListenerList"]->java.util.ArrayList[0]->ch.qos.logback.classic.jul.LevelChangePropagator["context"]->ch.qos.logback.classic.LoggerContext["copyOfListenerList"]->java.util.ArrayList[0]->ch.qos.logback.classic.jul.LevelChangePropagator["context"]->ch.qos.logback.classic.LoggerContext["copyOfListenerList"]->java.util.ArrayList[0]->ch.qos.logback.classic.jul.LevelChangePropagator["context"]->ch.qos.logback.classic.LoggerContext["copyOfListenerList"]->java.util.ArrayList[0]->ch.qos.logback.classic.jul.LevelChangePropagator["context"]->ch.qos.logback.classic.LoggerContext["copyOfListenerList"]->java.util.ArrayList[0]->ch.qos.logback.classic.jul.LevelChangePropagator["context"]->ch.qos.logback.classic.LoggerContext["copyOfListenerList"]->java.util.ArrayList[0]->ch.qos.logback.classic.jul.LevelChangePropagator["context"]->ch.qos.logback.classic.LoggerContext["copyOfListenerList"]->java.util.ArrayList[0]->ch.qos.logback.classic.jul.LevelChangePropagator["context"]->ch.qos.logback.classic.LoggerContext["copyOfListenerList"]->java.util.ArrayList[0]->ch.qos.logback.classic.jul.LevelChangePropagator["context"]->ch.qos.logback.classic.LoggerContext["copyOfListenerList"]->java.util.ArrayList[0]->ch.qos.logback.classic.jul.LevelChangePropagator["context"]->ch.qos.logback.classic.LoggerContext["copyOfListenerList"]->java.util.ArrayList[0]->ch.qos.logback.classic.jul.LevelChangePropagator["context"]->ch.qos.logback.classic.LoggerContext["copyOfListenerList"]->java.util.ArrayList[0]->ch.qos.logback.classic.jul.LevelChangePropagator["context"]->ch.qos.logback.classic.LoggerContext["copyOfListenerList"]->java.util.ArrayList[0]->ch.qos.logback.classic.jul.LevelChangePropagator["context"]->ch.qos.logback.classic.LoggerContext["copyOfListenerList"]->java.util.ArrayList[0]->ch.qos.logback.classic.jul.LevelChangePropagator["context"]->ch.qos.logback.classic.LoggerContext["copyOfListenerList"]->java.util.ArrayList[0]->ch.qos.logback.classic.jul.LevelChangePropagator["context"]->ch.qos.logback.classic.LoggerContext["copyOfListenerList"]->java.util.ArrayList[0]->ch.qos.logback.classic.jul.LevelChangePropagator["context"]->ch.qos.logback.classic.LoggerContext["copyOfListenerList"]->java.util.ArrayList[0]->ch.qos.logback.classic.jul.LevelChangePropagator["context"]->ch.qos.logback.classic.LoggerContext["copyOfListenerList"]->java.util.ArrayList[0]->ch.qos.logback.classic.jul.LevelChangePropagator["context"]->ch.qos.logback.classic.LoggerContext["copyOfListenerList"]->java.util.ArrayList[0]->ch.qos.logback.classic.jul.LevelChangePropagator["context"]->ch.qos.logback.classic.LoggerContext["copyOfListenerList"]->java.util.ArrayList[0]->ch.qos.logback.classic.jul.LevelChangePropagator["context"]->ch.qos.logback.classic.LoggerContext["copyOfListenerList"]->java.util.ArrayList[0]->ch.qos.logback.classic.jul.LevelChangePropagator["context"]->ch.qos.logback.classic.LoggerContext["copyOfListenerList"]->java.util.ArrayList[0]->ch.qos.logback.classic.jul.LevelChangePropagator["context"]->ch.qos.logback.classic.LoggerContext["copyOfListenerList"]->java.util.ArrayList[0]->ch.qos.logback.classic.jul.LevelChangePropagator["context"]->ch.qos.logback.classic.LoggerContext["copyOfListenerList"]->java.util.ArrayList[0]->ch.qos.logback.classic.jul.LevelChangePropagator["context"]->ch.qos.logback.classic.LoggerContext["copyOfListenerList"]->java.util.ArrayList[0]->ch.qos.logback.classic.jul.LevelChangePropagator["context"]->ch.qos.logback.classic.LoggerContext["copyOfListenerList"]->java.util.ArrayList[0]->ch.qos.logback.classic.jul.LevelChangePropagator["context"]->ch.qos.logback.classic.LoggerContext["copyOfListenerList"]->java.util.ArrayList[0]->ch.qos.logback.classic.jul.LevelChangePropagator["context"]->ch.qos.logback.classic.LoggerContext["copyOfListenerList"]->java.util.ArrayList[0]->ch.qos.logback.classic.jul.LevelChangePropagator["context"]->ch.qos.logback.classic.LoggerContext["copyOfListenerList"]->java.util.ArrayList[0]->ch.qos.logback.classic.jul.LevelChangePropagator["context"]->ch.qos.logback.classic.LoggerContext["copyOfListenerList"]->java.util.ArrayList[0]->ch.qos.logback.classic.jul.LevelChangePropagator["context"]->ch.qos.logback.classic.LoggerContext["copyOfListenerList"]->java.util.ArrayList[0]->ch.qos.logback.classic.jul.LevelChangePropagator["context"]->ch.qos.logback.classic.LoggerContext["copyOfListenerList"]->java.util.ArrayList[0]->ch.qos.logback.classic.jul.LevelChangePropagator["context"]->ch.qos.logback.classic.LoggerContext["copyOfListenerList"]->java.util.ArrayList[0]->ch.qos.logback.classic.jul.LevelChangePropagator["context"]->ch.qos.logback.classic.LoggerContext["copyOfListenerList"]->java.util.ArrayList[0]->ch.qos.logback.classic.jul.LevelChangePropagator["context"]->ch.qos.logback.classic.LoggerContext["copyOfListenerList"]->java.util.ArrayList[0]->ch.qos.logback.classic.jul.LevelChangePropagator["context"]->ch.qos.logback.classic.LoggerContext["copyOfListenerList"]->java.util.ArrayList[0]->ch.qos.logback.classic.jul.LevelChangePropagator["context"]->ch.qos.logback.classic.LoggerContext["copyOfListenerList"]->java.util.ArrayList[0]->ch.qos.logback.classic.jul.LevelChangePropagator["context"]->ch.qos.logback.classic.LoggerContext["copyOfListenerList"]->java.util.ArrayList[0]->ch.qos.logback.classic.jul.LevelChangePropagator["context"]->ch.qos.logback.classic.LoggerContext["copyOfListenerList"]->java.util.ArrayList[0]->ch.qos.logback.classic.jul.LevelChangePropagator["context"]->ch.qos.logback.classic.LoggerContext["copyOfListenerList"]->java.util.ArrayList[0]->ch.qos.logback.classic.jul.LevelChangePropagator["context"]->ch.qos.logback.classic.LoggerContext["copyOfListenerList"]->java.util.ArrayList[0]->ch.qos.logback.classic.jul.LevelChangePropagator["context"]->ch.qos.logback.classic.LoggerContext["copyOfListenerList"]->java.util.ArrayList[0]->ch.qos.logback.classic.jul.LevelChangePropagator["context"]->ch.qos.logback.classic.LoggerContext["copyOfListenerList"]->java.util.ArrayList[0]->ch.qos.logback.classic.jul.LevelChangePropagator["context"]->ch.qos.logback.classic.LoggerContext["copyOfListenerList"]->java.util.ArrayList[0]->ch.qos.logback.classic.jul.LevelChangePropagator["context"]->ch.qos.logback.classic.LoggerContext["copyOfListenerList"]->java.util.ArrayList[0]->ch.qos.logback.classic.jul.LevelChangePropagator["context"]->ch.qos.logback.classic.LoggerContext["copyOfListenerList"]->java.util.ArrayList[0]->ch.qos.logback.classic.jul.LevelChangePropagator["context"]->ch.qos.logback.classic.LoggerContext["copyOfListenerList"]->java.util.ArrayList[0]->ch.qos.logback.classic.jul.LevelChangePropagator["context"]->ch.qos.logback.classic.LoggerContext["copyOfListenerList"]->java.util.ArrayList[0]->ch.qos.logback.classic.jul.LevelChangePropagator["context"]->ch.qos.logback.classic.LoggerContext["copyOfListenerList"]->java.util.ArrayList[0]->ch.qos.logback.classic.jul.LevelChangePropagator["context"]->ch.qos.logback.classic.LoggerContext["copyOfListenerList"]->java.util.ArrayList[0]->ch.qos.logback.classic.jul.LevelChangePropagator["context"]->ch.qos.logback.classic.LoggerContext["copyOfListenerList"]->java.util.ArrayList[0]->ch.qos.logback.classic.jul.LevelChangePropagator["context"]->ch.qos.logback.classic.LoggerContext["copyOfListenerList"]->java.util.ArrayList[0]->ch.qos.logback.classic.jul.LevelChangePropagator["context"]->ch.qos.logback.classic.LoggerContext["copyOfListenerList"]->java.util.ArrayList[0]->ch.qos.logback.classic.jul.LevelChangePropagator["context"]->ch.qos.logback.classic.LoggerContext["copyOfListenerList"]->java.util.ArrayList[0]->ch.qos.logback.classic.jul.LevelChangePropagator["context"]->ch.qos.logback.classic.LoggerContext["copyOfListenerList"]->java.util.ArrayList[0]->ch.qos.logback.classic.jul.LevelChangePropagator["context"]->ch.qos.logback.classic.LoggerContext["copyOfListenerList"]->java.util.ArrayList[0]->ch.qos.logback.classic.jul.LevelChangePropagator["context"]->ch.qos.logback.classic.LoggerContext["copyOfListenerList"]->java.util.ArrayList[0]->ch.qos.logback.classic.jul.LevelChangePropagator["context"]->ch.qos.logback.classic.LoggerContext["copyOfListenerList"]->java.util.ArrayList[0]->ch.qos.logback.classic.jul.LevelChangePropagator["context"]->ch.qos.logback.classic.LoggerContext["copyOfListenerList"]->java.util.ArrayList[0]->ch.qos.logback.classic.jul.LevelChangePropagator["context"]->ch.qos.logback.classic.LoggerContext["copyOfListenerList"]->java.util.ArrayList[0]->ch.qos.logback.classic.jul.LevelChangePropagator["context"]->ch.qos.logback.classic.LoggerContext["copyOfListenerList"]->java.util.ArrayList[0]->ch.qos.logback.classic.jul.LevelChangePropagator["context"]->ch.qos.logback.classic.LoggerContext["copyOfListenerList"]->java.util.ArrayList[0]->ch.qos.logback.classic.jul.LevelChangePropagator["context"]->ch.qos.logback.classic.LoggerContext["copyOfListenerList"]->java.util.ArrayList[0]->ch.qos.logback.classic.jul.LevelChangePropagator["context"]->ch.qos.logback.classic.LoggerContext["copyOfListenerList"]->java.util.ArrayList[0]->ch.qos.logback.classic.jul.LevelChangePropagator["context"]->ch.qos.logback.classic.LoggerContext["copyOfListenerList"]->java.util.ArrayList[0]->ch.qos.logback.classic.jul.LevelChangePropagator["context"]->ch.qos.logback.classic.LoggerContext["copyOfListenerList"]->java.util.ArrayList[0]->ch.qos.logback.classic.jul.LevelChangePropagator["context"]->ch.qos.logback.classic.LoggerContext["copyOfListenerList"]->java.util.ArrayList[0]->ch.qos.logback.classic.jul.LevelChangePropagator["context"]->ch.qos.logback.classic.LoggerContext["copyOfListenerList"]->java.util.ArrayList[0]->ch.qos.logback.classic.jul.LevelChangePropagator["context"]->ch.qos.logback.classic.LoggerContext["copyOfListenerList"]->java.util.ArrayList[0]->ch.qos.logback.classic.jul.LevelChangePropagator["context"]->ch.qos.logback.classic.LoggerContext["copyOfListenerList"]->java.util.ArrayList[0]->ch.qos.logback.classic.jul.LevelChangePropagator["context"]->ch.qos.logback.classic.LoggerContext["copyOfListenerList"]->java.util.ArrayList[0]->ch.qos.logback.classic.jul.LevelChangePropagator["context"]->ch.qos.logback.classic.LoggerContext["copyOfListenerList"]->java.util.ArrayList[0]->ch.qos.logback.classic.jul.LevelChangePropagator["context"]->ch.qos.logback.classic.LoggerContext["copyOfListenerList"]->java.util.ArrayList[0]->ch.qos.logback.classic.jul.LevelChangePropagator["context"]->ch.qos.logback.classic.LoggerContext["copyOfListenerList"]->java.util.ArrayList[0]->ch.qos.logback.classic.jul.LevelChangePropagator["context"]->ch.qos.logback.classic.LoggerContext["copyOfListenerList"]->java.util.ArrayList[0]->ch.qos.logback.classic.jul.LevelChangePropagator["context"]->ch.qos.logback.classic.LoggerContext["copyOfListenerList"]->java.util.ArrayList[0]->ch.qos.logback.classic.jul.LevelChangePropagator["context"]->ch.qos.logback.classic.LoggerContext["copyOfListenerList"]->java.util.ArrayList[0]->ch.qos.logback.classic.jul.LevelChangePropagator["context"]->ch.qos.logback.classic.LoggerContext["copyOfListenerList"]->java.util.ArrayList[0]->ch.qos.logback.classic.jul.LevelChangePropagator["context"]->ch.qos.logback.classic.LoggerContext["copyOfListenerList"]->java.util.ArrayList[0]->ch.qos.logback.classic.jul.LevelChangePropagator["context"]->ch.qos.logback.classic.LoggerContext["copyOfListenerList"]->java.util.ArrayList[0]->ch.qos.logback.classic.jul.LevelChangePropagator["context"]->ch.qos.logback.classic.LoggerContext["copyOfListenerList"]->java.util.ArrayList[0]->ch.qos.logback.classic.jul.LevelChangePropagator["context"]->ch.qos.logback.classic.LoggerContext["copyOfListenerList"]->java.util.ArrayList[0]->ch.qos.logback.classic.jul.LevelChangePropagator["context"]->ch.qos.logback.classic.LoggerContext["copyOfListenerList"]->java.util.ArrayList[0]->ch.qos.logback.classic.jul.LevelChangePropagator["context"]->ch.qos.logback.classic.LoggerContext["copyOfListenerList"]->java.util.ArrayList[0]->ch.qos.logback.classic.jul.LevelChangePropagator["context"]->ch.qos.logback.classic.LoggerContext["copyOfListenerList"]->java.util.ArrayList[0]->ch.qos.logback.classic.jul.LevelChangePropagator["context"]->ch.qos.logback.classic.LoggerContext["copyOfListenerList"]->java.util.ArrayList[0]->ch.qos.logback.classic.jul.LevelChangePropagator["context"]->ch.qos.logback.classic.LoggerContext["copyOfListenerList"]->java.util.ArrayList[0]->ch.qos.logback.classic.jul.LevelChangePropagator["context"]->ch.qos.logback.classic.LoggerContext["copyOfListenerList"]->java.util.ArrayList[0]->ch.qos.logback.classic.jul.LevelChangePropagator["context"]->ch.qos.logback.classic.LoggerContext["copyOfListenerList"]->java.util.ArrayList[0]->ch.qos.logback.classic.jul.LevelChangePropagator["context"]->ch.qos.logback.classic.LoggerContext["copyOfListenerList"]->java.util.ArrayList[0]->ch.qos.logback.classic.jul.LevelChangePropagator["context"]->ch.qos.logback.classic.LoggerContext["copyOfListenerList"]->java.util.ArrayList[0]->ch.qos.logback.classic.jul.LevelChangePropagator["context"]->ch.qos.logback.classic.LoggerContext["copyOfListenerList"]->java.util.ArrayList[0]->ch.qos.logback.classic.jul.LevelChangePropagator["context"]->ch.qos.logback.classic.LoggerContext["copyOfListenerList"]->java.util.ArrayList[0]->ch.qos.logback.classic.jul.LevelChangePropagator["context"]->ch.qos.logback.classic.LoggerContext["copyOfListenerList"]->java.util.ArrayList[0]->ch.qos.logback.classic.jul.LevelChangePropagator["context"]->ch.qos.logback.classic.LoggerContext["copyOfListenerList"]->java.util.ArrayList[0]->ch.qos.logback.classic.jul.LevelChangePropagator["context"]->ch.qos.logback.classic.LoggerContext["copyOfListenerList"]->java.util.ArrayList[0]->ch.qos.logback.classic.jul.LevelChangePropagator["context"]->ch.qos.logback.classic.LoggerContext["copyOfListenerList"]->java.util.ArrayList[0]->ch.qos.logback.classic.jul.LevelChangePropagator["context"]->ch.qos.logback.classic.LoggerContext["copyOfListenerList"]->java.util.ArrayList[0]->ch.qos.logback.classic.jul.LevelChangePropagator["context"]->ch.qos.logback.classic.LoggerContext["copyOfListenerList"]->java.util.ArrayList[0]->ch.qos.logback.classic.jul.LevelChangePropagator["context"]->ch.qos.logback.classic.LoggerContext["copyOfListenerList"]->java.util.ArrayList[0]->ch.qos.logback.classic.jul.LevelChangePropagator["context"]->ch.qos.logback.classic.LoggerContext["copyOfListenerList"]->java.util.ArrayList[0]->ch.qos.logback.classic.jul.LevelChangePropagator["context"]->ch.qos.logback.classic.LoggerContext["copyOfListenerList"]->java.util.ArrayList[0]->ch.qos.logback.classic.jul.LevelChangePropagator["context"]->ch.qos.logback.classic.LoggerContext["copyOfListenerList"]->java.util.ArrayList[0]->ch.qos.logback.classic.jul.LevelChangePropagator["context"]->ch.qos.logback.classic.LoggerContext["copyOfListenerList"]->java.util.ArrayList[0]->ch.qos.logback.classic.jul.LevelChangePropagator["context"]->ch.qos.logback.classic.LoggerContext["copyOfListenerList"]->java.util.ArrayList[0]->ch.qos.logback.classic.jul.LevelChangePropagator["context"]->ch.qos.logback.classic.LoggerContext["copyOfListenerList"]->java.util.ArrayList[0]->ch.qos.logback.classic.jul.LevelChangePropagator["context"]->ch.qos.logback.classic.LoggerContext["copyOfListenerList"]->java.util.ArrayList[0]->ch.qos.logback.classic.jul.LevelChangePropagator["context"]->ch.qos.logback.classic.LoggerContext["copyOfListenerList"]->java.util.ArrayList[0]->ch.qos.logback.classic.jul.LevelChangePropagator["context"]->ch.qos.logback.classic.LoggerContext["copyOfListenerList"]->java.util.ArrayList[0]->ch.qos.logback.classic.jul.LevelChangePropagator["context"]->ch.qos.logback.classic.LoggerContext["copyOfListenerList"]->java.util.ArrayList[0]->ch.qos.logback.classic.jul.LevelChangePropagator["context"]->ch.qos.logback.classic.LoggerContext["copyOfListenerList"]->java.util.ArrayList[0]->ch.qos.logback.classic.jul.LevelChangePropagator["context"]->ch.qos.logback.classic.LoggerContext["copyOfListenerList"]->java.util.ArrayList[0]->ch.qos.logback.classic.jul.LevelChangePropagator["context"]->ch.qos.logback.classic.LoggerContext["copyOfListenerList"]->java.util.ArrayList[0]->ch.qos.logback.classic.jul.LevelChangePropagator["context"]->ch.qos.logback.classic.LoggerContext["copyOfListenerList"]->java.util.ArrayList[0]->ch.qos.logback.classic.jul.LevelChangePropagator["context"]->ch.qos.logback.classic.LoggerContext["copyOfListenerList"]->java.util.ArrayList[0]->ch.qos.logback.classic.jul.LevelChangePropagator["context"]->ch.qos.logback.classic.LoggerContext["copyOfListenerList"]->java.util.ArrayList[0]->ch.qos.logback.classic.jul.LevelChangePropagator["context"]->ch.qos.logback.classic.LoggerContext["copyOfListenerList"]->java.util.ArrayList[0]->ch.qos.logback.classic.jul.LevelChangePropagator["context"]->ch.qos.logback.classic.LoggerContext["copyOfListenerList"]->java.util.ArrayList[0]->ch.qos.logback.classic.jul.LevelChangePropagator["context"]->ch.qos.logback.classic.LoggerContext["copyOfListenerList"]->java.util.ArrayList[0]->ch.qos.logback.classic.jul.LevelChangePropagator["context"]->ch.qos.logback.classic.LoggerContext["copyOfListenerList"]->java.util.ArrayList[0]->ch.qos.logback.classic.jul.LevelChangePropagator["context"]->ch.qos.logback.classic.LoggerContext["copyOfListenerList"]->java.util.ArrayList[0]->ch.qos.logback.classic.jul.LevelChangePropagator["context"]->ch.qos.logback.classic.LoggerContext["copyOfListenerList"]->java.util.ArrayList[0]->ch.qos.logback.classic.jul.LevelChangePropagator["context"]->ch.qos.logback.classic.LoggerContext["copyOfListenerList"]->java.util.ArrayList[0]->ch.qos.logback.classic.jul.LevelChangePropagator["context"]->ch.qos.logback.classic.LoggerContext["copyOfListenerList"]->java.util.ArrayList[0]->ch.qos.logback.classic.jul.LevelChangePropagator["context"]->ch.qos.logback.classic.LoggerContext["copyOfListenerList"]->java.util.ArrayList[0]->ch.qos.logback.classic.jul.LevelChangePropagator["context"]->ch.qos.logback.classic.LoggerContext["copyOfListenerList"]->java.util.ArrayList[0]->ch.qos.logback.classic.jul.LevelChangePropagator["context"]->ch.qos.logback.classic.LoggerContext["copyOfListenerList"]->java.util.ArrayList[0]->ch.qos.logback.classic.jul.LevelChangePropagator["context"]->ch.qos.logback.classic.LoggerContext["copyOfListenerList"]->java.util.ArrayList[0]->ch.qos.logback.classic.jul.LevelChangePropagator["context"]->ch.qos.logback.classic.LoggerContext["copyOfListenerList"]->java.util.ArrayList[0]->ch.qos.logback.classic.jul.LevelChangePropagator["context"]->ch.qos.logback.classic.LoggerContext["copyOfListenerList"]->java.util.ArrayList[0]->ch.qos.logback.classic.jul.LevelChangePropagator["context"]->ch.qos.logback.classic.LoggerContext["copyOfListenerList"]->java.util.ArrayList[0]->ch.qos.logback.classic.jul.LevelChangePropagator["context"]->ch.qos.logback.classic.LoggerContext["copyOfListenerList"]->java.util.ArrayList[0]->ch.qos.logback.classic.jul.LevelChangePropagator["context"]->ch.qos.logback.classic.LoggerContext["copyOfListenerList"]->java.util.ArrayList[0]->ch.qos.logback.classic.jul.LevelChangePropagator["context"]->ch.qos.logback.classic.LoggerContext["copyOfListenerList"]->java.util.ArrayList[0]->ch.qos.logback.classic.jul.LevelChangePropagator["context"]->ch.qos.logback.classic.LoggerContext["copyOfListenerList"]->java.util.ArrayList[0]->ch.qos.logback.classic.jul.LevelChangePropagator["context"]->ch.qos.logback.classic.LoggerContext["copyOfListenerList"]->java.util.ArrayList[0]->ch.qos.logback.classic.jul.LevelChangePropagator["context"]->ch.qos.logback.classic.LoggerContext["copyOfListenerList"]->java.util.ArrayList[0]->ch.qos.logback.classic.jul.LevelChangePropagator["context"]->ch.qos.logback.classic.LoggerContext["copyOfListenerList"]->java.util.ArrayList[0]->ch.qos.logback.classic.jul.LevelChangePropagator["context"]->ch.qos.logback.classic.LoggerContext["copyOfListenerList"]->java.util.ArrayList[0]->ch.qos.logback.classic.jul.LevelChangePropagator["context"]->ch.qos.logback.classic.LoggerContext["copyOfListenerList"]->java.util.ArrayList[0]->ch.qos.logback.classic.jul.LevelChangePropagator["context"]->ch.qos.logback.classic.LoggerContext["copyOfListenerList"]->java.util.ArrayList[0]->ch.qos.logback.classic.jul.LevelChangePropagator["context"]->ch.qos.logback.classic.LoggerContext["copyOfListenerList"]->java.util.ArrayList[0]->ch.qos.logback.classic.jul.LevelChangePropagator["context"]->ch.qos.logback.classic.LoggerContext["copyOfListenerList"]->java.util.ArrayList[0]->ch.qos.logback.classic.jul.LevelChangePropagator["context"]->ch.qos.logback.classic.LoggerContext["copyOfListenerList"]->java.util.ArrayList[0]->ch.qos.logback.classic.jul.LevelChangePropagator["context"]->ch.qos.logback.classic.LoggerContext["copyOfListenerList"]->java.util.ArrayList[0]->ch.qos.logback.classic.jul.LevelChangePropagator["context"]->ch.qos.logback.classic.LoggerContext["copyOfListenerList"]->java.util.ArrayList[0]->ch.qos.logback.classic.jul.LevelChangePropagator["context"]->ch.qos.logback.classic.LoggerContext["copyOfListenerList"]->java.util.ArrayList[0]->ch.qos.logback.classic.jul.LevelChangePropagator["context"]->ch.qos.logback.classic.LoggerContext["copyOfListenerList"]->java.util.ArrayList[0]->ch.qos.logback.classic.jul.LevelChangePropagator["context"]->ch.qos.logback.classic.LoggerContext["copyOfListenerList"]->java.util.ArrayList[0]->ch.qos.logback.classic.jul.LevelChangePropagator["context"]->ch.qos.logback.classic.LoggerContext["copyOfListenerList"]->java.util.ArrayList[0]->ch.qos.logback.classic.jul.LevelChangePropagator["context"]->ch.qos.logback.classic.LoggerContext["copyOfListenerList"]->java.util.ArrayList[0]->ch.qos.logback.classic.jul.LevelChangePropagator["context"]->ch.qos.logback.classic.LoggerContext["copyOfListenerList"]->java.util.ArrayList[0]->ch.qos.logback.classic.jul.LevelChangePropagator["context"]->ch.qos.logback.classic.LoggerContext["copyOfListenerList"]->java.util.ArrayList[0]->ch.qos.logback.classic.jul.LevelChangePropagator["context"]->ch.qos.logback.classic.LoggerContext["copyOfListenerList"]->java.util.ArrayList[0]->ch.qos.logback.classic.jul.LevelChangePropagator["context"]->ch.qos.logback.classic.LoggerContext["copyOfListenerList"]->java.util.ArrayList[0]->ch.qos.logback.classic.jul.LevelChangePropagator["context"]->ch.qos.logback.classic.LoggerContext["copyOfListenerList"]->java.util.ArrayList[0]->ch.qos.logback.classic.jul.LevelChangePropagator["context"]->ch.qos.logback.classic.LoggerContext["copyOfListenerList"]->java.util.ArrayList[0]->ch.qos.logback.classic.jul.LevelChangePropagator["context"]->ch.qos.logback.classic.LoggerContext["copyOfListenerList"]->java.util.ArrayList[0]->ch.qos.logback.classic.jul.LevelChangePropagator["context"]->ch.qos.logback.classic.LoggerContext["copyOfListenerList"]->java.util.ArrayList[0]->ch.qos.logback.classic.jul.LevelChangePropagator["context"]->ch.qos.logback.classic.LoggerContext["copyOfListenerList"]->java.util.ArrayList[0]->ch.qos.logback.classic.jul.LevelChangePropagator["context"]->ch.qos.logback.classic.LoggerContext["copyOfListenerList"]->java.util.ArrayList[0]->ch.qos.logback.classic.jul.LevelChangePropagator["context"]->ch.qos.logback.classic.LoggerContext["copyOfListenerList"]->java.util.ArrayList[0]->ch.qos.logback.classic.jul.LevelChangePropagator["context"]->ch.qos.logback.classic.LoggerContext["copyOfListenerList"]->java.util.ArrayList[0]->ch.qos.logback.classic.jul.LevelChangePropagator["context"]->ch.qos.logback.classic.LoggerContext["copyOfListenerList"]->java.util.ArrayList[0]->ch.qos.logback.classic.jul.LevelChangePropagator["context"]->ch.qos.logback.classic.LoggerContext["copyOfListenerList"]->java.util.ArrayList[0]->ch.qos.logback.classic.jul.LevelChangePropagator["context"]->ch.qos.logback.classic.LoggerContext["copyOfListenerList"]->java.util.ArrayList[0]->ch.qos.logback.classic.jul.LevelChangePropagator["context"]->ch.qos.logback.classic.LoggerContext["copyOfListenerList"]->java.util.ArrayList[0]->ch.qos.logback.classic.jul.LevelChangePropagator["context"]->ch.qos.logback.classic.LoggerContext["copyOfListenerList"]->java.util.ArrayList[0]->ch.qos.logback.classic.jul.LevelChangePropagator["context"]->ch.qos.logback.classic.LoggerContext["copyOfListenerList"]->java.util.ArrayList[0]->ch.qos.logback.classic.jul.LevelChangePropagator["context"]->ch.qos.logback.classic.LoggerContext["copyOfListenerList"]->java.util.ArrayList[0]->ch.qos.logback.classic.jul.LevelChangePropagator["context"]->ch.qos.logback.classic.LoggerContext["copyOfListenerList"]->java.util.ArrayList[0]->ch.qos.logback.classic.jul.LevelChangePropagator["context"]->ch.qos.logback.classic.LoggerContext["copyOfListenerList"]->java.util.ArrayList[0]->ch.qos.logback.classic.jul.LevelChangePropagator["context"]->ch.qos.logback.classic.LoggerContext["copyOfListenerList"]->java.util.ArrayList[0]->ch.qos.logback.classic.jul.LevelChangePropagator["context"]->ch.qos.logback.classic.LoggerContext["copyOfListenerList"]->java.util.ArrayList[0]->ch.qos.logback.classic.jul.LevelChangePropagator["context"]->ch.qos.logback.classic.LoggerContext["copyOfListenerList"]->java.util.ArrayList[0]->ch.qos.logback.classic.jul.LevelChangePropagator["context"]->ch.qos.logback.classic.LoggerContext["copyOfListenerList"]->java.util.ArrayList[0]->ch.qos.logback.classic.jul.LevelChangePropagator["context"]->ch.qos.logback.classic.LoggerContext["copyOfListenerList"]->java.util.ArrayList[0]->ch.qos.logback.classic.jul.LevelChangePropagator["context"]->ch.qos.logback.classic.LoggerContext["copyOfListenerList"]->java.util.ArrayList[0]->ch.qos.logback.classic.jul.LevelChangePropagator["context"]->ch.qos.logback.classic.LoggerContext["copyOfListenerList"]->java.util.ArrayList[0]->ch.qos.logback.classic.jul.LevelChangePropagator["context"]->ch.qos.logback.classic.LoggerContext["copyOfListenerList"]->java.util.ArrayList[0]->ch.qos.logback.classic.jul.LevelChangePropagator["context"]->ch.qos.logback.classic.LoggerContext["copyOfListenerList"]->java.util.ArrayList[0]->ch.qos.logback.classic.jul.LevelChangePropagator["context"]->ch.qos.logback.classic.LoggerContext["copyOfListenerList"]->java.util.ArrayList[0]->ch.qos.logback.classic.jul.LevelChangePropagator["context"]->ch.qos.logback.classic.LoggerContext["copyOfListenerList"]->java.util.ArrayList[0]->ch.qos.logback.classic.jul.LevelChangePropagator["context"]->ch.qos.logback.classic.LoggerContext["copyOfListenerList"]->java.util.ArrayList[0]->ch.qos.logback.classic.jul.LevelChangePropagator["context"]->ch.qos.logback.classic.LoggerContext["copyOfListenerList"]->java.util.ArrayList[0]->ch.qos.logback.classic.jul.LevelChangePropagator["context"]->ch.qos.logback.classic.LoggerContext["copyOfListenerList"]->java.util.ArrayList[0]->ch.qos.logback.classic.jul.LevelChangePropagator["context"]->ch.qos.logback.classic.LoggerContext["copyOfListenerList"]->java.util.ArrayList[0]->ch.qos.logback.classic.jul.LevelChangePropagator["context"]->ch.qos.logback.classic.LoggerContext["copyOfListenerList"]->java.util.ArrayList[0]->ch.qos.logback.classic.jul.LevelChangePropagator["context"]->ch.qos.logback.classic.LoggerContext["copyOfListenerList"]->java.util.ArrayList[0]->ch.qos.logback.classic.jul.LevelChangePropagator["context"]->ch.qos.logback.classic.LoggerContext["copyOfListenerList"]->java.util.ArrayList[0]->ch.qos.logback.classic.jul.LevelChangePropagator["context"]->ch.qos.logback.classic.LoggerContext["copyOfListenerList"]->java.util.ArrayList[0]->ch.qos.logback.classic.jul.LevelChangePropagator["context"]->ch.qos.logback.classic.LoggerContext["copyOfListenerList"]->java.util.ArrayList[0]->ch.qos.logback.classic.jul.LevelChangePropagator["context"]->ch.qos.logback.classic.LoggerContext["copyOfListenerList"]->java.util.ArrayList[0]->ch.qos.logback.classic.jul.LevelChangePropagator["context"]->ch.qos.logback.classic.LoggerContext["copyOfListenerList"]->java.util.ArrayList[0]->ch.qos.logback.classic.jul.LevelChangePropagator["context"]->ch.qos.logback.classic.LoggerContext["copyOfListenerList"]->java.util.ArrayList[0]->ch.qos.logback.classic.jul.LevelChangePropagator["context"]->ch.qos.logback.classic.LoggerContext["copyOfListenerList"]->java.util.ArrayList[0]->ch.qos.logback.classic.jul.LevelChangePropagator["context"]->ch.qos.logback.classic.LoggerContext["copyOfListenerList"]->java.util.ArrayList[0]->ch.qos.logback.classic.jul.LevelChangePropagator["context"]->ch.qos.logback.classic.LoggerContext["copyOfListenerList"]->java.util.ArrayList[0]->ch.qos.logback.classic.jul.LevelChangePropagator["context"]->ch.qos.logback.classic.LoggerContext["copyOfListenerList"]->java.util.ArrayList[0]->ch.qos.logback.classic.jul.LevelChangePropagator["context"]->ch.qos.logback.classic.LoggerContext["copyOfListenerList"]->java.util.ArrayList[0]->ch.qos.logback.classic.jul.LevelChangePropagator["context"]->ch.qos.logback.classic.LoggerContext["copyOfListenerList"]->java.util.ArrayList[0]->ch.qos.logback.classic.jul.LevelChangePropagator["context"]->ch.qos.logback.classic.LoggerContext["copyOfListenerList"]->java.util.ArrayList[0]->ch.qos.logback.classic.jul.LevelChangePropagator["context"]->ch.qos.logback.classic.LoggerContext["copyOfListenerList"]->java.util.ArrayList[0]->ch.qos.logback.classic.jul.LevelChangePropagator["context"]->ch.qos.logback.classic.LoggerContext["copyOfListenerList"]->java.util.ArrayList[0]->ch.qos.logback.classic.jul.LevelChangePropagator["context"]->ch.qos.logback.classic.LoggerContext["copyOfListenerList"]->java.util.ArrayList[0]->ch.qos.logback.classic.jul.LevelChangePropagator["context"]->ch.qos.logback.classic.LoggerContext["copyOfListenerList"]->java.util.ArrayList[0]->ch.qos.logback.classic.jul.LevelChangePropagator["context"]->ch.qos.logback.classic.LoggerContext["copyOfListenerList"]->java.util.ArrayList[0]->ch.qos.logback.classic.jul.LevelChangePropagator["context"]->ch.qos.logback.classic.LoggerContext["copyOfListenerList"]->java.util.ArrayList[0]->ch.qos.logback.classic.jul.LevelChangePropagator["context"]->ch.qos.logback.classic.LoggerContext["copyOfListenerList"]->java.util.ArrayList[0]->ch.qos.logback.classic.jul.LevelChangePropagator["context"]->ch.qos.logback.classic.LoggerContext["copyOfListenerList"]->java.util.ArrayList[0]->ch.qos.logback.classic.jul.LevelChangePropagator["context"]->ch.qos.logback.classic.LoggerContext["copyOfListenerList"]->java.util.ArrayList[0]->ch.qos.logback.classic.jul.LevelChangePropagator["context"]->ch.qos.logback.classic.LoggerContext["copyOfListenerList"]->java.util.ArrayList[0]->ch.qos.logback.classic.jul.LevelChangePropagator["context"]->ch.qos.logback.classic.LoggerContext["copyOfListenerList"]->java.util.ArrayList[0]->ch.qos.logback.classic.jul.LevelChangePropagator["context"]->ch.qos.logback.classic.LoggerContext["copyOfListenerList"]->java.util.ArrayList[0]->ch.qos.logback.classic.jul.LevelChangePropagator["context"]->ch.qos.logback.classic.LoggerContext["copyOfListenerList"]->java.util.ArrayList[0]->ch.qos.logback.classic.jul.LevelChangePropagator["context"]->ch.qos.logback.classic.LoggerContext["copyOfListenerList"]->java.util.ArrayList[0]->ch.qos.logback.classic.jul.LevelChangePropagator["context"]->ch.qos.logback.classic.LoggerContext["copyOfListenerList"]->java.util.ArrayList[0]->ch.qos.logback.classic.jul.LevelChangePropagator["context"]->ch.qos.logback.classic.LoggerContext["copyOfListenerList"]->java.util.ArrayList[0]->ch.qos.logback.classic.jul.LevelChangePropagator["context"]->ch.qos.logback.classic.LoggerContext["copyOfListenerList"]->java.util.ArrayList[0]->ch.qos.logback.classic.jul.LevelChangePropagator["context"]->ch.qos.logback.classic.LoggerContext["copyOfListenerList"]->java.util.ArrayList[0]->ch.qos.logback.classic.jul.LevelChangePropagator["context"]->ch.qos.logback.classic.LoggerContext["copyOfListenerList"]->java.util.ArrayList[0]->ch.qos.logback.classic.jul.LevelChangePropagator["context"]->ch.qos.logback.classic.LoggerContext["copyOfListenerList"]->java.util.ArrayList[0]->ch.qos.logback.classic.jul.LevelChangePropagator["context"]->ch.qos.logback.classic.LoggerContext["copyOfListenerList"]->java.util.ArrayList[0]->ch.qos.logback.classic.jul.LevelChangePropagator["context"]->ch.qos.logback.classic.LoggerContext["copyOfListenerList"]->java.util.ArrayList[0]->ch.qos.logback.classic.jul.LevelChangePropagator["context"]->ch.qos.logback.classic.LoggerContext["copyOfListenerList"]->java.util.ArrayList[0]->ch.qos.logback.classic.jul.LevelChangePropagator["context"]->ch.qos.logback.classic.LoggerContext["copyOfListenerList"]->java.util.ArrayList[0]->ch.qos.logback.classic.jul.LevelChangePropagator["context"]->ch.qos.logback.classic.LoggerContext["copyOfListenerList"]->java.util.ArrayList[0]->ch.qos.logback.classic.jul.LevelChangePropagator["context"]->ch.qos.logback.classic.LoggerContext["copyOfListenerList"]->java.util.ArrayList[0]->ch.qos.logback.classic.jul.LevelChangePropagator["context"]->ch.qos.logback.classic.LoggerContext["copyOfListenerList"]->java.util.ArrayList[0]->ch.qos.logback.classic.jul.LevelChangePropagator["context"]->ch.qos.logback.classic.LoggerContext["copyOfListenerList"]->java.util.ArrayList[0]->ch.qos.logback.classic.jul.LevelChangePropagator["context"]->ch.qos.logback.classic.LoggerContext["copyOfListenerList"]->java.util.ArrayList[0]->ch.qos.logback.classic.jul.LevelChangePropagator["context"]->ch.qos.logback.classic.LoggerContext["copyOfListenerList"]->java.util.ArrayList[0]->ch.qos.logback.classic.jul.LevelChangePropagator["context"]->ch.qos.logback.classic.LoggerContext["copyOfListenerList"]->java.util.ArrayList[0]->ch.qos.logback.classic.jul.LevelChangePropagator["context"]->ch.qos.logback.classic.LoggerContext["copyOfListenerList"]->java.util.ArrayList[0]->ch.qos.logback.classic.jul.LevelChangePropagator["context"]->ch.qos.logback.classic.LoggerContext["copyOfListenerList"]->java.util.ArrayList[0]->ch.qos.logback.classic.jul.LevelChangePropagator["context"]->ch.qos.logback.classic.LoggerContext["copyOfListenerList"]->java.util.ArrayList[0]->ch.qos.logback.classic.jul.LevelChangePropagator["context"]->ch.qos.logback.classic.LoggerContext["copyOfListenerList"]->java.util.ArrayList[0]->ch.qos.logback.classic.jul.LevelChangePropagator["context"]->ch.qos.logback.classic.LoggerContext["copyOfListenerList"]->java.util.ArrayList[0]->ch.qos.logback.classic.jul.LevelChangePropagator["context"]->ch.qos.logback.classic.LoggerContext["copyOfListenerList"]->java.util.ArrayList[0]->ch.qos.logback.classic.jul.LevelChangePropagator["context"]->ch.qos.logback.classic.LoggerContext["copyOfListenerList"]->java.util.ArrayList[0]->ch.qos.logback.classic.jul.LevelChangePropagator["context"]->ch.qos.logback.classic.LoggerContext["copyOfListenerList"]->java.util.ArrayList[0]->ch.qos.logback.classic.jul.LevelChangePropagator["context"]->ch.qos.logback.classic.LoggerContext["copyOfListenerList"]->java.util.ArrayList[0]->ch.qos.logback.classic.jul.LevelChangePropagator["context"]->ch.qos.logback.classic.LoggerContext["copyOfListenerList"]->java.util.ArrayList[0]->ch.qos.logback.classic.jul.LevelChangePropagator["context"]->ch.qos.logback.classic.LoggerContext["copyOfListenerList"]->java.util.ArrayList[0]->ch.qos.logback.classic.jul.LevelChangePropagator["context"]->ch.qos.logback.classic.LoggerContext["copyOfListenerList"]->java.util.ArrayList[0]->ch.qos.logback.classic.jul.LevelChangePropagator["context"]->ch.qos.logback.classic.LoggerContext["copyOfListenerList"]->java.util.ArrayList[0]->ch.qos.logback.classic.jul.LevelChangePropagator["context"]->ch.qos.logback.classic.LoggerContext["copyOfListenerList"]->java.util.ArrayList[0]->ch.qos.logback.classic.jul.LevelChangePropagator["context"]->ch.qos.logback.classic.LoggerContext["copyOfListenerList"]->java.util.ArrayList[0]->ch.qos.logback.classic.jul.LevelChangePropagator["context"]->ch.qos.logback.classic.LoggerContext["copyOfListenerList"]->java.util.ArrayList[0]->ch.qos.logback.classic.jul.LevelChangePropagator["context"]->ch.qos.logback.classic.LoggerContext["copyOfListenerList"]->java.util.ArrayList[0]->ch.qos.logback.classic.jul.LevelChangePropagator["context"]->ch.qos.logback.classic.LoggerContext["copyOfListenerList"]->java.util.ArrayList[0]->ch.qos.logback.classic.jul.LevelChangePropagator["context"]->ch.qos.logback.classic.LoggerContext["copyOfListenerList"]->java.util.ArrayList[0]->ch.qos.logback.classic.jul.LevelChangePropagator["context"]->ch.qos.logback.classic.LoggerContext["copyOfListenerList"]->java.util.ArrayList[0]->ch.qos.logback.classic.jul.LevelChangePropagator["context"]->ch.qos.logback.classic.LoggerContext["copyOfListenerList"]->java.util.ArrayList[0]->ch.qos.logback.classic.jul.LevelChangePropagator["context"]->ch.qos.logback.classic.LoggerContext["copyOfListenerList"]->java.util.ArrayList[0]->ch.qos.logback.classic.jul.LevelChangePropagator["context"]->ch.qos.logback.classic.LoggerContext["copyOfListenerList"]->java.util.ArrayList[0]->ch.qos.logback.classic.jul.LevelChangePropagator["context"]->ch.qos.logback.classic.LoggerContext["copyOfListenerList"]->java.util.ArrayList[0]->ch.qos.logback.classic.jul.LevelChangePropagator["context"]->ch.qos.logback.classic.LoggerContext["copyOfListenerList"]->java.util.ArrayList[0]->ch.qos.logback.classic.jul.LevelChangePropagator["context"]->ch.qos.logback.classic.LoggerContext["copyOfListenerList"]->java.util.ArrayList[0]->ch.qos.logback.classic.jul.LevelChangePropagator["context"]->ch.qos.logback.classic.LoggerContext["copyOfListenerList"]->java.util.ArrayList[0]->ch.qos.logback.classic.jul.LevelChangePropagator["context"]->ch.qos.logback.classic.LoggerContext["copyOfListenerList"]->java.util.ArrayList[0]->ch.qos.logback.classic.jul.LevelChangePropagator["context"]->ch.qos.logback.classic.LoggerContext["copyOfListenerList"]->java.util.ArrayList[0]->ch.qos.logback.classic.jul.LevelChangePropagator["context"]->ch.qos.logback.classic.LoggerContext["copyOfListenerList"]->java.util.ArrayList[0]->ch.qos.logback.classic.jul.LevelChangePropagator["context"]->ch.qos.logback.classic.LoggerContext["copyOfListenerList"]->java.util.ArrayList[0]->ch.qos.logback.classic.jul.LevelChangePropagator["context"]->ch.qos.logback.classic.LoggerContext["copyOfListenerList"]->java.util.ArrayList[0]->ch.qos.logback.classic.jul.LevelChangePropagator["context"]->ch.qos.logback.classic.LoggerContext["copyOfListenerList"]->java.util.ArrayList[0]->ch.qos.logback.classic.jul.LevelChangePropagator["context"]->ch.qos.logback.classic.LoggerContext["copyOfListenerList"]->java.util.ArrayList[0]->ch.qos.logback.classic.jul.LevelChangePropagator["context"]->ch.qos.logback.classic.LoggerContext["copyOfListenerList"]->java.util.ArrayList[0]->ch.qos.logback.classic.jul.LevelChangePropagator["context"]->ch.qos.logback.classic.LoggerContext["copyOfListenerList"]->java.util.ArrayList[0]->ch.qos.logback.classic.jul.LevelChangePropagator["context"]->ch.qos.logback.classic.LoggerContext["copyOfListenerList"]->java.util.ArrayList[0]->ch.qos.logback.classic.jul.LevelChangePropagator["context"]->ch.qos.logback.classic.LoggerContext["copyOfListenerList"]->java.util.ArrayList[0]->ch.qos.logback.classic.jul.LevelChangePropagator["context"]->ch.qos.logback.classic.LoggerContext["copyOfListenerList"]->java.util.ArrayList[0]->ch.qos.logback.classic.jul.LevelChangePropagator["context"]->ch.qos.logback.classic.LoggerContext["copyOfListenerList"]->java.util.ArrayList[0]->ch.qos.logback.classic.jul.LevelChangePropagator["context"]->ch.qos.logback.classic.LoggerContext["copyOfListenerList"]->java.util.ArrayList[0]->ch.qos.logback.classic.jul.LevelChangePropagator["context"]->ch.qos.logback.classic.LoggerContext["copyOfListenerList"]->java.util.ArrayList[0]->ch.qos.logback.classic.jul.LevelChangePropagator["context"]->ch.qos.logback.classic.LoggerContext["copyOfListenerList"]->java.util.ArrayList[0]->ch.qos.logback.classic.jul.LevelChangePropagator["context"]->ch.qos.logback.classic.LoggerContext["copyOfListenerList"]->java.util.ArrayList[0]->ch.qos.logback.classic.jul.LevelChangePropagator["context"]->ch.qos.logback.classic.LoggerContext["copyOfListenerList"]->java.util.ArrayList[0]->ch.qos.logback.classic.jul.LevelChangePropagator["context"]->ch.qos.logback.classic.LoggerContext["copyOfListenerList"]->java.util.ArrayList[0]->ch.qos.logback.classic.jul.LevelChangePropagator["context"]->ch.qos.logback.classic.LoggerContext["copyOfListenerList"]->java.util.ArrayList[0]->ch.qos.logback.classic.jul.LevelChangePropagator["context"]->ch.qos.logback.classic.LoggerContext["copyOfListenerList"]->java.util.ArrayList[0]->ch.qos.logback.classic.jul.LevelChangePropagator["context"]->ch.qos.logback.classic.LoggerContext["copyOfListenerList"]->java.util.ArrayList[0]->ch.qos.logback.classic.jul.LevelChangePropagator["context"]->ch.qos.logback.classic.LoggerContext["copyOfListenerList"]->java.util.ArrayList[0]->ch.qos.logback.classic.jul.LevelChangePropagator["context"]->ch.qos.logback.classic.LoggerContext["copyOfListenerList"]->java.util.ArrayList[0]->ch.qos.logback.classic.jul.LevelChangePropagator["context"]->ch.qos.logback.classic.LoggerContext["copyOfListenerList"]->java.util.ArrayList[0]->ch.qos.logback.classic.jul.LevelChangePropagator["context"]->ch.qos.logback.classic.LoggerContext["copyOfListenerList"]->java.util.ArrayList[0]->ch.qos.logback.classic.jul.LevelChangePropagator["context"]->ch.qos.logback.classic.LoggerContext["copyOfListenerList"]->java.util.ArrayList[0]->ch.qos.logback.classic.jul.LevelChangePropagator["context"]->ch.qos.logback.classic.LoggerContext["copyOfListenerList"]->java.util.ArrayList[0]->ch.qos.logback.classic.jul.LevelChangePropagator["context"]->ch.qos.logback.classic.LoggerContext["copyOfListenerList"]->java.util.ArrayList[0]->ch.qos.logback.classic.jul.LevelChangePropagator["context"]->ch.qos.logback.classic.LoggerContext["copyOfListenerList"]->java.util.ArrayList[0]->ch.qos.logback.classic.jul.LevelChangePropagator["context"]->ch.qos.logback.classic.LoggerContext["copyOfListenerList"]->java.util.ArrayList[0]->ch.qos.logback.classic.jul.LevelChangePropagator["context"]->ch.qos.logback.classic.LoggerContext["copyOfListenerList"]->java.util.ArrayList[0]->ch.qos.logback.classic.jul.LevelChangePropagator["context"]->ch.qos.logback.classic.LoggerContext["copyOfListenerList"]->java.util.ArrayList[0]->ch.qos.logback.classic.jul.LevelChangePropagator["context"]->ch.qos.logback.classic.LoggerContext["copyOfListenerList"]->java.util.ArrayList[0]->ch.qos.logback.classic.jul.LevelChangePropagator["context"]->ch.qos.logback.classic.LoggerContext["copyOfListenerList"]->java.util.ArrayList[0]->ch.qos.logback.classic.jul.LevelChangePropagator["context"]->ch.qos.logback.classic.LoggerContext["copyOfListenerList"]->java.util.ArrayList[0]->ch.qos.logback.classic.jul.LevelChangePropagator["context"]->ch.qos.logback.classic.LoggerContext["copyOfListenerList"]->java.util.ArrayList[0]->ch.qos.logback.classic.jul.LevelChangePropagator["context"]->ch.qos.logback.classic.LoggerContext["copyOfListenerList"]->java.util.ArrayList[0]->ch.qos.logback.classic.jul.LevelChangePropagator["context"]->ch.qos.logback.classic.LoggerContext["copyOfListenerList"]->java.util.ArrayList[0]->ch.qos.logback.classic.jul.LevelChangePropagator["context"]->ch.qos.logback.classic.LoggerContext["copyOfListenerList"]->java.util.ArrayList[0]->ch.qos.logback.classic.jul.LevelChangePropagator["context"]->ch.qos.logback.classic.LoggerContext["copyOfListenerList"]->java.util.ArrayList[0]->ch.qos.logback.classic.jul.LevelChangePropagator["context"]->ch.qos.logback.classic.LoggerContext["copyOfListenerList"]->java.util.ArrayList[0]->ch.qos.logback.classic.jul.LevelChangePropagator["context"]->ch.qos.logback.classic.LoggerContext["copyOfListenerList"]->java.util.ArrayList[0]->ch.qos.logback.classic.jul.LevelChangePropagator["context"]->ch.qos.logback.classic.LoggerContext["copyOfListenerList"]->java.util.ArrayList[0]->ch.qos.logback.classic.jul.LevelChangePropagator["context"]->ch.qos.logback.classic.LoggerContext["copyOfListenerList"]->java.util.ArrayList[0]->ch.qos.logback.classic.jul.LevelChangePropagator["context"]->ch.qos.logback.classic.LoggerContext["copyOfListenerList"]->java.util.ArrayList[0]->ch.qos.logback.classic.jul.LevelChangePropagator["context"]->ch.qos.logback.classic.LoggerContext["copyOfListenerList"]->java.util.ArrayList[0]->ch.qos.logback.classic.jul.LevelChangePropagator["context"]->ch.qos.logback.classic.LoggerContext["copyOfListenerList"]->java.util.ArrayList[0]->ch.qos.logback.classic.jul.LevelChangePropagator["context"]->ch.qos.logback.classic.LoggerContext["copyOfListenerList"]->java.util.ArrayList[0]->ch.qos.logback.classic.jul.LevelChangePropagator["context"]->ch.qos.logback.classic.LoggerContext["copyOfListenerList"]->java.util.ArrayList[0]->ch.qos.logback.classic.jul.LevelChangePropagator["context"]->ch.qos.logback.classic.LoggerContext["copyOfListenerList"]->java.util.ArrayList[0]->ch.qos.logback.classic.jul.LevelChangePropagator["context"]->ch.qos.logback.classic.LoggerContext["copyOfListenerList"]->java.util.ArrayList[0]->ch.qos.logback.classic.jul.LevelChangePropagator["context"]->ch.qos.logback.classic.LoggerContext["copyOfListenerList"]->java.util.ArrayList[0]->ch.qos.logback.classic.jul.LevelChangePropagator["context"]->ch.qos.logback.classic.LoggerContext["copyOfListenerList"]->java.util.ArrayList[0]->ch.qos.logback.classic.jul.LevelChangePropagator["context"]->ch.qos.logback.classic.LoggerContext["copyOfListenerList"]->java.util.ArrayList[0]->ch.qos.logback.classic.jul.LevelChangePropagator["context"]->ch.qos.logback.classic.LoggerContext["copyOfListenerList"]->java.util.ArrayList[0]->ch.qos.logback.classic.jul.LevelChangePropagator["context"]->ch.qos.logback.classic.LoggerContext["copyOfListenerList"])
	at com.fasterxml.jackson.databind.ser.std.BeanSerializerBase.serializeFields(BeanSerializerBase.java:789) ~[jackson-databind-2.14.3.jar:2.14.3]
	at com.fasterxml.jackson.databind.ser.BeanSerializer.serialize(BeanSerializer.java:178) ~[jackson-databind-2.14.3.jar:2.14.3]
	at com.fasterxml.jackson.databind.ser.BeanPropertyWriter.serializeAsField(BeanPropertyWriter.java:733) ~[jackson-databind-2.14.3.jar:2.14.3]
	at com.fasterxml.jackson.databind.ser.std.BeanSerializerBase.serializeFields(BeanSerializerBase.java:774) ~[jackson-databind-2.14.3.jar:2.14.3]
	at com.fasterxml.jackson.databind.ser.BeanSerializer.serialize(BeanSerializer.java:178) ~[jackson-databind-2.14.3.jar:2.14.3]
	at com.fasterxml.jackson.databind.ser.impl.IndexedListSerializer.serializeContents(IndexedListSerializer.java:119) ~[jackson-databind-2.14.3.jar:2.14.3]
	at com.fasterxml.jackson.databind.ser.impl.IndexedListSerializer.serialize(IndexedListSerializer.java:79) ~[jackson-databind-2.14.3.jar:2.14.3]
	at com.fasterxml.jackson.databind.ser.impl.IndexedListSerializer.serialize(IndexedListSerializer.java:18) ~[jackson-databind-2.14.3.jar:2.14.3]
	at com.fasterxml.jackson.databind.ser.BeanPropertyWriter.serializeAsField(BeanPropertyWriter.java:733) ~[jackson-databind-2.14.3.jar:2.14.3]
	at com.fasterxml.jackson.databind.ser.std.BeanSerializerBase.serializeFields(BeanSerializerBase.java:774) ~[jackson-databind-2.14.3.jar:2.14.3]
	at com.fasterxml.jackson.databind.ser.BeanSerializer.serialize(BeanSerializer.java:178) ~[jackson-databind-2.14.3.jar:2.14.3]
	at com.fasterxml.jackson.databind.ser.BeanPropertyWriter.serializeAsField(BeanPropertyWriter.java:733) ~[jackson-databind-2.14.3.jar:2.14.3]
	at com.fasterxml.jackson.databind.ser.std.BeanSerializerBase.serializeFields(BeanSerializerBase.java:774) ~[jackson-databind-2.14.3.jar:2.14.3]
	at com.fasterxml.jackson.databind.ser.BeanSerializer.serialize(BeanSerializer.java:178) ~[jackson-databind-2.14.3.jar:2.14.3]
	at com.fasterxml.jackson.databind.ser.impl.IndexedListSerializer.serializeContents(IndexedListSerializer.java:119) ~[jackson-databind-2.14.3.jar:2.14.3]
	at com.fasterxml.jackson.databind.ser.impl.IndexedListSerializer.serialize(IndexedListSerializer.java:79) ~[jackson-databind-2.14.3.jar:2.14.3]
	at com.fasterxml.jackson.databind.ser.impl.IndexedListSerializer.serialize(IndexedListSerializer.java:18) ~[jackson-databind-2.14.3.jar:2.14.3]
	at com.fasterxml.jackson.databind.ser.BeanPropertyWriter.serializeAsField(BeanPropertyWriter.java:733) ~[jackson-databind-2.14.3.jar:2.14.3]
	at com.fasterxml.jackson.databind.ser.std.BeanSerializerBase.serializeFields(BeanSerializerBase.java:774) ~[jackson-databind-2.14.3.jar:2.14.3]
	at com.fasterxml.jackson.databind.ser.BeanSerializer.serialize(BeanSerializer.java:178) ~[jackson-databind-2.14.3.jar:2.14.3]
	at com.fasterxml.jackson.databind.ser.BeanPropertyWriter.serializeAsField(BeanPropertyWriter.java:733) ~[jackson-databind-2.14.3.jar:2.14.3]
	at com.fasterxml.jackson.databind.ser.std.BeanSerializerBase.serializeFields(BeanSerializerBase.java:774) ~[jackson-databind-2.14.3.jar:2.14.3]
	at com.fasterxml.jackson.databind.ser.BeanSerializer.serialize(BeanSerializer.java:178) ~[jackson-databind-2.14.3.jar:2.14.3]
	at com.fasterxml.jackson.databind.ser.impl.IndexedListSerializer.serializeContents(IndexedListSerializer.java:119) ~[jackson-databind-2.14.3.jar:2.14.3]
	at com.fasterxml.jackson.databind.ser.impl.IndexedListSerializer.serialize(IndexedListSerializer.java:79) ~[jackson-databind-2.14.3.jar:2.14.3]
	at com.fasterxml.jackson.databind.ser.impl.IndexedListSerializer.serialize(IndexedListSerializer.java:18) ~[jackson-databind-2.14.3.jar:2.14.3]
	at com.fasterxml.jackson.databind.ser.BeanPropertyWriter.serializeAsField(BeanPropertyWriter.java:733) ~[jackson-databind-2.14.3.jar:2.14.3]
	at com.fasterxml.jackson.databind.ser.std.BeanSerializerBase.serializeFields(BeanSerializerBase.java:774) ~[jackson-databind-2.14.3.jar:2.14.3]
	at com.fasterxml.jackson.databind.ser.BeanSerializer.serialize(BeanSerializer.java:178) ~[jackson-databind-2.14.3.jar:2.14.3]
	at com.fasterxml.jackson.databind.ser.BeanPropertyWriter.serializeAsField(BeanPropertyWriter.java:733) ~[jackson-databind-2.14.3.jar:2.14.3]
	at com.fasterxml.jackson.databind.ser.std.BeanSerializerBase.serializeFields(BeanSerializerBase.java:774) ~[jackson-databind-2.14.3.jar:2.14.3]
	at com.fasterxml.jackson.databind.ser.BeanSerializer.serialize(BeanSerializer.java:178) ~[jackson-databind-2.14.3.jar:2.14.3]
	at com.fasterxml.jackson.databind.ser.impl.IndexedListSerializer.serializeContents(IndexedListSerializer.java:119) ~[jackson-databind-2.14.3.jar:2.14.3]
	at com.fasterxml.jackson.databind.ser.impl.IndexedListSerializer.serialize(IndexedListSerializer.java:79) ~[jackson-databind-2.14.3.jar:2.14.3]
	at com.fasterxml.jackson.databind.ser.impl.IndexedListSerializer.serialize(IndexedListSerializer.java:18) ~[jackson-databind-2.14.3.jar:2.14.3]
	at com.fasterxml.jackson.databind.ser.BeanPropertyWriter.serializeAsField(BeanPropertyWriter.java:733) ~[jackson-databind-2.14.3.jar:2.14.3]
	at com.fasterxml.jackson.databind.ser.std.BeanSerializerBase.serializeFields(BeanSerializerBase.java:774) ~[jackson-databind-2.14.3.jar:2.14.3]
	at com.fasterxml.jackson.databind.ser.BeanSerializer.serialize(BeanSerializer.java:178) ~[jackson-databind-2.14.3.jar:2.14.3]
	at com.fasterxml.jackson.databind.ser.BeanPropertyWriter.serializeAsField(BeanPropertyWriter.java:733) ~[jackson-databind-2.14.3.jar:2.14.3]
	at com.fasterxml.jackson.databind.ser.std.BeanSerializerBase.serializeFields(BeanSerializerBase.java:774) ~[jackson-databind-2.14.3.jar:2.14.3]
	at com.fasterxml.jackson.databind.ser.BeanSerializer.serialize(BeanSerializer.java:178) ~[jackson-databind-2.14.3.jar:2.14.3]
	at com.fasterxml.jackson.databind.ser.impl.IndexedListSerializer.serializeContents(IndexedListSerializer.java:119) ~[jackson-databind-2.14.3.jar:2.14.3]
	at com.fasterxml.jackson.databind.ser.impl.IndexedListSerializer.serialize(IndexedListSerializer.java:79) ~[jackson-databind-2.14.3.jar:2.14.3]
	at com.fasterxml.jackson.databind.ser.impl.IndexedListSerializer.serialize(IndexedListSerializer.java:18) ~[jackson-databind-2.14.3.jar:2.14.3]
	at com.fasterxml.jackson.databind.ser.BeanPropertyWriter.serializeAsField(BeanPropertyWriter.java:733) ~[jackson-databind-2.14.3.jar:2.14.3]
	at com.fasterxml.jackson.databind.ser.std.BeanSerializerBase.serializeFields(BeanSerializerBase.java:774) ~[jackson-databind-2.14.3.jar:2.14.3]
	at com.fasterxml.jackson.databind.ser.BeanSerializer.serialize(BeanSerializer.java:178) ~[jackson-databind-2.14.3.jar:2.14.3]
	at com.fasterxml.jackson.databind.ser.BeanPropertyWriter.serializeAsField(BeanPropertyWriter.java:733) ~[jackson-databind-2.14.3.jar:2.14.3]
	at com.fasterxml.jackson.databind.ser.std.BeanSerializerBase.serializeFields(BeanSerializerBase.java:774) ~[jackson-databind-2.14.3.jar:2.14.3]
	at com.fasterxml.jackson.databind.ser.BeanSerializer.serialize(BeanSerializer.java:178) ~[jackson-databind-2.14.3.jar:2.14.3]
	at com.fasterxml.jackson.databind.ser.impl.IndexedListSerializer.serializeContents(IndexedListSerializer.java:119) ~[jackson-databind-2.14.3.jar:2.14.3]
	at com.fasterxml.jackson.databind.ser.impl.IndexedListSerializer.serialize(IndexedListSerializer.java:79) ~[jackson-databind-2.14.3.jar:2.14.3]
	at com.fasterxml.jackson.databind.ser.impl.IndexedListSerializer.serialize(IndexedListSerializer.java:18) ~[jackson-databind-2.14.3.jar:2.14.3]
	at com.fasterxml.jackson.databind.ser.BeanPropertyWriter.serializeAsField(BeanPropertyWriter.java:733) ~[jackson-databind-2.14.3.jar:2.14.3]
	at com.fasterxml.jackson.databind.ser.std.BeanSerializerBase.serializeFields(BeanSerializerBase.java:774) ~[jackson-databind-2.14.3.jar:2.14.3]
	at com.fasterxml.jackson.databind.ser.BeanSerializer.serialize(BeanSerializer.java:178) ~[jackson-databind-2.14.3.jar:2.14.3]
	at com.fasterxml.jackson.databind.ser.BeanPropertyWriter.serializeAsField(BeanPropertyWriter.java:733) ~[jackson-databind-2.14.3.jar:2.14.3]
	at com.fasterxml.jackson.databind.ser.std.BeanSerializerBase.serializeFields(BeanSerializerBase.java:774) ~[jackson-databind-2.14.3.jar:2.14.3]
	at com.fasterxml.jackson.databind.ser.BeanSerializer.serialize(BeanSerializer.java:178) ~[jackson-databind-2.14.3.jar:2.14.3]
	at com.fasterxml.jackson.databind.ser.impl.IndexedListSerializer.serializeContents(IndexedListSerializer.java:119) ~[jackson-databind-2.14.3.jar:2.14.3]
	at com.fasterxml.jackson.databind.ser.impl.IndexedListSerializer.serialize(IndexedListSerializer.java:79) ~[jackson-databind-2.14.3.jar:2.14.3]
	at com.fasterxml.jackson.databind.ser.impl.IndexedListSerializer.serialize(IndexedListSerializer.java:18) ~[jackson-databind-2.14.3.jar:2.14.3]
	at com.fasterxml.jackson.databind.ser.BeanPropertyWriter.serializeAsField(BeanPropertyWriter.java:733) ~[jackson-databind-2.14.3.jar:2.14.3]
	at com.fasterxml.jackson.databind.ser.std.BeanSerializerBase.serializeFields(BeanSerializerBase.java:774) ~[jackson-databind-2.14.3.jar:2.14.3]
	at com.fasterxml.jackson.databind.ser.BeanSerializer.serialize(BeanSerializer.java:178) ~[jackson-databind-2.14.3.jar:2.14.3]
	at com.fasterxml.jackson.databind.ser.BeanPropertyWriter.serializeAsField(BeanPropertyWriter.java:733) ~[jackson-databind-2.14.3.jar:2.14.3]
	at com.fasterxml.jackson.databind.ser.std.BeanSerializerBase.serializeFields(BeanSerializerBase.java:774) ~[jackson-databind-2.14.3.jar:2.14.3]
	at com.fasterxml.jackson.databind.ser.BeanSerializer.serialize(BeanSerializer.java:178) ~[jackson-databind-2.14.3.jar:2.14.3]
	at com.fasterxml.jackson.databind.ser.impl.IndexedListSerializer.serializeContents(IndexedListSerializer.java:119) ~[jackson-databind-2.14.3.jar:2.14.3]
	at com.fasterxml.jackson.databind.ser.impl.IndexedListSerializer.serialize(IndexedListSerializer.java:79) ~[jackson-databind-2.14.3.jar:2.14.3]
	at com.fasterxml.jackson.databind.ser.impl.IndexedListSerializer.serialize(IndexedListSerializer.java:18) ~[jackson-databind-2.14.3.jar:2.14.3]
	at com.fasterxml.jackson.databind.ser.BeanPropertyWriter.serializeAsField(BeanPropertyWriter.java:733) ~[jackson-databind-2.14.3.jar:2.14.3]
	at com.fasterxml.jackson.databind.ser.std.BeanSerializerBase.serializeFields(BeanSerializerBase.java:774) ~[jackson-databind-2.14.3.jar:2.14.3]
	at com.fasterxml.jackson.databind.ser.BeanSerializer.serialize(BeanSerializer.java:178) ~[jackson-databind-2.14.3.jar:2.14.3]
	at com.fasterxml.jackson.databind.ser.BeanPropertyWriter.serializeAsField(BeanPropertyWriter.java:733) ~[jackson-databind-2.14.3.jar:2.14.3]
	at com.fasterxml.jackson.databind.ser.std.BeanSerializerBase.serializeFields(BeanSerializerBase.java:774) ~[jackson-databind-2.14.3.jar:2.14.3]
	at com.fasterxml.jackson.databind.ser.BeanSerializer.serialize(BeanSerializer.java:178) ~[jackson-databind-2.14.3.jar:2.14.3]
	at com.fasterxml.jackson.databind.ser.impl.IndexedListSerializer.serializeContents(IndexedListSerializer.java:119) ~[jackson-databind-2.14.3.jar:2.14.3]
	at com.fasterxml.jackson.databind.ser.impl.IndexedListSerializer.serialize(IndexedListSerializer.java:79) ~[jackson-databind-2.14.3.jar:2.14.3]
	at com.fasterxml.jackson.databind.ser.impl.IndexedListSerializer.serialize(IndexedListSerializer.java:18) ~[jackson-databind-2.14.3.jar:2.14.3]
	at com.fasterxml.jackson.databind.ser.BeanPropertyWriter.serializeAsField(BeanPropertyWriter.java:733) ~[jackson-databind-2.14.3.jar:2.14.3]
	at com.fasterxml.jackson.databind.ser.std.BeanSerializerBase.serializeFields(BeanSerializerBase.java:774) ~[jackson-databind-2.14.3.jar:2.14.3]
	at com.fasterxml.jackson.databind.ser.BeanSerializer.serialize(BeanSerializer.java:178) ~[jackson-databind-2.14.3.jar:2.14.3]
	at com.fasterxml.jackson.databind.ser.BeanPropertyWriter.serializeAsField(BeanPropertyWriter.java:733) ~[jackson-databind-2.14.3.jar:2.14.3]
	at com.fasterxml.jackson.databind.ser.std.BeanSerializerBase.serializeFields(BeanSerializerBase.java:774) ~[jackson-databind-2.14.3.jar:2.14.3]
	at com.fasterxml.jackson.databind.ser.BeanSerializer.serialize(BeanSerializer.java:178) ~[jackson-databind-2.14.3.jar:2.14.3]
	at com.fasterxml.jackson.databind.ser.impl.IndexedListSerializer.serializeContents(IndexedListSerializer.java:119) ~[jackson-databind-2.14.3.jar:2.14.3]
	at com.fasterxml.jackson.databind.ser.impl.IndexedListSerializer.serialize(IndexedListSerializer.java:79) ~[jackson-databind-2.14.3.jar:2.14.3]
	at com.fasterxml.jackson.databind.ser.impl.IndexedListSerializer.serialize(IndexedListSerializer.java:18) ~[jackson-databind-2.14.3.jar:2.14.3]
	at com.fasterxml.jackson.databind.ser.BeanPropertyWriter.serializeAsField(BeanPropertyWriter.java:733) ~[jackson-databind-2.14.3.jar:2.14.3]
	at com.fasterxml.jackson.databind.ser.std.BeanSerializerBase.serializeFields(BeanSerializerBase.java:774) ~[jackson-databind-2.14.3.jar:2.14.3]
	at com.fasterxml.jackson.databind.ser.BeanSerializer.serialize(BeanSerializer.java:178) ~[jackson-databind-2.14.3.jar:2.14.3]
	at com.fasterxml.jackson.databind.ser.BeanPropertyWriter.serializeAsField(BeanPropertyWriter.java:733) ~[jackson-databind-2.14.3.jar:2.14.3]
	at com.fasterxml.jackson.databind.ser.std.BeanSerializerBase.serializeFields(BeanSerializerBase.java:774) ~[jackson-databind-2.14.3.jar:2.14.3]
	at com.fasterxml.jackson.databind.ser.BeanSerializer.serialize(BeanSerializer.java:178) ~[jackson-databind-2.14.3.jar:2.14.3]
	at com.fasterxml.jackson.databind.ser.impl.IndexedListSerializer.serializeContents(IndexedListSerializer.java:119) ~[jackson-databind-2.14.3.jar:2.14.3]
	at com.fasterxml.jackson.databind.ser.impl.IndexedListSerializer.serialize(IndexedListSerializer.java:79) ~[jackson-databind-2.14.3.jar:2.14.3]
	at com.fasterxml.jackson.databind.ser.impl.IndexedListSerializer.serialize(IndexedListSerializer.java:18) ~[jackson-databind-2.14.3.jar:2.14.3]
	at com.fasterxml.jackson.databind.ser.BeanPropertyWriter.serializeAsField(BeanPropertyWriter.java:733) ~[jackson-databind-2.14.3.jar:2.14.3]
	at com.fasterxml.jackson.databind.ser.std.BeanSerializerBase.serializeFields(BeanSerializerBase.java:774) ~[jackson-databind-2.14.3.jar:2.14.3]
	at com.fasterxml.jackson.databind.ser.BeanSerializer.serialize(BeanSerializer.java:178) ~[jackson-databind-2.14.3.jar:2.14.3]
	at com.fasterxml.jackson.databind.ser.BeanPropertyWriter.serializeAsField(BeanPropertyWriter.java:733) ~[jackson-databind-2.14.3.jar:2.14.3]
	at com.fasterxml.jackson.databind.ser.std.BeanSerializerBase.serializeFields(BeanSerializerBase.java:774) ~[jackson-databind-2.14.3.jar:2.14.3]
	at com.fasterxml.jackson.databind.ser.BeanSerializer.serialize(BeanSerializer.java:178) ~[jackson-databind-2.14.3.jar:2.14.3]
	at com.fasterxml.jackson.databind.ser.impl.IndexedListSerializer.serializeContents(IndexedListSerializer.java:119) ~[jackson-databind-2.14.3.jar:2.14.3]
	at com.fasterxml.jackson.databind.ser.impl.IndexedListSerializer.serialize(IndexedListSerializer.java:79) ~[jackson-databind-2.14.3.jar:2.14.3]
	at com.fasterxml.jackson.databind.ser.impl.IndexedListSerializer.serialize(IndexedListSerializer.java:18) ~[jackson-databind-2.14.3.jar:2.14.3]
	at com.fasterxml.jackson.databind.ser.BeanPropertyWriter.serializeAsField(BeanPropertyWriter.java:733) ~[jackson-databind-2.14.3.jar:2.14.3]
	at com.fasterxml.jackson.databind.ser.std.BeanSerializerBase.serializeFields(BeanSerializerBase.java:774) ~[jackson-databind-2.14.3.jar:2.14.3]
	at com.fasterxml.jackson.databind.ser.BeanSerializer.serialize(BeanSerializer.java:178) ~[jackson-databind-2.14.3.jar:2.14.3]
	at com.fasterxml.jackson.databind.ser.BeanPropertyWriter.serializeAsField(BeanPropertyWriter.java:733) ~[jackson-databind-2.14.3.jar:2.14.3]
	at com.fasterxml.jackson.databind.ser.std.BeanSerializerBase.serializeFields(BeanSerializerBase.java:774) ~[jackson-databind-2.14.3.jar:2.14.3]
	at com.fasterxml.jackson.databind.ser.BeanSerializer.serialize(BeanSerializer.java:178) ~[jackson-databind-2.14.3.jar:2.14.3]
	at com.fasterxml.jackson.databind.ser.impl.IndexedListSerializer.serializeContents(IndexedListSerializer.java:119) ~[jackson-databind-2.14.3.jar:2.14.3]
	at com.fasterxml.jackson.databind.ser.impl.IndexedListSerializer.serialize(IndexedListSerializer.java:79) ~[jackson-databind-2.14.3.jar:2.14.3]
	at com.fasterxml.jackson.databind.ser.impl.IndexedListSerializer.serialize(IndexedListSerializer.java:18) ~[jackson-databind-2.14.3.jar:2.14.3]
	at com.fasterxml.jackson.databind.ser.BeanPropertyWriter.serializeAsField(BeanPropertyWriter.java:733) ~[jackson-databind-2.14.3.jar:2.14.3]
	at com.fasterxml.jackson.databind.ser.std.BeanSerializerBase.serializeFields(BeanSerializerBase.java:774) ~[jackson-databind-2.14.3.jar:2.14.3]
	at com.fasterxml.jackson.databind.ser.BeanSerializer.serialize(BeanSerializer.java:178) ~[jackson-databind-2.14.3.jar:2.14.3]
	at com.fasterxml.jackson.databind.ser.BeanPropertyWriter.serializeAsField(BeanPropertyWriter.java:733) ~[jackson-databind-2.14.3.jar:2.14.3]
	at com.fasterxml.jackson.databind.ser.std.BeanSerializerBase.serializeFields(BeanSerializerBase.java:774) ~[jackson-databind-2.14.3.jar:2.14.3]
	at com.fasterxml.jackson.databind.ser.BeanSerializer.serialize(BeanSerializer.java:178) ~[jackson-databind-2.14.3.jar:2.14.3]
	at com.fasterxml.jackson.databind.ser.impl.IndexedListSerializer.serializeContents(IndexedListSerializer.java:119) ~[jackson-databind-2.14.3.jar:2.14.3]
	at com.fasterxml.jackson.databind.ser.impl.IndexedListSerializer.serialize(IndexedListSerializer.java:79) ~[jackson-databind-2.14.3.jar:2.14.3]
	at com.fasterxml.jackson.databind.ser.impl.IndexedListSerializer.serialize(IndexedListSerializer.java:18) ~[jackson-databind-2.14.3.jar:2.14.3]
	at com.fasterxml.jackson.databind.ser.BeanPropertyWriter.serializeAsField(BeanPropertyWriter.java:733) ~[jackson-databind-2.14.3.jar:2.14.3]
	at com.fasterxml.jackson.databind.ser.std.BeanSerializerBase.serializeFields(BeanSerializerBase.java:774) ~[jackson-databind-2.14.3.jar:2.14.3]
	at com.fasterxml.jackson.databind.ser.BeanSerializer.serialize(BeanSerializer.java:178) ~[jackson-databind-2.14.3.jar:2.14.3]
	at com.fasterxml.jackson.databind.ser.BeanPropertyWriter.serializeAsField(BeanPropertyWriter.java:733) ~[jackson-databind-2.14.3.jar:2.14.3]
	at com.fasterxml.jackson.databind.ser.std.BeanSerializerBase.serializeFields(BeanSerializerBase.java:774) ~[jackson-databind-2.14.3.jar:2.14.3]
	at com.fasterxml.jackson.databind.ser.BeanSerializer.serialize(BeanSerializer.java:178) ~[jackson-databind-2.14.3.jar:2.14.3]
	at com.fasterxml.jackson.databind.ser.impl.IndexedListSerializer.serializeContents(IndexedListSerializer.java:119) ~[jackson-databind-2.14.3.jar:2.14.3]
	at com.fasterxml.jackson.databind.ser.impl.IndexedListSerializer.serialize(IndexedListSerializer.java:79) ~[jackson-databind-2.14.3.jar:2.14.3]
	at com.fasterxml.jackson.databind.ser.impl.IndexedListSerializer.serialize(IndexedListSerializer.java:18) ~[jackson-databind-2.14.3.jar:2.14.3]
	at com.fasterxml.jackson.databind.ser.BeanPropertyWriter.serializeAsField(BeanPropertyWriter.java:733) ~[jackson-databind-2.14.3.jar:2.14.3]
	at com.fasterxml.jackson.databind.ser.std.BeanSerializerBase.serializeFields(BeanSerializerBase.java:774) ~[jackson-databind-2.14.3.jar:2.14.3]
	at com.fasterxml.jackson.databind.ser.BeanSerializer.serialize(BeanSerializer.java:178) ~[jackson-databind-2.14.3.jar:2.14.3]
	at com.fasterxml.jackson.databind.ser.BeanPropertyWriter.serializeAsField(BeanPropertyWriter.java:733) ~[jackson-databind-2.14.3.jar:2.14.3]
	at com.fasterxml.jackson.databind.ser.std.BeanSerializerBase.serializeFields(BeanSerializerBase.java:774) ~[jackson-databind-2.14.3.jar:2.14.3]
	at com.fasterxml.jackson.databind.ser.BeanSerializer.serialize(BeanSerializer.java:178) ~[jackson-databind-2.14.3.jar:2.14.3]
	at com.fasterxml.jackson.databind.ser.impl.IndexedListSerializer.serializeContents(IndexedListSerializer.java:119) ~[jackson-databind-2.14.3.jar:2.14.3]
	at com.fasterxml.jackson.databind.ser.impl.IndexedListSerializer.serialize(IndexedListSerializer.java:79) ~[jackson-databind-2.14.3.jar:2.14.3]
	at com.fasterxml.jackson.databind.ser.impl.IndexedListSerializer.serialize(IndexedListSerializer.java:18) ~[jackson-databind-2.14.3.jar:2.14.3]
	at com.fasterxml.jackson.databind.ser.BeanPropertyWriter.serializeAsField(BeanPropertyWriter.java:733) ~[jackson-databind-2.14.3.jar:2.14.3]
	at com.fasterxml.jackson.databind.ser.std.BeanSerializerBase.serializeFields(BeanSerializerBase.java:774) ~[jackson-databind-2.14.3.jar:2.14.3]
	at com.fasterxml.jackson.databind.ser.BeanSerializer.serialize(BeanSerializer.java:178) ~[jackson-databind-2.14.3.jar:2.14.3]
	at com.fasterxml.jackson.databind.ser.BeanPropertyWriter.serializeAsField(BeanPropertyWriter.java:733) ~[jackson-databind-2.14.3.jar:2.14.3]
	at com.fasterxml.jackson.databind.ser.std.BeanSerializerBase.serializeFields(BeanSerializerBase.java:774) ~[jackson-databind-2.14.3.jar:2.14.3]
	at com.fasterxml.jackson.databind.ser.BeanSerializer.serialize(BeanSerializer.java:178) ~[jackson-databind-2.14.3.jar:2.14.3]
	at com.fasterxml.jackson.databind.ser.impl.IndexedListSerializer.serializeContents(IndexedListSerializer.java:119) ~[jackson-databind-2.14.3.jar:2.14.3]
	at com.fasterxml.jackson.databind.ser.impl.IndexedListSerializer.serialize(IndexedListSerializer.java:79) ~[jackson-databind-2.14.3.jar:2.14.3]
	at com.fasterxml.jackson.databind.ser.impl.IndexedListSerializer.serialize(IndexedListSerializer.java:18) ~[jackson-databind-2.14.3.jar:2.14.3]
	at com.fasterxml.jackson.databind.ser.BeanPropertyWriter.serializeAsField(BeanPropertyWriter.java:733) ~[jackson-databind-2.14.3.jar:2.14.3]
	at com.fasterxml.jackson.databind.ser.std.BeanSerializerBase.serializeFields(BeanSerializerBase.java:774) ~[jackson-databind-2.14.3.jar:2.14.3]
	at com.fasterxml.jackson.databind.ser.BeanSerializer.serialize(BeanSerializer.java:178) ~[jackson-databind-2.14.3.jar:2.14.3]
	at com.fasterxml.jackson.databind.ser.BeanPropertyWriter.serializeAsField(BeanPropertyWriter.java:733) ~[jackson-databind-2.14.3.jar:2.14.3]
	at com.fasterxml.jackson.databind.ser.std.BeanSerializerBase.serializeFields(BeanSerializerBase.java:774) ~[jackson-databind-2.14.3.jar:2.14.3]
	at com.fasterxml.jackson.databind.ser.BeanSerializer.serialize(BeanSerializer.java:178) ~[jackson-databind-2.14.3.jar:2.14.3]
	at com.fasterxml.jackson.databind.ser.impl.IndexedListSerializer.serializeContents(IndexedListSerializer.java:119) ~[jackson-databind-2.14.3.jar:2.14.3]
	at com.fasterxml.jackson.databind.ser.impl.IndexedListSerializer.serialize(IndexedListSerializer.java:79) ~[jackson-databind-2.14.3.jar:2.14.3]
	at com.fasterxml.jackson.databind.ser.impl.IndexedListSerializer.serialize(IndexedListSerializer.java:18) ~[jackson-databind-2.14.3.jar:2.14.3]
	at com.fasterxml.jackson.databind.ser.BeanPropertyWriter.serializeAsField(BeanPropertyWriter.java:733) ~[jackson-databind-2.14.3.jar:2.14.3]
	at com.fasterxml.jackson.databind.ser.std.BeanSerializerBase.serializeFields(BeanSerializerBase.java:774) ~[jackson-databind-2.14.3.jar:2.14.3]
	at com.fasterxml.jackson.databind.ser.BeanSerializer.serialize(BeanSerializer.java:178) ~[jackson-databind-2.14.3.jar:2.14.3]
	at com.fasterxml.jackson.databind.ser.BeanPropertyWriter.serializeAsField(BeanPropertyWriter.java:733) ~[jackson-databind-2.14.3.jar:2.14.3]
	at com.fasterxml.jackson.databind.ser.std.BeanSerializerBase.serializeFields(BeanSerializerBase.java:774) ~[jackson-databind-2.14.3.jar:2.14.3]
	at com.fasterxml.jackson.databind.ser.BeanSerializer.serialize(BeanSerializer.java:178) ~[jackson-databind-2.14.3.jar:2.14.3]
	at com.fasterxml.jackson.databind.ser.impl.IndexedListSerializer.serializeContents(IndexedListSerializer.java:119) ~[jackson-databind-2.14.3.jar:2.14.3]
	at com.fasterxml.jackson.databind.ser.impl.IndexedListSerializer.serialize(IndexedListSerializer.java:79) ~[jackson-databind-2.14.3.jar:2.14.3]
	at com.fasterxml.jackson.databind.ser.impl.IndexedListSerializer.serialize(IndexedListSerializer.java:18) ~[jackson-databind-2.14.3.jar:2.14.3]
	at com.fasterxml.jackson.databind.ser.BeanPropertyWriter.serializeAsField(BeanPropertyWriter.java:733) ~[jackson-databind-2.14.3.jar:2.14.3]
	at com.fasterxml.jackson.databind.ser.std.BeanSerializerBase.serializeFields(BeanSerializerBase.java:774) ~[jackson-databind-2.14.3.jar:2.14.3]
	at com.fasterxml.jackson.databind.ser.BeanSerializer.serialize(BeanSerializer.java:178) ~[jackson-databind-2.14.3.jar:2.14.3]
	at com.fasterxml.jackson.databind.ser.BeanPropertyWriter.serializeAsField(BeanPropertyWriter.java:733) ~[jackson-databind-2.14.3.jar:2.14.3]
	at com.fasterxml.jackson.databind.ser.std.BeanSerializerBase.serializeFields(BeanSerializerBase.java:774) ~[jackson-databind-2.14.3.jar:2.14.3]
	at com.fasterxml.jackson.databind.ser.BeanSerializer.serialize(BeanSerializer.java:178) ~[jackson-databind-2.14.3.jar:2.14.3]
	at com.fasterxml.jackson.databind.ser.impl.IndexedListSerializer.serializeContents(IndexedListSerializer.java:119) ~[jackson-databind-2.14.3.jar:2.14.3]
	at com.fasterxml.jackson.databind.ser.impl.IndexedListSerializer.serialize(IndexedListSerializer.java:79) ~[jackson-databind-2.14.3.jar:2.14.3]
	at com.fasterxml.jackson.databind.ser.impl.IndexedListSerializer.serialize(IndexedListSerializer.java:18) ~[jackson-databind-2.14.3.jar:2.14.3]
	at com.fasterxml.jackson.databind.ser.BeanPropertyWriter.serializeAsField(BeanPropertyWriter.java:733) ~[jackson-databind-2.14.3.jar:2.14.3]
	at com.fasterxml.jackson.databind.ser.std.BeanSerializerBase.serializeFields(BeanSerializerBase.java:774) ~[jackson-databind-2.14.3.jar:2.14.3]
	at com.fasterxml.jackson.databind.ser.BeanSerializer.serialize(BeanSerializer.java:178) ~[jackson-databind-2.14.3.jar:2.14.3]
	at com.fasterxml.jackson.databind.ser.BeanPropertyWriter.serializeAsField(BeanPropertyWriter.java:733) ~[jackson-databind-2.14.3.jar:2.14.3]
	at com.fasterxml.jackson.databind.ser.std.BeanSerializerBase.serializeFields(BeanSerializerBase.java:774) ~[jackson-databind-2.14.3.jar:2.14.3]
	at com.fasterxml.jackson.databind.ser.BeanSerializer.serialize(BeanSerializer.java:178) ~[jackson-databind-2.14.3.jar:2.14.3]
	at com.fasterxml.jackson.databind.ser.impl.IndexedListSerializer.serializeContents(IndexedListSerializer.java:119) ~[jackson-databind-2.14.3.jar:2.14.3]
	at com.fasterxml.jackson.databind.ser.impl.IndexedListSerializer.serialize(IndexedListSerializer.java:79) ~[jackson-databind-2.14.3.jar:2.14.3]
	at com.fasterxml.jackson.databind.ser.impl.IndexedListSerializer.serialize(IndexedListSerializer.java:18) ~[jackson-databind-2.14.3.jar:2.14.3]
	at com.fasterxml.jackson.databind.ser.BeanPropertyWriter.serializeAsField(BeanPropertyWriter.java:733) ~[jackson-databind-2.14.3.jar:2.14.3]
	at com.fasterxml.jackson.databind.ser.std.BeanSerializerBase.serializeFields(BeanSerializerBase.java:774) ~[jackson-databind-2.14.3.jar:2.14.3]
	at com.fasterxml.jackson.databind.ser.BeanSerializer.serialize(BeanSerializer.java:178) ~[jackson-databind-2.14.3.jar:2.14.3]
	at com.fasterxml.jackson.databind.ser.BeanPropertyWriter.serializeAsField(BeanPropertyWriter.java:733) ~[jackson-databind-2.14.3.jar:2.14.3]
	at com.fasterxml.jackson.databind.ser.std.BeanSerializerBase.serializeFields(BeanSerializerBase.java:774) ~[jackson-databind-2.14.3.jar:2.14.3]
	at com.fasterxml.jackson.databind.ser.BeanSerializer.serialize(BeanSerializer.java:178) ~[jackson-databind-2.14.3.jar:2.14.3]
	at com.fasterxml.jackson.databind.ser.impl.IndexedListSerializer.serializeContents(IndexedListSerializer.java:119) ~[jackson-databind-2.14.3.jar:2.14.3]
	at com.fasterxml.jackson.databind.ser.impl.IndexedListSerializer.serialize(IndexedListSerializer.java:79) ~[jackson-databind-2.14.3.jar:2.14.3]
	at com.fasterxml.jackson.databind.ser.impl.IndexedListSerializer.serialize(IndexedListSerializer.java:18) ~[jackson-databind-2.14.3.jar:2.14.3]
	at com.fasterxml.jackson.databind.ser.BeanPropertyWriter.serializeAsField(BeanPropertyWriter.java:733) ~[jackson-databind-2.14.3.jar:2.14.3]
	at com.fasterxml.jackson.databind.ser.std.BeanSerializerBase.serializeFields(BeanSerializerBase.java:774) ~[jackson-databind-2.14.3.jar:2.14.3]
	at com.fasterxml.jackson.databind.ser.BeanSerializer.serialize(BeanSerializer.java:178) ~[jackson-databind-2.14.3.jar:2.14.3]
	at com.fasterxml.jackson.databind.ser.BeanPropertyWriter.serializeAsField(BeanPropertyWriter.java:733) ~[jackson-databind-2.14.3.jar:2.14.3]
	at com.fasterxml.jackson.databind.ser.std.BeanSerializerBase.serializeFields(BeanSerializerBase.java:774) ~[jackson-databind-2.14.3.jar:2.14.3]
	at com.fasterxml.jackson.databind.ser.BeanSerializer.serialize(BeanSerializer.java:178) ~[jackson-databind-2.14.3.jar:2.14.3]
	at com.fasterxml.jackson.databind.ser.impl.IndexedListSerializer.serializeContents(IndexedListSerializer.java:119) ~[jackson-databind-2.14.3.jar:2.14.3]
	at com.fasterxml.jackson.databind.ser.impl.IndexedListSerializer.serialize(IndexedListSerializer.java:79) ~[jackson-databind-2.14.3.jar:2.14.3]
	at com.fasterxml.jackson.databind.ser.impl.IndexedListSerializer.serialize(IndexedListSerializer.java:18) ~[jackson-databind-2.14.3.jar:2.14.3]
	at com.fasterxml.jackson.databind.ser.BeanPropertyWriter.serializeAsField(BeanPropertyWriter.java:733) ~[jackson-databind-2.14.3.jar:2.14.3]
	at com.fasterxml.jackson.databind.ser.std.BeanSerializerBase.serializeFields(BeanSerializerBase.java:774) ~[jackson-databind-2.14.3.jar:2.14.3]
	at com.fasterxml.jackson.databind.ser.BeanSerializer.serialize(BeanSerializer.java:178) ~[jackson-databind-2.14.3.jar:2.14.3]
	at com.fasterxml.jackson.databind.ser.BeanPropertyWriter.serializeAsField(BeanPropertyWriter.java:733) ~[jackson-databind-2.14.3.jar:2.14.3]
	at com.fasterxml.jackson.databind.ser.std.BeanSerializerBase.serializeFields(BeanSerializerBase.java:774) ~[jackson-databind-2.14.3.jar:2.14.3]
	at com.fasterxml.jackson.databind.ser.BeanSerializer.serialize(BeanSerializer.java:178) ~[jackson-databind-2.14.3.jar:2.14.3]
	at com.fasterxml.jackson.databind.ser.impl.IndexedListSerializer.serializeContents(IndexedListSerializer.java:119) ~[jackson-databind-2.14.3.jar:2.14.3]
	at com.fasterxml.jackson.databind.ser.impl.IndexedListSerializer.serialize(IndexedListSerializer.java:79) ~[jackson-databind-2.14.3.jar:2.14.3]
	at com.fasterxml.jackson.databind.ser.impl.IndexedListSerializer.serialize(IndexedListSerializer.java:18) ~[jackson-databind-2.14.3.jar:2.14.3]
	at com.fasterxml.jackson.databind.ser.BeanPropertyWriter.serializeAsField(BeanPropertyWriter.java:733) ~[jackson-databind-2.14.3.jar:2.14.3]
	at com.fasterxml.jackson.databind.ser.std.BeanSerializerBase.serializeFields(BeanSerializerBase.java:774) ~[jackson-databind-2.14.3.jar:2.14.3]
	at com.fasterxml.jackson.databind.ser.BeanSerializer.serialize(BeanSerializer.java:178) ~[jackson-databind-2.14.3.jar:2.14.3]
	at com.fasterxml.jackson.databind.ser.BeanPropertyWriter.serializeAsField(BeanPropertyWriter.java:733) ~[jackson-databind-2.14.3.jar:2.14.3]
	at com.fasterxml.jackson.databind.ser.std.BeanSerializerBase.serializeFields(BeanSerializerBase.java:774) ~[jackson-databind-2.14.3.jar:2.14.3]
	at com.fasterxml.jackson.databind.ser.BeanSerializer.serialize(BeanSerializer.java:178) ~[jackson-databind-2.14.3.jar:2.14.3]
	at com.fasterxml.jackson.databind.ser.impl.IndexedListSerializer.serializeContents(IndexedListSerializer.java:119) ~[jackson-databind-2.14.3.jar:2.14.3]
	at com.fasterxml.jackson.databind.ser.impl.IndexedListSerializer.serialize(IndexedListSerializer.java:79) ~[jackson-databind-2.14.3.jar:2.14.3]
	at com.fasterxml.jackson.databind.ser.impl.IndexedListSerializer.serialize(IndexedListSerializer.java:18) ~[jackson-databind-2.14.3.jar:2.14.3]
	at com.fasterxml.jackson.databind.ser.BeanPropertyWriter.serializeAsField(BeanPropertyWriter.java:733) ~[jackson-databind-2.14.3.jar:2.14.3]
	at com.fasterxml.jackson.databind.ser.std.BeanSerializerBase.serializeFields(BeanSerializerBase.java:774) ~[jackson-databind-2.14.3.jar:2.14.3]
	at com.fasterxml.jackson.databind.ser.BeanSerializer.serialize(BeanSerializer.java:178) ~[jackson-databind-2.14.3.jar:2.14.3]
	at com.fasterxml.jackson.databind.ser.BeanPropertyWriter.serializeAsField(BeanPropertyWriter.java:733) ~[jackson-databind-2.14.3.jar:2.14.3]
	at com.fasterxml.jackson.databind.ser.std.BeanSerializerBase.serializeFields(BeanSerializerBase.java:774) ~[jackson-databind-2.14.3.jar:2.14.3]
	at com.fasterxml.jackson.databind.ser.BeanSerializer.serialize(BeanSerializer.java:178) ~[jackson-databind-2.14.3.jar:2.14.3]
	at com.fasterxml.jackson.databind.ser.impl.IndexedListSerializer.serializeContents(IndexedListSerializer.java:119) ~[jackson-databind-2.14.3.jar:2.14.3]
	at com.fasterxml.jackson.databind.ser.impl.IndexedListSerializer.serialize(IndexedListSerializer.java:79) ~[jackson-databind-2.14.3.jar:2.14.3]
	at com.fasterxml.jackson.databind.ser.impl.IndexedListSerializer.serialize(IndexedListSerializer.java:18) ~[jackson-databind-2.14.3.jar:2.14.3]
	at com.fasterxml.jackson.databind.ser.BeanPropertyWriter.serializeAsField(BeanPropertyWriter.java:733) ~[jackson-databind-2.14.3.jar:2.14.3]
	at com.fasterxml.jackson.databind.ser.std.BeanSerializerBase.serializeFields(BeanSerializerBase.java:774) ~[jackson-databind-2.14.3.jar:2.14.3]
	at com.fasterxml.jackson.databind.ser.BeanSerializer.serialize(BeanSerializer.java:178) ~[jackson-databind-2.14.3.jar:2.14.3]
	at com.fasterxml.jackson.databind.ser.BeanPropertyWriter.serializeAsField(BeanPropertyWriter.java:733) ~[jackson-databind-2.14.3.jar:2.14.3]
	at com.fasterxml.jackson.databind.ser.std.BeanSerializerBase.serializeFields(BeanSerializerBase.java:774) ~[jackson-databind-2.14.3.jar:2.14.3]
	at com.fasterxml.jackson.databind.ser.BeanSerializer.serialize(BeanSerializer.java:178) ~[jackson-databind-2.14.3.jar:2.14.3]
	at com.fasterxml.jackson.databind.ser.impl.IndexedListSerializer.serializeContents(IndexedListSerializer.java:119) ~[jackson-databind-2.14.3.jar:2.14.3]
	at com.fasterxml.jackson.databind.ser.impl.IndexedListSerializer.serialize(IndexedListSerializer.java:79) ~[jackson-databind-2.14.3.jar:2.14.3]
	at com.fasterxml.jackson.databind.ser.impl.IndexedListSerializer.serialize(IndexedListSerializer.java:18) ~[jackson-databind-2.14.3.jar:2.14.3]
	at com.fasterxml.jackson.databind.ser.BeanPropertyWriter.serializeAsField(BeanPropertyWriter.java:733) ~[jackson-databind-2.14.3.jar:2.14.3]
	at com.fasterxml.jackson.databind.ser.std.BeanSerializerBase.serializeFields(BeanSerializerBase.java:774) ~[jackson-databind-2.14.3.jar:2.14.3]
	at com.fasterxml.jackson.databind.ser.BeanSerializer.serialize(BeanSerializer.java:178) ~[jackson-databind-2.14.3.jar:2.14.3]
	at com.fasterxml.jackson.databind.ser.BeanPropertyWriter.serializeAsField(BeanPropertyWriter.java:733) ~[jackson-databind-2.14.3.jar:2.14.3]
	at com.fasterxml.jackson.databind.ser.std.BeanSerializerBase.serializeFields(BeanSerializerBase.java:774) ~[jackson-databind-2.14.3.jar:2.14.3]
	at com.fasterxml.jackson.databind.ser.BeanSerializer.serialize(BeanSerializer.java:178) ~[jackson-databind-2.14.3.jar:2.14.3]
	at com.fasterxml.jackson.databind.ser.impl.IndexedListSerializer.serializeContents(IndexedListSerializer.java:119) ~[jackson-databind-2.14.3.jar:2.14.3]
	at com.fasterxml.jackson.databind.ser.impl.IndexedListSerializer.serialize(IndexedListSerializer.java:79) ~[jackson-databind-2.14.3.jar:2.14.3]
	at com.fasterxml.jackson.databind.ser.impl.IndexedListSerializer.serialize(IndexedListSerializer.java:18) ~[jackson-databind-2.14.3.jar:2.14.3]
	at com.fasterxml.jackson.databind.ser.BeanPropertyWriter.serializeAsField(BeanPropertyWriter.java:733) ~[jackson-databind-2.14.3.jar:2.14.3]
	at com.fasterxml.jackson.databind.ser.std.BeanSerializerBase.serializeFields(BeanSerializerBase.java:774) ~[jackson-databind-2.14.3.jar:2.14.3]
	at com.fasterxml.jackson.databind.ser.BeanSerializer.serialize(BeanSerializer.java:178) ~[jackson-databind-2.14.3.jar:2.14.3]
	at com.fasterxml.jackson.databind.ser.BeanPropertyWriter.serializeAsField(BeanPropertyWriter.java:733) ~[jackson-databind-2.14.3.jar:2.14.3]
	at com.fasterxml.jackson.databind.ser.std.BeanSerializerBase.serializeFields(BeanSerializerBase.java:774) ~[jackson-databind-2.14.3.jar:2.14.3]
	at com.fasterxml.jackson.databind.ser.BeanSerializer.serialize(BeanSerializer.java:178) ~[jackson-databind-2.14.3.jar:2.14.3]
	at com.fasterxml.jackson.databind.ser.impl.IndexedListSerializer.serializeContents(IndexedListSerializer.java:119) ~[jackson-databind-2.14.3.jar:2.14.3]
	at com.fasterxml.jackson.databind.ser.impl.IndexedListSerializer.serialize(IndexedListSerializer.java:79) ~[jackson-databind-2.14.3.jar:2.14.3]
	at com.fasterxml.jackson.databind.ser.impl.IndexedListSerializer.serialize(IndexedListSerializer.java:18) ~[jackson-databind-2.14.3.jar:2.14.3]
	at com.fasterxml.jackson.databind.ser.BeanPropertyWriter.serializeAsField(BeanPropertyWriter.java:733) ~[jackson-databind-2.14.3.jar:2.14.3]
	at com.fasterxml.jackson.databind.ser.std.BeanSerializerBase.serializeFields(BeanSerializerBase.java:774) ~[jackson-databind-2.14.3.jar:2.14.3]
	at com.fasterxml.jackson.databind.ser.BeanSerializer.serialize(BeanSerializer.java:178) ~[jackson-databind-2.14.3.jar:2.14.3]
	at com.fasterxml.jackson.databind.ser.BeanPropertyWriter.serializeAsField(BeanPropertyWriter.java:733) ~[jackson-databind-2.14.3.jar:2.14.3]
	at com.fasterxml.jackson.databind.ser.std.BeanSerializerBase.serializeFields(BeanSerializerBase.java:774) ~[jackson-databind-2.14.3.jar:2.14.3]
	at com.fasterxml.jackson.databind.ser.BeanSerializer.serialize(BeanSerializer.java:178) ~[jackson-databind-2.14.3.jar:2.14.3]
	at com.fasterxml.jackson.databind.ser.impl.IndexedListSerializer.serializeContents(IndexedListSerializer.java:119) ~[jackson-databind-2.14.3.jar:2.14.3]
	at com.fasterxml.jackson.databind.ser.impl.IndexedListSerializer.serialize(IndexedListSerializer.java:79) ~[jackson-databind-2.14.3.jar:2.14.3]
	at com.fasterxml.jackson.databind.ser.impl.IndexedListSerializer.serialize(IndexedListSerializer.java:18) ~[jackson-databind-2.14.3.jar:2.14.3]
	at com.fasterxml.jackson.databind.ser.BeanPropertyWriter.serializeAsField(BeanPropertyWriter.java:733) ~[jackson-databind-2.14.3.jar:2.14.3]
	at com.fasterxml.jackson.databind.ser.std.BeanSerializerBase.serializeFields(BeanSerializerBase.java:774) ~[jackson-databind-2.14.3.jar:2.14.3]
	at com.fasterxml.jackson.databind.ser.BeanSerializer.serialize(BeanSerializer.java:178) ~[jackson-databind-2.14.3.jar:2.14.3]
	at com.fasterxml.jackson.databind.ser.BeanPropertyWriter.serializeAsField(BeanPropertyWriter.java:733) ~[jackson-databind-2.14.3.jar:2.14.3]
	at com.fasterxml.jackson.databind.ser.std.BeanSerializerBase.serializeFields(BeanSerializerBase.java:774) ~[jackson-databind-2.14.3.jar:2.14.3]
	at com.fasterxml.jackson.databind.ser.BeanSerializer.serialize(BeanSerializer.java:178) ~[jackson-databind-2.14.3.jar:2.14.3]
	at com.fasterxml.jackson.databind.ser.impl.IndexedListSerializer.serializeContents(IndexedListSerializer.java:119) ~[jackson-databind-2.14.3.jar:2.14.3]
	at com.fasterxml.jackson.databind.ser.impl.IndexedListSerializer.serialize(IndexedListSerializer.java:79) ~[jackson-databind-2.14.3.jar:2.14.3]
	at com.fasterxml.jackson.databind.ser.impl.IndexedListSerializer.serialize(IndexedListSerializer.java:18) ~[jackson-databind-2.14.3.jar:2.14.3]
	at com.fasterxml.jackson.databind.ser.BeanPropertyWriter.serializeAsField(BeanPropertyWriter.java:733) ~[jackson-databind-2.14.3.jar:2.14.3]
	at com.fasterxml.jackson.databind.ser.std.BeanSerializerBase.serializeFields(BeanSerializerBase.java:774) ~[jackson-databind-2.14.3.jar:2.14.3]
	at com.fasterxml.jackson.databind.ser.BeanSerializer.serialize(BeanSerializer.java:178) ~[jackson-databind-2.14.3.jar:2.14.3]
	at com.fasterxml.jackson.databind.ser.BeanPropertyWriter.serializeAsField(BeanPropertyWriter.java:733) ~[jackson-databind-2.14.3.jar:2.14.3]
	at com.fasterxml.jackson.databind.ser.std.BeanSerializerBase.serializeFields(BeanSerializerBase.java:774) ~[jackson-databind-2.14.3.jar:2.14.3]
	at com.fasterxml.jackson.databind.ser.BeanSerializer.serialize(BeanSerializer.java:178) ~[jackson-databind-2.14.3.jar:2.14.3]
	at com.fasterxml.jackson.databind.ser.impl.IndexedListSerializer.serializeContents(IndexedListSerializer.java:119) ~[jackson-databind-2.14.3.jar:2.14.3]
	at com.fasterxml.jackson.databind.ser.impl.IndexedListSerializer.serialize(IndexedListSerializer.java:79) ~[jackson-databind-2.14.3.jar:2.14.3]
	at com.fasterxml.jackson.databind.ser.impl.IndexedListSerializer.serialize(IndexedListSerializer.java:18) ~[jackson-databind-2.14.3.jar:2.14.3]
	at com.fasterxml.jackson.databind.ser.BeanPropertyWriter.serializeAsField(BeanPropertyWriter.java:733) ~[jackson-databind-2.14.3.jar:2.14.3]
	at com.fasterxml.jackson.databind.ser.std.BeanSerializerBase.serializeFields(BeanSerializerBase.java:774) ~[jackson-databind-2.14.3.jar:2.14.3]
	at com.fasterxml.jackson.databind.ser.BeanSerializer.serialize(BeanSerializer.java:178) ~[jackson-databind-2.14.3.jar:2.14.3]
	at com.fasterxml.jackson.databind.ser.BeanPropertyWriter.serializeAsField(BeanPropertyWriter.java:733) ~[jackson-databind-2.14.3.jar:2.14.3]
	at com.fasterxml.jackson.databind.ser.std.BeanSerializerBase.serializeFields(BeanSerializerBase.java:774) ~[jackson-databind-2.14.3.jar:2.14.3]
	at com.fasterxml.jackson.databind.ser.BeanSerializer.serialize(BeanSerializer.java:178) ~[jackson-databind-2.14.3.jar:2.14.3]
	at com.fasterxml.jackson.databind.ser.impl.IndexedListSerializer.serializeContents(IndexedListSerializer.java:119) ~[jackson-databind-2.14.3.jar:2.14.3]
	at com.fasterxml.jackson.databind.ser.impl.IndexedListSerializer.serialize(IndexedListSerializer.java:79) ~[jackson-databind-2.14.3.jar:2.14.3]
	at com.fasterxml.jackson.databind.ser.impl.IndexedListSerializer.serialize(IndexedListSerializer.java:18) ~[jackson-databind-2.14.3.jar:2.14.3]
	at com.fasterxml.jackson.databind.ser.BeanPropertyWriter.serializeAsField(BeanPropertyWriter.java:733) ~[jackson-databind-2.14.3.jar:2.14.3]
	at com.fasterxml.jackson.databind.ser.std.BeanSerializerBase.serializeFields(BeanSerializerBase.java:774) ~[jackson-databind-2.14.3.jar:2.14.3]
	at com.fasterxml.jackson.databind.ser.BeanSerializer.serialize(BeanSerializer.java:178) ~[jackson-databind-2.14.3.jar:2.14.3]
	at com.fasterxml.jackson.databind.ser.BeanPropertyWriter.serializeAsField(BeanPropertyWriter.java:733) ~[jackson-databind-2.14.3.jar:2.14.3]
	at com.fasterxml.jackson.databind.ser.std.BeanSerializerBase.serializeFields(BeanSerializerBase.java:774) ~[jackson-databind-2.14.3.jar:2.14.3]
	at com.fasterxml.jackson.databind.ser.BeanSerializer.serialize(BeanSerializer.java:178) ~[jackson-databind-2.14.3.jar:2.14.3]
	at com.fasterxml.jackson.databind.ser.impl.IndexedListSerializer.serializeContents(IndexedListSerializer.java:119) ~[jackson-databind-2.14.3.jar:2.14.3]
	at com.fasterxml.jackson.databind.ser.impl.IndexedListSerializer.serialize(IndexedListSerializer.java:79) ~[jackson-databind-2.14.3.jar:2.14.3]
	at com.fasterxml.jackson.databind.ser.impl.IndexedListSerializer.serialize(IndexedListSerializer.java:18) ~[jackson-databind-2.14.3.jar:2.14.3]
	at com.fasterxml.jackson.databind.ser.BeanPropertyWriter.serializeAsField(BeanPropertyWriter.java:733) ~[jackson-databind-2.14.3.jar:2.14.3]
	at com.fasterxml.jackson.databind.ser.std.BeanSerializerBase.serializeFields(BeanSerializerBase.java:774) ~[jackson-databind-2.14.3.jar:2.14.3]
	at com.fasterxml.jackson.databind.ser.BeanSerializer.serialize(BeanSerializer.java:178) ~[jackson-databind-2.14.3.jar:2.14.3]
	at com.fasterxml.jackson.databind.ser.BeanPropertyWriter.serializeAsField(BeanPropertyWriter.java:733) ~[jackson-databind-2.14.3.jar:2.14.3]
	at com.fasterxml.jackson.databind.ser.std.BeanSerializerBase.serializeFields(BeanSerializerBase.java:774) ~[jackson-databind-2.14.3.jar:2.14.3]
	at com.fasterxml.jackson.databind.ser.BeanSerializer.serialize(BeanSerializer.java:178) ~[jackson-databind-2.14.3.jar:2.14.3]
	at com.fasterxml.jackson.databind.ser.impl.IndexedListSerializer.serializeContents(IndexedListSerializer.java:119) ~[jackson-databind-2.14.3.jar:2.14.3]
	at com.fasterxml.jackson.databind.ser.impl.IndexedListSerializer.serialize(IndexedListSerializer.java:79) ~[jackson-databind-2.14.3.jar:2.14.3]
	at com.fasterxml.jackson.databind.ser.impl.IndexedListSerializer.serialize(IndexedListSerializer.java:18) ~[jackson-databind-2.14.3.jar:2.14.3]
	at com.fasterxml.jackson.databind.ser.BeanPropertyWriter.serializeAsField(BeanPropertyWriter.java:733) ~[jackson-databind-2.14.3.jar:2.14.3]
	at com.fasterxml.jackson.databind.ser.std.BeanSerializerBase.serializeFields(BeanSerializerBase.java:774) ~[jackson-databind-2.14.3.jar:2.14.3]
	at com.fasterxml.jackson.databind.ser.BeanSerializer.serialize(BeanSerializer.java:178) ~[jackson-databind-2.14.3.jar:2.14.3]
	at com.fasterxml.jackson.databind.ser.BeanPropertyWriter.serializeAsField(BeanPropertyWriter.java:733) ~[jackson-databind-2.14.3.jar:2.14.3]
	at com.fasterxml.jackson.databind.ser.std.BeanSerializerBase.serializeFields(BeanSerializerBase.java:774) ~[jackson-databind-2.14.3.jar:2.14.3]
	at com.fasterxml.jackson.databind.ser.BeanSerializer.serialize(BeanSerializer.java:178) ~[jackson-databind-2.14.3.jar:2.14.3]
	at com.fasterxml.jackson.databind.ser.impl.IndexedListSerializer.serializeContents(IndexedListSerializer.java:119) ~[jackson-databind-2.14.3.jar:2.14.3]
	at com.fasterxml.jackson.databind.ser.impl.IndexedListSerializer.serialize(IndexedListSerializer.java:79) ~[jackson-databind-2.14.3.jar:2.14.3]
	at com.fasterxml.jackson.databind.ser.impl.IndexedListSerializer.serialize(IndexedListSerializer.java:18) ~[jackson-databind-2.14.3.jar:2.14.3]
	at com.fasterxml.jackson.databind.ser.BeanPropertyWriter.serializeAsField(BeanPropertyWriter.java:733) ~[jackson-databind-2.14.3.jar:2.14.3]
	at com.fasterxml.jackson.databind.ser.std.BeanSerializerBase.serializeFields(BeanSerializerBase.java:774) ~[jackson-databind-2.14.3.jar:2.14.3]
	at com.fasterxml.jackson.databind.ser.BeanSerializer.serialize(BeanSerializer.java:178) ~[jackson-databind-2.14.3.jar:2.14.3]
	at com.fasterxml.jackson.databind.ser.BeanPropertyWriter.serializeAsField(BeanPropertyWriter.java:733) ~[jackson-databind-2.14.3.jar:2.14.3]
	at com.fasterxml.jackson.databind.ser.std.BeanSerializerBase.serializeFields(BeanSerializerBase.java:774) ~[jackson-databind-2.14.3.jar:2.14.3]
	at com.fasterxml.jackson.databind.ser.BeanSerializer.serialize(BeanSerializer.java:178) ~[jackson-databind-2.14.3.jar:2.14.3]
	at com.fasterxml.jackson.databind.ser.impl.IndexedListSerializer.serializeContents(IndexedListSerializer.java:119) ~[jackson-databind-2.14.3.jar:2.14.3]
	at com.fasterxml.jackson.databind.ser.impl.IndexedListSerializer.serialize(IndexedListSerializer.java:79) ~[jackson-databind-2.14.3.jar:2.14.3]
	at com.fasterxml.jackson.databind.ser.impl.IndexedListSerializer.serialize(IndexedListSerializer.java:18) ~[jackson-databind-2.14.3.jar:2.14.3]
	at com.fasterxml.jackson.databind.ser.BeanPropertyWriter.serializeAsField(BeanPropertyWriter.java:733) ~[jackson-databind-2.14.3.jar:2.14.3]
	at com.fasterxml.jackson.databind.ser.std.BeanSerializerBase.serializeFields(BeanSerializerBase.java:774) ~[jackson-databind-2.14.3.jar:2.14.3]
	at com.fasterxml.jackson.databind.ser.BeanSerializer.serialize(BeanSerializer.java:178) ~[jackson-databind-2.14.3.jar:2.14.3]
	at com.fasterxml.jackson.databind.ser.BeanPropertyWriter.serializeAsField(BeanPropertyWriter.java:733) ~[jackson-databind-2.14.3.jar:2.14.3]
	at com.fasterxml.jackson.databind.ser.std.BeanSerializerBase.serializeFields(BeanSerializerBase.java:774) ~[jackson-databind-2.14.3.jar:2.14.3]
	at com.fasterxml.jackson.databind.ser.BeanSerializer.serialize(BeanSerializer.java:178) ~[jackson-databind-2.14.3.jar:2.14.3]
	at com.fasterxml.jackson.databind.ser.impl.IndexedListSerializer.serializeContents(IndexedListSerializer.java:119) ~[jackson-databind-2.14.3.jar:2.14.3]
	at com.fasterxml.jackson.databind.ser.impl.IndexedListSerializer.serialize(IndexedListSerializer.java:79) ~[jackson-databind-2.14.3.jar:2.14.3]
	at com.fasterxml.jackson.databind.ser.impl.IndexedListSerializer.serialize(IndexedListSerializer.java:18) ~[jackson-databind-2.14.3.jar:2.14.3]
	at com.fasterxml.jackson.databind.ser.BeanPropertyWriter.serializeAsField(BeanPropertyWriter.java:733) ~[jackson-databind-2.14.3.jar:2.14.3]
	at com.fasterxml.jackson.databind.ser.std.BeanSerializerBase.serializeFields(BeanSerializerBase.java:774) ~[jackson-databind-2.14.3.jar:2.14.3]
	at com.fasterxml.jackson.databind.ser.BeanSerializer.serialize(BeanSerializer.java:178) ~[jackson-databind-2.14.3.jar:2.14.3]
	at com.fasterxml.jackson.databind.ser.BeanPropertyWriter.serializeAsField(BeanPropertyWriter.java:733) ~[jackson-databind-2.14.3.jar:2.14.3]
	at com.fasterxml.jackson.databind.ser.std.BeanSerializerBase.serializeFields(BeanSerializerBase.java:774) ~[jackson-databind-2.14.3.jar:2.14.3]
	at com.fasterxml.jackson.databind.ser.BeanSerializer.serialize(BeanSerializer.java:178) ~[jackson-databind-2.14.3.jar:2.14.3]
	at com.fasterxml.jackson.databind.ser.impl.IndexedListSerializer.serializeContents(IndexedListSerializer.java:119) ~[jackson-databind-2.14.3.jar:2.14.3]
	at com.fasterxml.jackson.databind.ser.impl.IndexedListSerializer.serialize(IndexedListSerializer.java:79) ~[jackson-databind-2.14.3.jar:2.14.3]
	at com.fasterxml.jackson.databind.ser.impl.IndexedListSerializer.serialize(IndexedListSerializer.java:18) ~[jackson-databind-2.14.3.jar:2.14.3]
	at com.fasterxml.jackson.databind.ser.BeanPropertyWriter.serializeAsField(BeanPropertyWriter.java:733) ~[jackson-databind-2.14.3.jar:2.14.3]
	at com.fasterxml.jackson.databind.ser.std.BeanSerializerBase.serializeFields(BeanSerializerBase.java:774) ~[jackson-databind-2.14.3.jar:2.14.3]
	at com.fasterxml.jackson.databind.ser.BeanSerializer.serialize(BeanSerializer.java:178) ~[jackson-databind-2.14.3.jar:2.14.3]
	at com.fasterxml.jackson.databind.ser.BeanPropertyWriter.serializeAsField(BeanPropertyWriter.java:733) ~[jackson-databind-2.14.3.jar:2.14.3]
	at com.fasterxml.jackson.databind.ser.std.BeanSerializerBase.serializeFields(BeanSerializerBase.java:774) ~[jackson-databind-2.14.3.jar:2.14.3]
	at com.fasterxml.jackson.databind.ser.BeanSerializer.serialize(BeanSerializer.java:178) ~[jackson-databind-2.14.3.jar:2.14.3]
	at com.fasterxml.jackson.databind.ser.impl.IndexedListSerializer.serializeContents(IndexedListSerializer.java:119) ~[jackson-databind-2.14.3.jar:2.14.3]
	at com.fasterxml.jackson.databind.ser.impl.IndexedListSerializer.serialize(IndexedListSerializer.java:79) ~[jackson-databind-2.14.3.jar:2.14.3]
	at com.fasterxml.jackson.databind.ser.impl.IndexedListSerializer.serialize(IndexedListSerializer.java:18) ~[jackson-databind-2.14.3.jar:2.14.3]
	at com.fasterxml.jackson.databind.ser.BeanPropertyWriter.serializeAsField(BeanPropertyWriter.java:733) ~[jackson-databind-2.14.3.jar:2.14.3]
	at com.fasterxml.jackson.databind.ser.std.BeanSerializerBase.serializeFields(BeanSerializerBase.java:774) ~[jackson-databind-2.14.3.jar:2.14.3]
	at com.fasterxml.jackson.databind.ser.BeanSerializer.serialize(BeanSerializer.java:178) ~[jackson-databind-2.14.3.jar:2.14.3]
	at com.fasterxml.jackson.databind.ser.BeanPropertyWriter.serializeAsField(BeanPropertyWriter.java:733) ~[jackson-databind-2.14.3.jar:2.14.3]
	at com.fasterxml.jackson.databind.ser.std.BeanSerializerBase.serializeFields(BeanSerializerBase.java:774) ~[jackson-databind-2.14.3.jar:2.14.3]
	at com.fasterxml.jackson.databind.ser.BeanSerializer.serialize(BeanSerializer.java:178) ~[jackson-databind-2.14.3.jar:2.14.3]
	at com.fasterxml.jackson.databind.ser.impl.IndexedListSerializer.serializeContents(IndexedListSerializer.java:119) ~[jackson-databind-2.14.3.jar:2.14.3]
	at com.fasterxml.jackson.databind.ser.impl.IndexedListSerializer.serialize(IndexedListSerializer.java:79) ~[jackson-databind-2.14.3.jar:2.14.3]
	at com.fasterxml.jackson.databind.ser.impl.IndexedListSerializer.serialize(IndexedListSerializer.java:18) ~[jackson-databind-2.14.3.jar:2.14.3]
	at com.fasterxml.jackson.databind.ser.BeanPropertyWriter.serializeAsField(BeanPropertyWriter.java:733) ~[jackson-databind-2.14.3.jar:2.14.3]
	at com.fasterxml.jackson.databind.ser.std.BeanSerializerBase.serializeFields(BeanSerializerBase.java:774) ~[jackson-databind-2.14.3.jar:2.14.3]
	at com.fasterxml.jackson.databind.ser.BeanSerializer.serialize(BeanSerializer.java:178) ~[jackson-databind-2.14.3.jar:2.14.3]
	at com.fasterxml.jackson.databind.ser.BeanPropertyWriter.serializeAsField(BeanPropertyWriter.java:733) ~[jackson-databind-2.14.3.jar:2.14.3]
	at com.fasterxml.jackson.databind.ser.std.BeanSerializerBase.serializeFields(BeanSerializerBase.java:774) ~[jackson-databind-2.14.3.jar:2.14.3]
	at com.fasterxml.jackson.databind.ser.BeanSerializer.serialize(BeanSerializer.java:178) ~[jackson-databind-2.14.3.jar:2.14.3]
	at com.fasterxml.jackson.databind.ser.impl.IndexedListSerializer.serializeContents(IndexedListSerializer.java:119) ~[jackson-databind-2.14.3.jar:2.14.3]
	at com.fasterxml.jackson.databind.ser.impl.IndexedListSerializer.serialize(IndexedListSerializer.java:79) ~[jackson-databind-2.14.3.jar:2.14.3]
	at com.fasterxml.jackson.databind.ser.impl.IndexedListSerializer.serialize(IndexedListSerializer.java:18) ~[jackson-databind-2.14.3.jar:2.14.3]
	at com.fasterxml.jackson.databind.ser.BeanPropertyWriter.serializeAsField(BeanPropertyWriter.java:733) ~[jackson-databind-2.14.3.jar:2.14.3]
	at com.fasterxml.jackson.databind.ser.std.BeanSerializerBase.serializeFields(BeanSerializerBase.java:774) ~[jackson-databind-2.14.3.jar:2.14.3]
	at com.fasterxml.jackson.databind.ser.BeanSerializer.serialize(BeanSerializer.java:178) ~[jackson-databind-2.14.3.jar:2.14.3]
	at com.fasterxml.jackson.databind.ser.BeanPropertyWriter.serializeAsField(BeanPropertyWriter.java:733) ~[jackson-databind-2.14.3.jar:2.14.3]
	at com.fasterxml.jackson.databind.ser.std.BeanSerializerBase.serializeFields(BeanSerializerBase.java:774) ~[jackson-databind-2.14.3.jar:2.14.3]
	at com.fasterxml.jackson.databind.ser.BeanSerializer.serialize(BeanSerializer.java:178) ~[jackson-databind-2.14.3.jar:2.14.3]
	at com.fasterxml.jackson.databind.ser.impl.IndexedListSerializer.serializeContents(IndexedListSerializer.java:119) ~[jackson-databind-2.14.3.jar:2.14.3]
	at com.fasterxml.jackson.databind.ser.impl.IndexedListSerializer.serialize(IndexedListSerializer.java:79) ~[jackson-databind-2.14.3.jar:2.14.3]
	at com.fasterxml.jackson.databind.ser.impl.IndexedListSerializer.serialize(IndexedListSerializer.java:18) ~[jackson-databind-2.14.3.jar:2.14.3]
	at com.fasterxml.jackson.databind.ser.BeanPropertyWriter.serializeAsField(BeanPropertyWriter.java:733) ~[jackson-databind-2.14.3.jar:2.14.3]
	at com.fasterxml.jackson.databind.ser.std.BeanSerializerBase.serializeFields(BeanSerializerBase.java:774) ~[jackson-databind-2.14.3.jar:2.14.3]
	at com.fasterxml.jackson.databind.ser.BeanSerializer.serialize(BeanSerializer.java:178) ~[jackson-databind-2.14.3.jar:2.14.3]
	at com.fasterxml.jackson.databind.ser.BeanPropertyWriter.serializeAsField(BeanPropertyWriter.java:733) ~[jackson-databind-2.14.3.jar:2.14.3]
	at com.fasterxml.jackson.databind.ser.std.BeanSerializerBase.serializeFields(BeanSerializerBase.java:774) ~[jackson-databind-2.14.3.jar:2.14.3]
	at com.fasterxml.jackson.databind.ser.BeanSerializer.serialize(BeanSerializer.java:178) ~[jackson-databind-2.14.3.jar:2.14.3]
	at com.fasterxml.jackson.databind.ser.impl.IndexedListSerializer.serializeContents(IndexedListSerializer.java:119) ~[jackson-databind-2.14.3.jar:2.14.3]
	at com.fasterxml.jackson.databind.ser.impl.IndexedListSerializer.serialize(IndexedListSerializer.java:79) ~[jackson-databind-2.14.3.jar:2.14.3]
	at com.fasterxml.jackson.databind.ser.impl.IndexedListSerializer.serialize(IndexedListSerializer.java:18) ~[jackson-databind-2.14.3.jar:2.14.3]
	at com.fasterxml.jackson.databind.ser.BeanPropertyWriter.serializeAsField(BeanPropertyWriter.java:733) ~[jackson-databind-2.14.3.jar:2.14.3]
	at com.fasterxml.jackson.databind.ser.std.BeanSerializerBase.serializeFields(BeanSerializerBase.java:774) ~[jackson-databind-2.14.3.jar:2.14.3]
	at com.fasterxml.jackson.databind.ser.BeanSerializer.serialize(BeanSerializer.java:178) ~[jackson-databind-2.14.3.jar:2.14.3]
	at com.fasterxml.jackson.databind.ser.BeanPropertyWriter.serializeAsField(BeanPropertyWriter.java:733) ~[jackson-databind-2.14.3.jar:2.14.3]
	at com.fasterxml.jackson.databind.ser.std.BeanSerializerBase.serializeFields(BeanSerializerBase.java:774) ~[jackson-databind-2.14.3.jar:2.14.3]
	at com.fasterxml.jackson.databind.ser.BeanSerializer.serialize(BeanSerializer.java:178) ~[jackson-databind-2.14.3.jar:2.14.3]
	at com.fasterxml.jackson.databind.ser.impl.IndexedListSerializer.serializeContents(IndexedListSerializer.java:119) ~[jackson-databind-2.14.3.jar:2.14.3]
	at com.fasterxml.jackson.databind.ser.impl.IndexedListSerializer.serialize(IndexedListSerializer.java:79) ~[jackson-databind-2.14.3.jar:2.14.3]
	at com.fasterxml.jackson.databind.ser.impl.IndexedListSerializer.serialize(IndexedListSerializer.java:18) ~[jackson-databind-2.14.3.jar:2.14.3]
	at com.fasterxml.jackson.databind.ser.BeanPropertyWriter.serializeAsField(BeanPropertyWriter.java:733) ~[jackson-databind-2.14.3.jar:2.14.3]
	at com.fasterxml.jackson.databind.ser.std.BeanSerializerBase.serializeFields(BeanSerializerBase.java:774) ~[jackson-databind-2.14.3.jar:2.14.3]
	at com.fasterxml.jackson.databind.ser.BeanSerializer.serialize(BeanSerializer.java:178) ~[jackson-databind-2.14.3.jar:2.14.3]
	at com.fasterxml.jackson.databind.ser.BeanPropertyWriter.serializeAsField(BeanPropertyWriter.java:733) ~[jackson-databind-2.14.3.jar:2.14.3]
	at com.fasterxml.jackson.databind.ser.std.BeanSerializerBase.serializeFields(BeanSerializerBase.java:774) ~[jackson-databind-2.14.3.jar:2.14.3]
	at com.fasterxml.jackson.databind.ser.BeanSerializer.serialize(BeanSerializer.java:178) ~[jackson-databind-2.14.3.jar:2.14.3]
	at com.fasterxml.jackson.databind.ser.impl.IndexedListSerializer.serializeContents(IndexedListSerializer.java:119) ~[jackson-databind-2.14.3.jar:2.14.3]
	at com.fasterxml.jackson.databind.ser.impl.IndexedListSerializer.serialize(IndexedListSerializer.java:79) ~[jackson-databind-2.14.3.jar:2.14.3]
	at com.fasterxml.jackson.databind.ser.impl.IndexedListSerializer.serialize(IndexedListSerializer.java:18) ~[jackson-databind-2.14.3.jar:2.14.3]
	at com.fasterxml.jackson.databind.ser.BeanPropertyWriter.serializeAsField(BeanPropertyWriter.java:733) ~[jackson-databind-2.14.3.jar:2.14.3]
	at com.fasterxml.jackson.databind.ser.std.BeanSerializerBase.serializeFields(BeanSerializerBase.java:774) ~[jackson-databind-2.14.3.jar:2.14.3]
	at com.fasterxml.jackson.databind.ser.BeanSerializer.serialize(BeanSerializer.java:178) ~[jackson-databind-2.14.3.jar:2.14.3]
	at com.fasterxml.jackson.databind.ser.BeanPropertyWriter.serializeAsField(BeanPropertyWriter.java:733) ~[jackson-databind-2.14.3.jar:2.14.3]
	at com.fasterxml.jackson.databind.ser.std.BeanSerializerBase.serializeFields(BeanSerializerBase.java:774) ~[jackson-databind-2.14.3.jar:2.14.3]
	at com.fasterxml.jackson.databind.ser.BeanSerializer.serialize(BeanSerializer.java:178) ~[jackson-databind-2.14.3.jar:2.14.3]
	at com.fasterxml.jackson.databind.ser.impl.IndexedListSerializer.serializeContents(IndexedListSerializer.java:119) ~[jackson-databind-2.14.3.jar:2.14.3]
	at com.fasterxml.jackson.databind.ser.impl.IndexedListSerializer.serialize(IndexedListSerializer.java:79) ~[jackson-databind-2.14.3.jar:2.14.3]
	at com.fasterxml.jackson.databind.ser.impl.IndexedListSerializer.serialize(IndexedListSerializer.java:18) ~[jackson-databind-2.14.3.jar:2.14.3]
	at com.fasterxml.jackson.databind.ser.BeanPropertyWriter.serializeAsField(BeanPropertyWriter.java:733) ~[jackson-databind-2.14.3.jar:2.14.3]
	at com.fasterxml.jackson.databind.ser.std.BeanSerializerBase.serializeFields(BeanSerializerBase.java:774) ~[jackson-databind-2.14.3.jar:2.14.3]
	at com.fasterxml.jackson.databind.ser.BeanSerializer.serialize(BeanSerializer.java:178) ~[jackson-databind-2.14.3.jar:2.14.3]
	at com.fasterxml.jackson.databind.ser.BeanPropertyWriter.serializeAsField(BeanPropertyWriter.java:733) ~[jackson-databind-2.14.3.jar:2.14.3]
	at com.fasterxml.jackson.databind.ser.std.BeanSerializerBase.serializeFields(BeanSerializerBase.java:774) ~[jackson-databind-2.14.3.jar:2.14.3]
	at com.fasterxml.jackson.databind.ser.BeanSerializer.serialize(BeanSerializer.java:178) ~[jackson-databind-2.14.3.jar:2.14.3]
	at com.fasterxml.jackson.databind.ser.impl.IndexedListSerializer.serializeContents(IndexedListSerializer.java:119) ~[jackson-databind-2.14.3.jar:2.14.3]
	at com.fasterxml.jackson.databind.ser.impl.IndexedListSerializer.serialize(IndexedListSerializer.java:79) ~[jackson-databind-2.14.3.jar:2.14.3]
	at com.fasterxml.jackson.databind.ser.impl.IndexedListSerializer.serialize(IndexedListSerializer.java:18) ~[jackson-databind-2.14.3.jar:2.14.3]
	at com.fasterxml.jackson.databind.ser.BeanPropertyWriter.serializeAsField(BeanPropertyWriter.java:733) ~[jackson-databind-2.14.3.jar:2.14.3]
	at com.fasterxml.jackson.databind.ser.std.BeanSerializerBase.serializeFields(BeanSerializerBase.java:774) ~[jackson-databind-2.14.3.jar:2.14.3]
	at com.fasterxml.jackson.databind.ser.BeanSerializer.serialize(BeanSerializer.java:178) ~[jackson-databind-2.14.3.jar:2.14.3]
	at com.fasterxml.jackson.databind.ser.BeanPropertyWriter.serializeAsField(BeanPropertyWriter.java:733) ~[jackson-databind-2.14.3.jar:2.14.3]
	at com.fasterxml.jackson.databind.ser.std.BeanSerializerBase.serializeFields(BeanSerializerBase.java:774) ~[jackson-databind-2.14.3.jar:2.14.3]
	at com.fasterxml.jackson.databind.ser.BeanSerializer.serialize(BeanSerializer.java:178) ~[jackson-databind-2.14.3.jar:2.14.3]
	at com.fasterxml.jackson.databind.ser.impl.IndexedListSerializer.serializeContents(IndexedListSerializer.java:119) ~[jackson-databind-2.14.3.jar:2.14.3]
	at com.fasterxml.jackson.databind.ser.impl.IndexedListSerializer.serialize(IndexedListSerializer.java:79) ~[jackson-databind-2.14.3.jar:2.14.3]
	at com.fasterxml.jackson.databind.ser.impl.IndexedListSerializer.serialize(IndexedListSerializer.java:18) ~[jackson-databind-2.14.3.jar:2.14.3]
	at com.fasterxml.jackson.databind.ser.BeanPropertyWriter.serializeAsField(BeanPropertyWriter.java:733) ~[jackson-databind-2.14.3.jar:2.14.3]
	at com.fasterxml.jackson.databind.ser.std.BeanSerializerBase.serializeFields(BeanSerializerBase.java:774) ~[jackson-databind-2.14.3.jar:2.14.3]
	at com.fasterxml.jackson.databind.ser.BeanSerializer.serialize(BeanSerializer.java:178) ~[jackson-databind-2.14.3.jar:2.14.3]
	at com.fasterxml.jackson.databind.ser.BeanPropertyWriter.serializeAsField(BeanPropertyWriter.java:733) ~[jackson-databind-2.14.3.jar:2.14.3]
	at com.fasterxml.jackson.databind.ser.std.BeanSerializerBase.serializeFields(BeanSerializerBase.java:774) ~[jackson-databind-2.14.3.jar:2.14.3]
	at com.fasterxml.jackson.databind.ser.BeanSerializer.serialize(BeanSerializer.java:178) ~[jackson-databind-2.14.3.jar:2.14.3]
	at com.fasterxml.jackson.databind.ser.impl.IndexedListSerializer.serializeContents(IndexedListSerializer.java:119) ~[jackson-databind-2.14.3.jar:2.14.3]
	at com.fasterxml.jackson.databind.ser.impl.IndexedListSerializer.serialize(IndexedListSerializer.java:79) ~[jackson-databind-2.14.3.jar:2.14.3]
	at com.fasterxml.jackson.databind.ser.impl.IndexedListSerializer.serialize(IndexedListSerializer.java:18) ~[jackson-databind-2.14.3.jar:2.14.3]
	at com.fasterxml.jackson.databind.ser.BeanPropertyWriter.serializeAsField(BeanPropertyWriter.java:733) ~[jackson-databind-2.14.3.jar:2.14.3]
	at com.fasterxml.jackson.databind.ser.std.BeanSerializerBase.serializeFields(BeanSerializerBase.java:774) ~[jackson-databind-2.14.3.jar:2.14.3]
	at com.fasterxml.jackson.databind.ser.BeanSerializer.serialize(BeanSerializer.java:178) ~[jackson-databind-2.14.3.jar:2.14.3]
	at com.fasterxml.jackson.databind.ser.BeanPropertyWriter.serializeAsField(BeanPropertyWriter.java:733) ~[jackson-databind-2.14.3.jar:2.14.3]
	at com.fasterxml.jackson.databind.ser.std.BeanSerializerBase.serializeFields(BeanSerializerBase.java:774) ~[jackson-databind-2.14.3.jar:2.14.3]
	at com.fasterxml.jackson.databind.ser.BeanSerializer.serialize(BeanSerializer.java:178) ~[jackson-databind-2.14.3.jar:2.14.3]
	at com.fasterxml.jackson.databind.ser.impl.IndexedListSerializer.serializeContents(IndexedListSerializer.java:119) ~[jackson-databind-2.14.3.jar:2.14.3]
	at com.fasterxml.jackson.databind.ser.impl.IndexedListSerializer.serialize(IndexedListSerializer.java:79) ~[jackson-databind-2.14.3.jar:2.14.3]
	at com.fasterxml.jackson.databind.ser.impl.IndexedListSerializer.serialize(IndexedListSerializer.java:18) ~[jackson-databind-2.14.3.jar:2.14.3]
	at com.fasterxml.jackson.databind.ser.BeanPropertyWriter.serializeAsField(BeanPropertyWriter.java:733) ~[jackson-databind-2.14.3.jar:2.14.3]
	at com.fasterxml.jackson.databind.ser.std.BeanSerializerBase.serializeFields(BeanSerializerBase.java:774) ~[jackson-databind-2.14.3.jar:2.14.3]
	at com.fasterxml.jackson.databind.ser.BeanSerializer.serialize(BeanSerializer.java:178) ~[jackson-databind-2.14.3.jar:2.14.3]
	at com.fasterxml.jackson.databind.ser.BeanPropertyWriter.serializeAsField(BeanPropertyWriter.java:733) ~[jackson-databind-2.14.3.jar:2.14.3]
	at com.fasterxml.jackson.databind.ser.std.BeanSerializerBase.serializeFields(BeanSerializerBase.java:774) ~[jackson-databind-2.14.3.jar:2.14.3]
	at com.fasterxml.jackson.databind.ser.BeanSerializer.serialize(BeanSerializer.java:178) ~[jackson-databind-2.14.3.jar:2.14.3]
	at com.fasterxml.jackson.databind.ser.impl.IndexedListSerializer.serializeContents(IndexedListSerializer.java:119) ~[jackson-databind-2.14.3.jar:2.14.3]
	at com.fasterxml.jackson.databind.ser.impl.IndexedListSerializer.serialize(IndexedListSerializer.java:79) ~[jackson-databind-2.14.3.jar:2.14.3]
	at com.fasterxml.jackson.databind.ser.impl.IndexedListSerializer.serialize(IndexedListSerializer.java:18) ~[jackson-databind-2.14.3.jar:2.14.3]
	at com.fasterxml.jackson.databind.ser.BeanPropertyWriter.serializeAsField(BeanPropertyWriter.java:733) ~[jackson-databind-2.14.3.jar:2.14.3]
	at com.fasterxml.jackson.databind.ser.std.BeanSerializerBase.serializeFields(BeanSerializerBase.java:774) ~[jackson-databind-2.14.3.jar:2.14.3]
	at com.fasterxml.jackson.databind.ser.BeanSerializer.serialize(BeanSerializer.java:178) ~[jackson-databind-2.14.3.jar:2.14.3]
	at com.fasterxml.jackson.databind.ser.BeanPropertyWriter.serializeAsField(BeanPropertyWriter.java:733) ~[jackson-databind-2.14.3.jar:2.14.3]
	at com.fasterxml.jackson.databind.ser.std.BeanSerializerBase.serializeFields(BeanSerializerBase.java:774) ~[jackson-databind-2.14.3.jar:2.14.3]
	at com.fasterxml.jackson.databind.ser.BeanSerializer.serialize(BeanSerializer.java:178) ~[jackson-databind-2.14.3.jar:2.14.3]
	at com.fasterxml.jackson.databind.ser.impl.IndexedListSerializer.serializeContents(IndexedListSerializer.java:119) ~[jackson-databind-2.14.3.jar:2.14.3]
	at com.fasterxml.jackson.databind.ser.impl.IndexedListSerializer.serialize(IndexedListSerializer.java:79) ~[jackson-databind-2.14.3.jar:2.14.3]
	at com.fasterxml.jackson.databind.ser.impl.IndexedListSerializer.serialize(IndexedListSerializer.java:18) ~[jackson-databind-2.14.3.jar:2.14.3]
	at com.fasterxml.jackson.databind.ser.BeanPropertyWriter.serializeAsField(BeanPropertyWriter.java:733) ~[jackson-databind-2.14.3.jar:2.14.3]
	at com.fasterxml.jackson.databind.ser.std.BeanSerializerBase.serializeFields(BeanSerializerBase.java:774) ~[jackson-databind-2.14.3.jar:2.14.3]
	at com.fasterxml.jackson.databind.ser.BeanSerializer.serialize(BeanSerializer.java:178) ~[jackson-databind-2.14.3.jar:2.14.3]
	at com.fasterxml.jackson.databind.ser.BeanPropertyWriter.serializeAsField(BeanPropertyWriter.java:733) ~[jackson-databind-2.14.3.jar:2.14.3]
	at com.fasterxml.jackson.databind.ser.std.BeanSerializerBase.serializeFields(BeanSerializerBase.java:774) ~[jackson-databind-2.14.3.jar:2.14.3]
	at com.fasterxml.jackson.databind.ser.BeanSerializer.serialize(BeanSerializer.java:178) ~[jackson-databind-2.14.3.jar:2.14.3]
	at com.fasterxml.jackson.databind.ser.impl.IndexedListSerializer.serializeContents(IndexedListSerializer.java:119) ~[jackson-databind-2.14.3.jar:2.14.3]
	at com.fasterxml.jackson.databind.ser.impl.IndexedListSerializer.serialize(IndexedListSerializer.java:79) ~[jackson-databind-2.14.3.jar:2.14.3]
	at com.fasterxml.jackson.databind.ser.impl.IndexedListSerializer.serialize(IndexedListSerializer.java:18) ~[jackson-databind-2.14.3.jar:2.14.3]
	at com.fasterxml.jackson.databind.ser.BeanPropertyWriter.serializeAsField(BeanPropertyWriter.java:733) ~[jackson-databind-2.14.3.jar:2.14.3]
	at com.fasterxml.jackson.databind.ser.std.BeanSerializerBase.serializeFields(BeanSerializerBase.java:774) ~[jackson-databind-2.14.3.jar:2.14.3]
	at com.fasterxml.jackson.databind.ser.BeanSerializer.serialize(BeanSerializer.java:178) ~[jackson-databind-2.14.3.jar:2.14.3]
	at com.fasterxml.jackson.databind.ser.BeanPropertyWriter.serializeAsField(BeanPropertyWriter.java:733) ~[jackson-databind-2.14.3.jar:2.14.3]
	at com.fasterxml.jackson.databind.ser.std.BeanSerializerBase.serializeFields(BeanSerializerBase.java:774) ~[jackson-databind-2.14.3.jar:2.14.3]
	at com.fasterxml.jackson.databind.ser.BeanSerializer.serialize(BeanSerializer.java:178) ~[jackson-databind-2.14.3.jar:2.14.3]
	at com.fasterxml.jackson.databind.ser.impl.IndexedListSerializer.serializeContents(IndexedListSerializer.java:119) ~[jackson-databind-2.14.3.jar:2.14.3]
	at com.fasterxml.jackson.databind.ser.impl.IndexedListSerializer.serialize(IndexedListSerializer.java:79) ~[jackson-databind-2.14.3.jar:2.14.3]
	at com.fasterxml.jackson.databind.ser.impl.IndexedListSerializer.serialize(IndexedListSerializer.java:18) ~[jackson-databind-2.14.3.jar:2.14.3]
	at com.fasterxml.jackson.databind.ser.BeanPropertyWriter.serializeAsField(BeanPropertyWriter.java:733) ~[jackson-databind-2.14.3.jar:2.14.3]
	at com.fasterxml.jackson.databind.ser.std.BeanSerializerBase.serializeFields(BeanSerializerBase.java:774) ~[jackson-databind-2.14.3.jar:2.14.3]
	at com.fasterxml.jackson.databind.ser.BeanSerializer.serialize(BeanSerializer.java:178) ~[jackson-databind-2.14.3.jar:2.14.3]
	at com.fasterxml.jackson.databind.ser.BeanPropertyWriter.serializeAsField(BeanPropertyWriter.java:733) ~[jackson-databind-2.14.3.jar:2.14.3]
	at com.fasterxml.jackson.databind.ser.std.BeanSerializerBase.serializeFields(BeanSerializerBase.java:774) ~[jackson-databind-2.14.3.jar:2.14.3]
	at com.fasterxml.jackson.databind.ser.BeanSerializer.serialize(BeanSerializer.java:178) ~[jackson-databind-2.14.3.jar:2.14.3]
	at com.fasterxml.jackson.databind.ser.impl.IndexedListSerializer.serializeContents(IndexedListSerializer.java:119) ~[jackson-databind-2.14.3.jar:2.14.3]
	at com.fasterxml.jackson.databind.ser.impl.IndexedListSerializer.serialize(IndexedListSerializer.java:79) ~[jackson-databind-2.14.3.jar:2.14.3]
	at com.fasterxml.jackson.databind.ser.impl.IndexedListSerializer.serialize(IndexedListSerializer.java:18) ~[jackson-databind-2.14.3.jar:2.14.3]
	at com.fasterxml.jackson.databind.ser.BeanPropertyWriter.serializeAsField(BeanPropertyWriter.java:733) ~[jackson-databind-2.14.3.jar:2.14.3]
	at com.fasterxml.jackson.databind.ser.std.BeanSerializerBase.serializeFields(BeanSerializerBase.java:774) ~[jackson-databind-2.14.3.jar:2.14.3]
	at com.fasterxml.jackson.databind.ser.BeanSerializer.serialize(BeanSerializer.java:178) ~[jackson-databind-2.14.3.jar:2.14.3]
	at com.fasterxml.jackson.databind.ser.BeanPropertyWriter.serializeAsField(BeanPropertyWriter.java:733) ~[jackson-databind-2.14.3.jar:2.14.3]
	at com.fasterxml.jackson.databind.ser.std.BeanSerializerBase.serializeFields(BeanSerializerBase.java:774) ~[jackson-databind-2.14.3.jar:2.14.3]
	at com.fasterxml.jackson.databind.ser.BeanSerializer.serialize(BeanSerializer.java:178) ~[jackson-databind-2.14.3.jar:2.14.3]
	at com.fasterxml.jackson.databind.ser.impl.IndexedListSerializer.serializeContents(IndexedListSerializer.java:119) ~[jackson-databind-2.14.3.jar:2.14.3]
	at com.fasterxml.jackson.databind.ser.impl.IndexedListSerializer.serialize(IndexedListSerializer.java:79) ~[jackson-databind-2.14.3.jar:2.14.3]
	at com.fasterxml.jackson.databind.ser.impl.IndexedListSerializer.serialize(IndexedListSerializer.java:18) ~[jackson-databind-2.14.3.jar:2.14.3]
	at com.fasterxml.jackson.databind.ser.BeanPropertyWriter.serializeAsField(BeanPropertyWriter.java:733) ~[jackson-databind-2.14.3.jar:2.14.3]
	at com.fasterxml.jackson.databind.ser.std.BeanSerializerBase.serializeFields(BeanSerializerBase.java:774) ~[jackson-databind-2.14.3.jar:2.14.3]
	at com.fasterxml.jackson.databind.ser.BeanSerializer.serialize(BeanSerializer.java:178) ~[jackson-databind-2.14.3.jar:2.14.3]
	at com.fasterxml.jackson.databind.ser.BeanPropertyWriter.serializeAsField(BeanPropertyWriter.java:733) ~[jackson-databind-2.14.3.jar:2.14.3]
	at com.fasterxml.jackson.databind.ser.std.BeanSerializerBase.serializeFields(BeanSerializerBase.java:774) ~[jackson-databind-2.14.3.jar:2.14.3]
	at com.fasterxml.jackson.databind.ser.BeanSerializer.serialize(BeanSerializer.java:178) ~[jackson-databind-2.14.3.jar:2.14.3]
	at com.fasterxml.jackson.databind.ser.impl.IndexedListSerializer.serializeContents(IndexedListSerializer.java:119) ~[jackson-databind-2.14.3.jar:2.14.3]
	at com.fasterxml.jackson.databind.ser.impl.IndexedListSerializer.serialize(IndexedListSerializer.java:79) ~[jackson-databind-2.14.3.jar:2.14.3]
	at com.fasterxml.jackson.databind.ser.impl.IndexedListSerializer.serialize(IndexedListSerializer.java:18) ~[jackson-databind-2.14.3.jar:2.14.3]
	at com.fasterxml.jackson.databind.ser.BeanPropertyWriter.serializeAsField(BeanPropertyWriter.java:733) ~[jackson-databind-2.14.3.jar:2.14.3]
	at com.fasterxml.jackson.databind.ser.std.BeanSerializerBase.serializeFields(BeanSerializerBase.java:774) ~[jackson-databind-2.14.3.jar:2.14.3]
	at com.fasterxml.jackson.databind.ser.BeanSerializer.serialize(BeanSerializer.java:178) ~[jackson-databind-2.14.3.jar:2.14.3]
	at com.fasterxml.jackson.databind.ser.BeanPropertyWriter.serializeAsField(BeanPropertyWriter.java:733) ~[jackson-databind-2.14.3.jar:2.14.3]
	at com.fasterxml.jackson.databind.ser.std.BeanSerializerBase.serializeFields(BeanSerializerBase.java:774) ~[jackson-databind-2.14.3.jar:2.14.3]
	at com.fasterxml.jackson.databind.ser.BeanSerializer.serialize(BeanSerializer.java:178) ~[jackson-databind-2.14.3.jar:2.14.3]
	at com.fasterxml.jackson.databind.ser.impl.IndexedListSerializer.serializeContents(IndexedListSerializer.java:119) ~[jackson-databind-2.14.3.jar:2.14.3]
	at com.fasterxml.jackson.databind.ser.impl.IndexedListSerializer.serialize(IndexedListSerializer.java:79) ~[jackson-databind-2.14.3.jar:2.14.3]
	at com.fasterxml.jackson.databind.ser.impl.IndexedListSerializer.serialize(IndexedListSerializer.java:18) ~[jackson-databind-2.14.3.jar:2.14.3]
	at com.fasterxml.jackson.databind.ser.BeanPropertyWriter.serializeAsField(BeanPropertyWriter.java:733) ~[jackson-databind-2.14.3.jar:2.14.3]
	at com.fasterxml.jackson.databind.ser.std.BeanSerializerBase.serializeFields(BeanSerializerBase.java:774) ~[jackson-databind-2.14.3.jar:2.14.3]
	at com.fasterxml.jackson.databind.ser.BeanSerializer.serialize(BeanSerializer.java:178) ~[jackson-databind-2.14.3.jar:2.14.3]
	at com.fasterxml.jackson.databind.ser.BeanPropertyWriter.serializeAsField(BeanPropertyWriter.java:733) ~[jackson-databind-2.14.3.jar:2.14.3]
	at com.fasterxml.jackson.databind.ser.std.BeanSerializerBase.serializeFields(BeanSerializerBase.java:774) ~[jackson-databind-2.14.3.jar:2.14.3]
	at com.fasterxml.jackson.databind.ser.BeanSerializer.serialize(BeanSerializer.java:178) ~[jackson-databind-2.14.3.jar:2.14.3]
	at com.fasterxml.jackson.databind.ser.impl.IndexedListSerializer.serializeContents(IndexedListSerializer.java:119) ~[jackson-databind-2.14.3.jar:2.14.3]
	at com.fasterxml.jackson.databind.ser.impl.IndexedListSerializer.serialize(IndexedListSerializer.java:79) ~[jackson-databind-2.14.3.jar:2.14.3]
	at com.fasterxml.jackson.databind.ser.impl.IndexedListSerializer.serialize(IndexedListSerializer.java:18) ~[jackson-databind-2.14.3.jar:2.14.3]
	at com.fasterxml.jackson.databind.ser.BeanPropertyWriter.serializeAsField(BeanPropertyWriter.java:733) ~[jackson-databind-2.14.3.jar:2.14.3]
	at com.fasterxml.jackson.databind.ser.std.BeanSerializerBase.serializeFields(BeanSerializerBase.java:774) ~[jackson-databind-2.14.3.jar:2.14.3]
	at com.fasterxml.jackson.databind.ser.BeanSerializer.serialize(BeanSerializer.java:178) ~[jackson-databind-2.14.3.jar:2.14.3]
	at com.fasterxml.jackson.databind.ser.BeanPropertyWriter.serializeAsField(BeanPropertyWriter.java:733) ~[jackson-databind-2.14.3.jar:2.14.3]
	at com.fasterxml.jackson.databind.ser.std.BeanSerializerBase.serializeFields(BeanSerializerBase.java:774) ~[jackson-databind-2.14.3.jar:2.14.3]
	at com.fasterxml.jackson.databind.ser.BeanSerializer.serialize(BeanSerializer.java:178) ~[jackson-databind-2.14.3.jar:2.14.3]
	at com.fasterxml.jackson.databind.ser.impl.IndexedListSerializer.serializeContents(IndexedListSerializer.java:119) ~[jackson-databind-2.14.3.jar:2.14.3]
	at com.fasterxml.jackson.databind.ser.impl.IndexedListSerializer.serialize(IndexedListSerializer.java:79) ~[jackson-databind-2.14.3.jar:2.14.3]
	at com.fasterxml.jackson.databind.ser.impl.IndexedListSerializer.serialize(IndexedListSerializer.java:18) ~[jackson-databind-2.14.3.jar:2.14.3]
	at com.fasterxml.jackson.databind.ser.BeanPropertyWriter.serializeAsField(BeanPropertyWriter.java:733) ~[jackson-databind-2.14.3.jar:2.14.3]
	at com.fasterxml.jackson.databind.ser.std.BeanSerializerBase.serializeFields(BeanSerializerBase.java:774) ~[jackson-databind-2.14.3.jar:2.14.3]
	at com.fasterxml.jackson.databind.ser.BeanSerializer.serialize(BeanSerializer.java:178) ~[jackson-databind-2.14.3.jar:2.14.3]
	at com.fasterxml.jackson.databind.ser.BeanPropertyWriter.serializeAsField(BeanPropertyWriter.java:733) ~[jackson-databind-2.14.3.jar:2.14.3]
	at com.fasterxml.jackson.databind.ser.std.BeanSerializerBase.serializeFields(BeanSerializerBase.java:774) ~[jackson-databind-2.14.3.jar:2.14.3]
	at com.fasterxml.jackson.databind.ser.BeanSerializer.serialize(BeanSerializer.java:178) ~[jackson-databind-2.14.3.jar:2.14.3]
	at com.fasterxml.jackson.databind.ser.impl.IndexedListSerializer.serializeContents(IndexedListSerializer.java:119) ~[jackson-databind-2.14.3.jar:2.14.3]
	at com.fasterxml.jackson.databind.ser.impl.IndexedListSerializer.serialize(IndexedListSerializer.java:79) ~[jackson-databind-2.14.3.jar:2.14.3]
	at com.fasterxml.jackson.databind.ser.impl.IndexedListSerializer.serialize(IndexedListSerializer.java:18) ~[jackson-databind-2.14.3.jar:2.14.3]
	at com.fasterxml.jackson.databind.ser.BeanPropertyWriter.serializeAsField(BeanPropertyWriter.java:733) ~[jackson-databind-2.14.3.jar:2.14.3]
	at com.fasterxml.jackson.databind.ser.std.BeanSerializerBase.serializeFields(BeanSerializerBase.java:774) ~[jackson-databind-2.14.3.jar:2.14.3]
	at com.fasterxml.jackson.databind.ser.BeanSerializer.serialize(BeanSerializer.java:178) ~[jackson-databind-2.14.3.jar:2.14.3]
	at com.fasterxml.jackson.databind.ser.BeanPropertyWriter.serializeAsField(BeanPropertyWriter.java:733) ~[jackson-databind-2.14.3.jar:2.14.3]
	at com.fasterxml.jackson.databind.ser.std.BeanSerializerBase.serializeFields(BeanSerializerBase.java:774) ~[jackson-databind-2.14.3.jar:2.14.3]
	at com.fasterxml.jackson.databind.ser.BeanSerializer.serialize(BeanSerializer.java:178) ~[jackson-databind-2.14.3.jar:2.14.3]
	at com.fasterxml.jackson.databind.ser.impl.IndexedListSerializer.serializeContents(IndexedListSerializer.java:119) ~[jackson-databind-2.14.3.jar:2.14.3]
	at com.fasterxml.jackson.databind.ser.impl.IndexedListSerializer.serialize(IndexedListSerializer.java:79) ~[jackson-databind-2.14.3.jar:2.14.3]
	at com.fasterxml.jackson.databind.ser.impl.IndexedListSerializer.serialize(IndexedListSerializer.java:18) ~[jackson-databind-2.14.3.jar:2.14.3]
	at com.fasterxml.jackson.databind.ser.BeanPropertyWriter.serializeAsField(BeanPropertyWriter.java:733) ~[jackson-databind-2.14.3.jar:2.14.3]
	at com.fasterxml.jackson.databind.ser.std.BeanSerializerBase.serializeFields(BeanSerializerBase.java:774) ~[jackson-databind-2.14.3.jar:2.14.3]
	at com.fasterxml.jackson.databind.ser.BeanSerializer.serialize(BeanSerializer.java:178) ~[jackson-databind-2.14.3.jar:2.14.3]
	at com.fasterxml.jackson.databind.ser.BeanPropertyWriter.serializeAsField(BeanPropertyWriter.java:733) ~[jackson-databind-2.14.3.jar:2.14.3]
	at com.fasterxml.jackson.databind.ser.std.BeanSerializerBase.serializeFields(BeanSerializerBase.java:774) ~[jackson-databind-2.14.3.jar:2.14.3]
	at com.fasterxml.jackson.databind.ser.BeanSerializer.serialize(BeanSerializer.java:178) ~[jackson-databind-2.14.3.jar:2.14.3]
	at com.fasterxml.jackson.databind.ser.impl.IndexedListSerializer.serializeContents(IndexedListSerializer.java:119) ~[jackson-databind-2.14.3.jar:2.14.3]
	at com.fasterxml.jackson.databind.ser.impl.IndexedListSerializer.serialize(IndexedListSerializer.java:79) ~[jackson-databind-2.14.3.jar:2.14.3]
	at com.fasterxml.jackson.databind.ser.impl.IndexedListSerializer.serialize(IndexedListSerializer.java:18) ~[jackson-databind-2.14.3.jar:2.14.3]
	at com.fasterxml.jackson.databind.ser.BeanPropertyWriter.serializeAsField(BeanPropertyWriter.java:733) ~[jackson-databind-2.14.3.jar:2.14.3]
	at com.fasterxml.jackson.databind.ser.std.BeanSerializerBase.serializeFields(BeanSerializerBase.java:774) ~[jackson-databind-2.14.3.jar:2.14.3]
	at com.fasterxml.jackson.databind.ser.BeanSerializer.serialize(BeanSerializer.java:178) ~[jackson-databind-2.14.3.jar:2.14.3]
	at com.fasterxml.jackson.databind.ser.BeanPropertyWriter.serializeAsField(BeanPropertyWriter.java:733) ~[jackson-databind-2.14.3.jar:2.14.3]
	at com.fasterxml.jackson.databind.ser.std.BeanSerializerBase.serializeFields(BeanSerializerBase.java:774) ~[jackson-databind-2.14.3.jar:2.14.3]
	at com.fasterxml.jackson.databind.ser.BeanSerializer.serialize(BeanSerializer.java:178) ~[jackson-databind-2.14.3.jar:2.14.3]
	at com.fasterxml.jackson.databind.ser.impl.IndexedListSerializer.serializeContents(IndexedListSerializer.java:119) ~[jackson-databind-2.14.3.jar:2.14.3]
	at com.fasterxml.jackson.databind.ser.impl.IndexedListSerializer.serialize(IndexedListSerializer.java:79) ~[jackson-databind-2.14.3.jar:2.14.3]
	at com.fasterxml.jackson.databind.ser.impl.IndexedListSerializer.serialize(IndexedListSerializer.java:18) ~[jackson-databind-2.14.3.jar:2.14.3]
	at com.fasterxml.jackson.databind.ser.BeanPropertyWriter.serializeAsField(BeanPropertyWriter.java:733) ~[jackson-databind-2.14.3.jar:2.14.3]
	at com.fasterxml.jackson.databind.ser.std.BeanSerializerBase.serializeFields(BeanSerializerBase.java:774) ~[jackson-databind-2.14.3.jar:2.14.3]
	at com.fasterxml.jackson.databind.ser.BeanSerializer.serialize(BeanSerializer.java:178) ~[jackson-databind-2.14.3.jar:2.14.3]
	at com.fasterxml.jackson.databind.ser.BeanPropertyWriter.serializeAsField(BeanPropertyWriter.java:733) ~[jackson-databind-2.14.3.jar:2.14.3]
	at com.fasterxml.jackson.databind.ser.std.BeanSerializerBase.serializeFields(BeanSerializerBase.java:774) ~[jackson-databind-2.14.3.jar:2.14.3]
	at com.fasterxml.jackson.databind.ser.BeanSerializer.serialize(BeanSerializer.java:178) ~[jackson-databind-2.14.3.jar:2.14.3]
	at com.fasterxml.jackson.databind.ser.impl.IndexedListSerializer.serializeContents(IndexedListSerializer.java:119) ~[jackson-databind-2.14.3.jar:2.14.3]
	at com.fasterxml.jackson.databind.ser.impl.IndexedListSerializer.serialize(IndexedListSerializer.java:79) ~[jackson-databind-2.14.3.jar:2.14.3]
	at com.fasterxml.jackson.databind.ser.impl.IndexedListSerializer.serialize(IndexedListSerializer.java:18) ~[jackson-databind-2.14.3.jar:2.14.3]
	at com.fasterxml.jackson.databind.ser.BeanPropertyWriter.serializeAsField(BeanPropertyWriter.java:733) ~[jackson-databind-2.14.3.jar:2.14.3]
	at com.fasterxml.jackson.databind.ser.std.BeanSerializerBase.serializeFields(BeanSerializerBase.java:774) ~[jackson-databind-2.14.3.jar:2.14.3]
	at com.fasterxml.jackson.databind.ser.BeanSerializer.serialize(BeanSerializer.java:178) ~[jackson-databind-2.14.3.jar:2.14.3]
	at com.fasterxml.jackson.databind.ser.BeanPropertyWriter.serializeAsField(BeanPropertyWriter.java:733) ~[jackson-databind-2.14.3.jar:2.14.3]
	at com.fasterxml.jackson.databind.ser.std.BeanSerializerBase.serializeFields(BeanSerializerBase.java:774) ~[jackson-databind-2.14.3.jar:2.14.3]
	at com.fasterxml.jackson.databind.ser.BeanSerializer.serialize(BeanSerializer.java:178) ~[jackson-databind-2.14.3.jar:2.14.3]
	at com.fasterxml.jackson.databind.ser.impl.IndexedListSerializer.serializeContents(IndexedListSerializer.java:119) ~[jackson-databind-2.14.3.jar:2.14.3]
	at com.fasterxml.jackson.databind.ser.impl.IndexedListSerializer.serialize(IndexedListSerializer.java:79) ~[jackson-databind-2.14.3.jar:2.14.3]
	at com.fasterxml.jackson.databind.ser.impl.IndexedListSerializer.serialize(IndexedListSerializer.java:18) ~[jackson-databind-2.14.3.jar:2.14.3]
	at com.fasterxml.jackson.databind.ser.BeanPropertyWriter.serializeAsField(BeanPropertyWriter.java:733) ~[jackson-databind-2.14.3.jar:2.14.3]
	at com.fasterxml.jackson.databind.ser.std.BeanSerializerBase.serializeFields(BeanSerializerBase.java:774) ~[jackson-databind-2.14.3.jar:2.14.3]
	at com.fasterxml.jackson.databind.ser.BeanSerializer.serialize(BeanSerializer.java:178) ~[jackson-databind-2.14.3.jar:2.14.3]
	at com.fasterxml.jackson.databind.ser.BeanPropertyWriter.serializeAsField(BeanPropertyWriter.java:733) ~[jackson-databind-2.14.3.jar:2.14.3]
	at com.fasterxml.jackson.databind.ser.std.BeanSerializerBase.serializeFields(BeanSerializerBase.java:774) ~[jackson-databind-2.14.3.jar:2.14.3]
	at com.fasterxml.jackson.databind.ser.BeanSerializer.serialize(BeanSerializer.java:178) ~[jackson-databind-2.14.3.jar:2.14.3]
	at com.fasterxml.jackson.databind.ser.impl.IndexedListSerializer.serializeContents(IndexedListSerializer.java:119) ~[jackson-databind-2.14.3.jar:2.14.3]
	at com.fasterxml.jackson.databind.ser.impl.IndexedListSerializer.serialize(IndexedListSerializer.java:79) ~[jackson-databind-2.14.3.jar:2.14.3]
	at com.fasterxml.jackson.databind.ser.impl.IndexedListSerializer.serialize(IndexedListSerializer.java:18) ~[jackson-databind-2.14.3.jar:2.14.3]
	at com.fasterxml.jackson.databind.ser.BeanPropertyWriter.serializeAsField(BeanPropertyWriter.java:733) ~[jackson-databind-2.14.3.jar:2.14.3]
	at com.fasterxml.jackson.databind.ser.std.BeanSerializerBase.serializeFields(BeanSerializerBase.java:774) ~[jackson-databind-2.14.3.jar:2.14.3]
	at com.fasterxml.jackson.databind.ser.BeanSerializer.serialize(BeanSerializer.java:178) ~[jackson-databind-2.14.3.jar:2.14.3]
	at com.fasterxml.jackson.databind.ser.BeanPropertyWriter.serializeAsField(BeanPropertyWriter.java:733) ~[jackson-databind-2.14.3.jar:2.14.3]
	at com.fasterxml.jackson.databind.ser.std.BeanSerializerBase.serializeFields(BeanSerializerBase.java:774) ~[jackson-databind-2.14.3.jar:2.14.3]
	at com.fasterxml.jackson.databind.ser.BeanSerializer.serialize(BeanSerializer.java:178) ~[jackson-databind-2.14.3.jar:2.14.3]
	at com.fasterxml.jackson.databind.ser.impl.IndexedListSerializer.serializeContents(IndexedListSerializer.java:119) ~[jackson-databind-2.14.3.jar:2.14.3]
	at com.fasterxml.jackson.databind.ser.impl.IndexedListSerializer.serialize(IndexedListSerializer.java:79) ~[jackson-databind-2.14.3.jar:2.14.3]
	at com.fasterxml.jackson.databind.ser.impl.IndexedListSerializer.serialize(IndexedListSerializer.java:18) ~[jackson-databind-2.14.3.jar:2.14.3]
	at com.fasterxml.jackson.databind.ser.BeanPropertyWriter.serializeAsField(BeanPropertyWriter.java:733) ~[jackson-databind-2.14.3.jar:2.14.3]
	at com.fasterxml.jackson.databind.ser.std.BeanSerializerBase.serializeFields(BeanSerializerBase.java:774) ~[jackson-databind-2.14.3.jar:2.14.3]
	at com.fasterxml.jackson.databind.ser.BeanSerializer.serialize(BeanSerializer.java:178) ~[jackson-databind-2.14.3.jar:2.14.3]
	at com.fasterxml.jackson.databind.ser.BeanPropertyWriter.serializeAsField(BeanPropertyWriter.java:733) ~[jackson-databind-2.14.3.jar:2.14.3]
	at com.fasterxml.jackson.databind.ser.std.BeanSerializerBase.serializeFields(BeanSerializerBase.java:774) ~[jackson-databind-2.14.3.jar:2.14.3]
	at com.fasterxml.jackson.databind.ser.BeanSerializer.serialize(BeanSerializer.java:178) ~[jackson-databind-2.14.3.jar:2.14.3]
	at com.fasterxml.jackson.databind.ser.impl.IndexedListSerializer.serializeContents(IndexedListSerializer.java:119) ~[jackson-databind-2.14.3.jar:2.14.3]
	at com.fasterxml.jackson.databind.ser.impl.IndexedListSerializer.serialize(IndexedListSerializer.java:79) ~[jackson-databind-2.14.3.jar:2.14.3]
	at com.fasterxml.jackson.databind.ser.impl.IndexedListSerializer.serialize(IndexedListSerializer.java:18) ~[jackson-databind-2.14.3.jar:2.14.3]
	at com.fasterxml.jackson.databind.ser.BeanPropertyWriter.serializeAsField(BeanPropertyWriter.java:733) ~[jackson-databind-2.14.3.jar:2.14.3]
	at com.fasterxml.jackson.databind.ser.std.BeanSerializerBase.serializeFields(BeanSerializerBase.java:774) ~[jackson-databind-2.14.3.jar:2.14.3]
	at com.fasterxml.jackson.databind.ser.BeanSerializer.serialize(BeanSerializer.java:178) ~[jackson-databind-2.14.3.jar:2.14.3]
	at com.fasterxml.jackson.databind.ser.BeanPropertyWriter.serializeAsField(BeanPropertyWriter.java:733) ~[jackson-databind-2.14.3.jar:2.14.3]
	at com.fasterxml.jackson.databind.ser.std.BeanSerializerBase.serializeFields(BeanSerializerBase.java:774) ~[jackson-databind-2.14.3.jar:2.14.3]
	at com.fasterxml.jackson.databind.ser.BeanSerializer.serialize(BeanSerializer.java:178) ~[jackson-databind-2.14.3.jar:2.14.3]
	at com.fasterxml.jackson.databind.ser.impl.IndexedListSerializer.serializeContents(IndexedListSerializer.java:119) ~[jackson-databind-2.14.3.jar:2.14.3]
	at com.fasterxml.jackson.databind.ser.impl.IndexedListSerializer.serialize(IndexedListSerializer.java:79) ~[jackson-databind-2.14.3.jar:2.14.3]
	at com.fasterxml.jackson.databind.ser.impl.IndexedListSerializer.serialize(IndexedListSerializer.java:18) ~[jackson-databind-2.14.3.jar:2.14.3]
	at com.fasterxml.jackson.databind.ser.BeanPropertyWriter.serializeAsField(BeanPropertyWriter.java:733) ~[jackson-databind-2.14.3.jar:2.14.3]
	at com.fasterxml.jackson.databind.ser.std.BeanSerializerBase.serializeFields(BeanSerializerBase.java:774) ~[jackson-databind-2.14.3.jar:2.14.3]
	at com.fasterxml.jackson.databind.ser.BeanSerializer.serialize(BeanSerializer.java:178) ~[jackson-databind-2.14.3.jar:2.14.3]
	at com.fasterxml.jackson.databind.ser.BeanPropertyWriter.serializeAsField(BeanPropertyWriter.java:733) ~[jackson-databind-2.14.3.jar:2.14.3]
	at com.fasterxml.jackson.databind.ser.std.BeanSerializerBase.serializeFields(BeanSerializerBase.java:774) ~[jackson-databind-2.14.3.jar:2.14.3]
	at com.fasterxml.jackson.databind.ser.BeanSerializer.serialize(BeanSerializer.java:178) ~[jackson-databind-2.14.3.jar:2.14.3]
	at com.fasterxml.jackson.databind.ser.impl.IndexedListSerializer.serializeContents(IndexedListSerializer.java:119) ~[jackson-databind-2.14.3.jar:2.14.3]
	at com.fasterxml.jackson.databind.ser.impl.IndexedListSerializer.serialize(IndexedListSerializer.java:79) ~[jackson-databind-2.14.3.jar:2.14.3]
	at com.fasterxml.jackson.databind.ser.impl.IndexedListSerializer.serialize(IndexedListSerializer.java:18) ~[jackson-databind-2.14.3.jar:2.14.3]
	at com.fasterxml.jackson.databind.ser.BeanPropertyWriter.serializeAsField(BeanPropertyWriter.java:733) ~[jackson-databind-2.14.3.jar:2.14.3]
	at com.fasterxml.jackson.databind.ser.std.BeanSerializerBase.serializeFields(BeanSerializerBase.java:774) ~[jackson-databind-2.14.3.jar:2.14.3]
	at com.fasterxml.jackson.databind.ser.BeanSerializer.serialize(BeanSerializer.java:178) ~[jackson-databind-2.14.3.jar:2.14.3]
	at com.fasterxml.jackson.databind.ser.BeanPropertyWriter.serializeAsField(BeanPropertyWriter.java:733) ~[jackson-databind-2.14.3.jar:2.14.3]
	at com.fasterxml.jackson.databind.ser.std.BeanSerializerBase.serializeFields(BeanSerializerBase.java:774) ~[jackson-databind-2.14.3.jar:2.14.3]
	at com.fasterxml.jackson.databind.ser.BeanSerializer.serialize(BeanSerializer.java:178) ~[jackson-databind-2.14.3.jar:2.14.3]
	at com.fasterxml.jackson.databind.ser.impl.IndexedListSerializer.serializeContents(IndexedListSerializer.java:119) ~[jackson-databind-2.14.3.jar:2.14.3]
	at com.fasterxml.jackson.databind.ser.impl.IndexedListSerializer.serialize(IndexedListSerializer.java:79) ~[jackson-databind-2.14.3.jar:2.14.3]
	at com.fasterxml.jackson.databind.ser.impl.IndexedListSerializer.serialize(IndexedListSerializer.java:18) ~[jackson-databind-2.14.3.jar:2.14.3]
	at com.fasterxml.jackson.databind.ser.BeanPropertyWriter.serializeAsField(BeanPropertyWriter.java:733) ~[jackson-databind-2.14.3.jar:2.14.3]
	at com.fasterxml.jackson.databind.ser.std.BeanSerializerBase.serializeFields(BeanSerializerBase.java:774) ~[jackson-databind-2.14.3.jar:2.14.3]
	at com.fasterxml.jackson.databind.ser.BeanSerializer.serialize(BeanSerializer.java:178) ~[jackson-databind-2.14.3.jar:2.14.3]
	at com.fasterxml.jackson.databind.ser.BeanPropertyWriter.serializeAsField(BeanPropertyWriter.java:733) ~[jackson-databind-2.14.3.jar:2.14.3]
	at com.fasterxml.jackson.databind.ser.std.BeanSerializerBase.serializeFields(BeanSerializerBase.java:774) ~[jackson-databind-2.14.3.jar:2.14.3]
	at com.fasterxml.jackson.databind.ser.BeanSerializer.serialize(BeanSerializer.java:178) ~[jackson-databind-2.14.3.jar:2.14.3]
	at com.fasterxml.jackson.databind.ser.impl.IndexedListSerializer.serializeContents(IndexedListSerializer.java:119) ~[jackson-databind-2.14.3.jar:2.14.3]
	at com.fasterxml.jackson.databind.ser.impl.IndexedListSerializer.serialize(IndexedListSerializer.java:79) ~[jackson-databind-2.14.3.jar:2.14.3]
	at com.fasterxml.jackson.databind.ser.impl.IndexedListSerializer.serialize(IndexedListSerializer.java:18) ~[jackson-databind-2.14.3.jar:2.14.3]
	at com.fasterxml.jackson.databind.ser.BeanPropertyWriter.serializeAsField(BeanPropertyWriter.java:733) ~[jackson-databind-2.14.3.jar:2.14.3]
	at com.fasterxml.jackson.databind.ser.std.BeanSerializerBase.serializeFields(BeanSerializerBase.java:774) ~[jackson-databind-2.14.3.jar:2.14.3]
	at com.fasterxml.jackson.databind.ser.BeanSerializer.serialize(BeanSerializer.java:178) ~[jackson-databind-2.14.3.jar:2.14.3]
	at com.fasterxml.jackson.databind.ser.BeanPropertyWriter.serializeAsField(BeanPropertyWriter.java:733) ~[jackson-databind-2.14.3.jar:2.14.3]
	at com.fasterxml.jackson.databind.ser.std.BeanSerializerBase.serializeFields(BeanSerializerBase.java:774) ~[jackson-databind-2.14.3.jar:2.14.3]
	at com.fasterxml.jackson.databind.ser.BeanSerializer.serialize(BeanSerializer.java:178) ~[jackson-databind-2.14.3.jar:2.14.3]
	at com.fasterxml.jackson.databind.ser.impl.IndexedListSerializer.serializeContents(IndexedListSerializer.java:119) ~[jackson-databind-2.14.3.jar:2.14.3]
	at com.fasterxml.jackson.databind.ser.impl.IndexedListSerializer.serialize(IndexedListSerializer.java:79) ~[jackson-databind-2.14.3.jar:2.14.3]
	at com.fasterxml.jackson.databind.ser.impl.IndexedListSerializer.serialize(IndexedListSerializer.java:18) ~[jackson-databind-2.14.3.jar:2.14.3]
	at com.fasterxml.jackson.databind.ser.BeanPropertyWriter.serializeAsField(BeanPropertyWriter.java:733) ~[jackson-databind-2.14.3.jar:2.14.3]
	at com.fasterxml.jackson.databind.ser.std.BeanSerializerBase.serializeFields(BeanSerializerBase.java:774) ~[jackson-databind-2.14.3.jar:2.14.3]
	at com.fasterxml.jackson.databind.ser.BeanSerializer.serialize(BeanSerializer.java:178) ~[jackson-databind-2.14.3.jar:2.14.3]
	at com.fasterxml.jackson.databind.ser.BeanPropertyWriter.serializeAsField(BeanPropertyWriter.java:733) ~[jackson-databind-2.14.3.jar:2.14.3]
	at com.fasterxml.jackson.databind.ser.std.BeanSerializerBase.serializeFields(BeanSerializerBase.java:774) ~[jackson-databind-2.14.3.jar:2.14.3]
	at com.fasterxml.jackson.databind.ser.BeanSerializer.serialize(BeanSerializer.java:178) ~[jackson-databind-2.14.3.jar:2.14.3]
	at com.fasterxml.jackson.databind.ser.impl.IndexedListSerializer.serializeContents(IndexedListSerializer.java:119) ~[jackson-databind-2.14.3.jar:2.14.3]
	at com.fasterxml.jackson.databind.ser.impl.IndexedListSerializer.serialize(IndexedListSerializer.java:79) ~[jackson-databind-2.14.3.jar:2.14.3]
	at com.fasterxml.jackson.databind.ser.impl.IndexedListSerializer.serialize(IndexedListSerializer.java:18) ~[jackson-databind-2.14.3.jar:2.14.3]
	at com.fasterxml.jackson.databind.ser.BeanPropertyWriter.serializeAsField(BeanPropertyWriter.java:733) ~[jackson-databind-2.14.3.jar:2.14.3]
	at com.fasterxml.jackson.databind.ser.std.BeanSerializerBase.serializeFields(BeanSerializerBase.java:774) ~[jackson-databind-2.14.3.jar:2.14.3]
	at com.fasterxml.jackson.databind.ser.BeanSerializer.serialize(BeanSerializer.java:178) ~[jackson-databind-2.14.3.jar:2.14.3]
	at com.fasterxml.jackson.databind.ser.BeanPropertyWriter.serializeAsField(BeanPropertyWriter.java:733) ~[jackson-databind-2.14.3.jar:2.14.3]
	at com.fasterxml.jackson.databind.ser.std.BeanSerializerBase.serializeFields(BeanSerializerBase.java:774) ~[jackson-databind-2.14.3.jar:2.14.3]
	at com.fasterxml.jackson.databind.ser.BeanSerializer.serialize(BeanSerializer.java:178) ~[jackson-databind-2.14.3.jar:2.14.3]
	at com.fasterxml.jackson.databind.ser.impl.IndexedListSerializer.serializeContents(IndexedListSerializer.java:119) ~[jackson-databind-2.14.3.jar:2.14.3]
	at com.fasterxml.jackson.databind.ser.impl.IndexedListSerializer.serialize(IndexedListSerializer.java:79) ~[jackson-databind-2.14.3.jar:2.14.3]
	at com.fasterxml.jackson.databind.ser.impl.IndexedListSerializer.serialize(IndexedListSerializer.java:18) ~[jackson-databind-2.14.3.jar:2.14.3]
	at com.fasterxml.jackson.databind.ser.BeanPropertyWriter.serializeAsField(BeanPropertyWriter.java:733) ~[jackson-databind-2.14.3.jar:2.14.3]
	at com.fasterxml.jackson.databind.ser.std.BeanSerializerBase.serializeFields(BeanSerializerBase.java:774) ~[jackson-databind-2.14.3.jar:2.14.3]
	at com.fasterxml.jackson.databind.ser.BeanSerializer.serialize(BeanSerializer.java:178) ~[jackson-databind-2.14.3.jar:2.14.3]
	at com.fasterxml.jackson.databind.ser.BeanPropertyWriter.serializeAsField(BeanPropertyWriter.java:733) ~[jackson-databind-2.14.3.jar:2.14.3]
	at com.fasterxml.jackson.databind.ser.std.BeanSerializerBase.serializeFields(BeanSerializerBase.java:774) ~[jackson-databind-2.14.3.jar:2.14.3]
	at com.fasterxml.jackson.databind.ser.BeanSerializer.serialize(BeanSerializer.java:178) ~[jackson-databind-2.14.3.jar:2.14.3]
	at com.fasterxml.jackson.databind.ser.impl.IndexedListSerializer.serializeContents(IndexedListSerializer.java:119) ~[jackson-databind-2.14.3.jar:2.14.3]
	at com.fasterxml.jackson.databind.ser.impl.IndexedListSerializer.serialize(IndexedListSerializer.java:79) ~[jackson-databind-2.14.3.jar:2.14.3]
	at com.fasterxml.jackson.databind.ser.impl.IndexedListSerializer.serialize(IndexedListSerializer.java:18) ~[jackson-databind-2.14.3.jar:2.14.3]
	at com.fasterxml.jackson.databind.ser.BeanPropertyWriter.serializeAsField(BeanPropertyWriter.java:733) ~[jackson-databind-2.14.3.jar:2.14.3]
	at com.fasterxml.jackson.databind.ser.std.BeanSerializerBase.serializeFields(BeanSerializerBase.java:774) ~[jackson-databind-2.14.3.jar:2.14.3]
	at com.fasterxml.jackson.databind.ser.BeanSerializer.serialize(BeanSerializer.java:178) ~[jackson-databind-2.14.3.jar:2.14.3]
	at com.fasterxml.jackson.databind.ser.BeanPropertyWriter.serializeAsField(BeanPropertyWriter.java:733) ~[jackson-databind-2.14.3.jar:2.14.3]
	at com.fasterxml.jackson.databind.ser.std.BeanSerializerBase.serializeFields(BeanSerializerBase.java:774) ~[jackson-databind-2.14.3.jar:2.14.3]
	at com.fasterxml.jackson.databind.ser.BeanSerializer.serialize(BeanSerializer.java:178) ~[jackson-databind-2.14.3.jar:2.14.3]
	at com.fasterxml.jackson.databind.ser.impl.IndexedListSerializer.serializeContents(IndexedListSerializer.java:119) ~[jackson-databind-2.14.3.jar:2.14.3]
	at com.fasterxml.jackson.databind.ser.impl.IndexedListSerializer.serialize(IndexedListSerializer.java:79) ~[jackson-databind-2.14.3.jar:2.14.3]
	at com.fasterxml.jackson.databind.ser.impl.IndexedListSerializer.serialize(IndexedListSerializer.java:18) ~[jackson-databind-2.14.3.jar:2.14.3]
	at com.fasterxml.jackson.databind.ser.BeanPropertyWriter.serializeAsField(BeanPropertyWriter.java:733) ~[jackson-databind-2.14.3.jar:2.14.3]
	at com.fasterxml.jackson.databind.ser.std.BeanSerializerBase.serializeFields(BeanSerializerBase.java:774) ~[jackson-databind-2.14.3.jar:2.14.3]
	at com.fasterxml.jackson.databind.ser.BeanSerializer.serialize(BeanSerializer.java:178) ~[jackson-databind-2.14.3.jar:2.14.3]
	at com.fasterxml.jackson.databind.ser.BeanPropertyWriter.serializeAsField(BeanPropertyWriter.java:733) ~[jackson-databind-2.14.3.jar:2.14.3]
	at com.fasterxml.jackson.databind.ser.std.BeanSerializerBase.serializeFields(BeanSerializerBase.java:774) ~[jackson-databind-2.14.3.jar:2.14.3]
	at com.fasterxml.jackson.databind.ser.BeanSerializer.serialize(BeanSerializer.java:178) ~[jackson-databind-2.14.3.jar:2.14.3]
	at com.fasterxml.jackson.databind.ser.impl.IndexedListSerializer.serializeContents(IndexedListSerializer.java:119) ~[jackson-databind-2.14.3.jar:2.14.3]
	at com.fasterxml.jackson.databind.ser.impl.IndexedListSerializer.serialize(IndexedListSerializer.java:79) ~[jackson-databind-2.14.3.jar:2.14.3]
	at com.fasterxml.jackson.databind.ser.impl.IndexedListSerializer.serialize(IndexedListSerializer.java:18) ~[jackson-databind-2.14.3.jar:2.14.3]
	at com.fasterxml.jackson.databind.ser.BeanPropertyWriter.serializeAsField(BeanPropertyWriter.java:733) ~[jackson-databind-2.14.3.jar:2.14.3]
	at com.fasterxml.jackson.databind.ser.std.BeanSerializerBase.serializeFields(BeanSerializerBase.java:774) ~[jackson-databind-2.14.3.jar:2.14.3]
	at com.fasterxml.jackson.databind.ser.BeanSerializer.serialize(BeanSerializer.java:178) ~[jackson-databind-2.14.3.jar:2.14.3]
	at com.fasterxml.jackson.databind.ser.BeanPropertyWriter.serializeAsField(BeanPropertyWriter.java:733) ~[jackson-databind-2.14.3.jar:2.14.3]
	at com.fasterxml.jackson.databind.ser.std.BeanSerializerBase.serializeFields(BeanSerializerBase.java:774) ~[jackson-databind-2.14.3.jar:2.14.3]
	at com.fasterxml.jackson.databind.ser.BeanSerializer.serialize(BeanSerializer.java:178) ~[jackson-databind-2.14.3.jar:2.14.3]
	at com.fasterxml.jackson.databind.ser.impl.IndexedListSerializer.serializeContents(IndexedListSerializer.java:119) ~[jackson-databind-2.14.3.jar:2.14.3]
	at com.fasterxml.jackson.databind.ser.impl.IndexedListSerializer.serialize(IndexedListSerializer.java:79) ~[jackson-databind-2.14.3.jar:2.14.3]
	at com.fasterxml.jackson.databind.ser.impl.IndexedListSerializer.serialize(IndexedListSerializer.java:18) ~[jackson-databind-2.14.3.jar:2.14.3]
	at com.fasterxml.jackson.databind.ser.BeanPropertyWriter.serializeAsField(BeanPropertyWriter.java:733) ~[jackson-databind-2.14.3.jar:2.14.3]
	at com.fasterxml.jackson.databind.ser.std.BeanSerializerBase.serializeFields(BeanSerializerBase.java:774) ~[jackson-databind-2.14.3.jar:2.14.3]
	at com.fasterxml.jackson.databind.ser.BeanSerializer.serialize(BeanSerializer.java:178) ~[jackson-databind-2.14.3.jar:2.14.3]
	at com.fasterxml.jackson.databind.ser.BeanPropertyWriter.serializeAsField(BeanPropertyWriter.java:733) ~[jackson-databind-2.14.3.jar:2.14.3]
	at com.fasterxml.jackson.databind.ser.std.BeanSerializerBase.serializeFields(BeanSerializerBase.java:774) ~[jackson-databind-2.14.3.jar:2.14.3]
	at com.fasterxml.jackson.databind.ser.BeanSerializer.serialize(BeanSerializer.java:178) ~[jackson-databind-2.14.3.jar:2.14.3]
	at com.fasterxml.jackson.databind.ser.impl.IndexedListSerializer.serializeContents(IndexedListSerializer.java:119) ~[jackson-databind-2.14.3.jar:2.14.3]
	at com.fasterxml.jackson.databind.ser.impl.IndexedListSerializer.serialize(IndexedListSerializer.java:79) ~[jackson-databind-2.14.3.jar:2.14.3]
	at com.fasterxml.jackson.databind.ser.impl.IndexedListSerializer.serialize(IndexedListSerializer.java:18) ~[jackson-databind-2.14.3.jar:2.14.3]
	at com.fasterxml.jackson.databind.ser.BeanPropertyWriter.serializeAsField(BeanPropertyWriter.java:733) ~[jackson-databind-2.14.3.jar:2.14.3]
	at com.fasterxml.jackson.databind.ser.std.BeanSerializerBase.serializeFields(BeanSerializerBase.java:774) ~[jackson-databind-2.14.3.jar:2.14.3]
	at com.fasterxml.jackson.databind.ser.BeanSerializer.serialize(BeanSerializer.java:178) ~[jackson-databind-2.14.3.jar:2.14.3]
	at com.fasterxml.jackson.databind.ser.BeanPropertyWriter.serializeAsField(BeanPropertyWriter.java:733) ~[jackson-databind-2.14.3.jar:2.14.3]
	at com.fasterxml.jackson.databind.ser.std.BeanSerializerBase.serializeFields(BeanSerializerBase.java:774) ~[jackson-databind-2.14.3.jar:2.14.3]
	at com.fasterxml.jackson.databind.ser.BeanSerializer.serialize(BeanSerializer.java:178) ~[jackson-databind-2.14.3.jar:2.14.3]
	at com.fasterxml.jackson.databind.ser.impl.IndexedListSerializer.serializeContents(IndexedListSerializer.java:119) ~[jackson-databind-2.14.3.jar:2.14.3]
	at com.fasterxml.jackson.databind.ser.impl.IndexedListSerializer.serialize(IndexedListSerializer.java:79) ~[jackson-databind-2.14.3.jar:2.14.3]
	at com.fasterxml.jackson.databind.ser.impl.IndexedListSerializer.serialize(IndexedListSerializer.java:18) ~[jackson-databind-2.14.3.jar:2.14.3]
	at com.fasterxml.jackson.databind.ser.BeanPropertyWriter.serializeAsField(BeanPropertyWriter.java:733) ~[jackson-databind-2.14.3.jar:2.14.3]
	at com.fasterxml.jackson.databind.ser.std.BeanSerializerBase.serializeFields(BeanSerializerBase.java:774) ~[jackson-databind-2.14.3.jar:2.14.3]
	at com.fasterxml.jackson.databind.ser.BeanSerializer.serialize(BeanSerializer.java:178) ~[jackson-databind-2.14.3.jar:2.14.3]
	at com.fasterxml.jackson.databind.ser.BeanPropertyWriter.serializeAsField(BeanPropertyWriter.java:733) ~[jackson-databind-2.14.3.jar:2.14.3]
	at com.fasterxml.jackson.databind.ser.std.BeanSerializerBase.serializeFields(BeanSerializerBase.java:774) ~[jackson-databind-2.14.3.jar:2.14.3]
	at com.fasterxml.jackson.databind.ser.BeanSerializer.serialize(BeanSerializer.java:178) ~[jackson-databind-2.14.3.jar:2.14.3]
	at com.fasterxml.jackson.databind.ser.impl.IndexedListSerializer.serializeContents(IndexedListSerializer.java:119) ~[jackson-databind-2.14.3.jar:2.14.3]
	at com.fasterxml.jackson.databind.ser.impl.IndexedListSerializer.serialize(IndexedListSerializer.java:79) ~[jackson-databind-2.14.3.jar:2.14.3]
	at com.fasterxml.jackson.databind.ser.impl.IndexedListSerializer.serialize(IndexedListSerializer.java:18) ~[jackson-databind-2.14.3.jar:2.14.3]
	at com.fasterxml.jackson.databind.ser.BeanPropertyWriter.serializeAsField(BeanPropertyWriter.java:733) ~[jackson-databind-2.14.3.jar:2.14.3]
	at com.fasterxml.jackson.databind.ser.std.BeanSerializerBase.serializeFields(BeanSerializerBase.java:774) ~[jackson-databind-2.14.3.jar:2.14.3]
	at com.fasterxml.jackson.databind.ser.BeanSerializer.serialize(BeanSerializer.java:178) ~[jackson-databind-2.14.3.jar:2.14.3]
	at com.fasterxml.jackson.databind.ser.BeanPropertyWriter.serializeAsField(BeanPropertyWriter.java:733) ~[jackson-databind-2.14.3.jar:2.14.3]
	at com.fasterxml.jackson.databind.ser.std.BeanSerializerBase.serializeFields(BeanSerializerBase.java:774) ~[jackson-databind-2.14.3.jar:2.14.3]
	at com.fasterxml.jackson.databind.ser.BeanSerializer.serialize(BeanSerializer.java:178) ~[jackson-databind-2.14.3.jar:2.14.3]
	at com.fasterxml.jackson.databind.ser.impl.IndexedListSerializer.serializeContents(IndexedListSerializer.java:119) ~[jackson-databind-2.14.3.jar:2.14.3]
	at com.fasterxml.jackson.databind.ser.impl.IndexedListSerializer.serialize(IndexedListSerializer.java:79) ~[jackson-databind-2.14.3.jar:2.14.3]
	at com.fasterxml.jackson.databind.ser.impl.IndexedListSerializer.serialize(IndexedListSerializer.java:18) ~[jackson-databind-2.14.3.jar:2.14.3]
	at com.fasterxml.jackson.databind.ser.BeanPropertyWriter.serializeAsField(BeanPropertyWriter.java:733) ~[jackson-databind-2.14.3.jar:2.14.3]
	at com.fasterxml.jackson.databind.ser.std.BeanSerializerBase.serializeFields(BeanSerializerBase.java:774) ~[jackson-databind-2.14.3.jar:2.14.3]
	at com.fasterxml.jackson.databind.ser.BeanSerializer.serialize(BeanSerializer.java:178) ~[jackson-databind-2.14.3.jar:2.14.3]
	at com.fasterxml.jackson.databind.ser.BeanPropertyWriter.serializeAsField(BeanPropertyWriter.java:733) ~[jackson-databind-2.14.3.jar:2.14.3]
	at com.fasterxml.jackson.databind.ser.std.BeanSerializerBase.serializeFields(BeanSerializerBase.java:774) ~[jackson-databind-2.14.3.jar:2.14.3]
	at com.fasterxml.jackson.databind.ser.BeanSerializer.serialize(BeanSerializer.java:178) ~[jackson-databind-2.14.3.jar:2.14.3]
	at com.fasterxml.jackson.databind.ser.impl.IndexedListSerializer.serializeContents(IndexedListSerializer.java:119) ~[jackson-databind-2.14.3.jar:2.14.3]
	at com.fasterxml.jackson.databind.ser.impl.IndexedListSerializer.serialize(IndexedListSerializer.java:79) ~[jackson-databind-2.14.3.jar:2.14.3]
	at com.fasterxml.jackson.databind.ser.impl.IndexedListSerializer.serialize(IndexedListSerializer.java:18) ~[jackson-databind-2.14.3.jar:2.14.3]
	at com.fasterxml.jackson.databind.ser.BeanPropertyWriter.serializeAsField(BeanPropertyWriter.java:733) ~[jackson-databind-2.14.3.jar:2.14.3]
	at com.fasterxml.jackson.databind.ser.std.BeanSerializerBase.serializeFields(BeanSerializerBase.java:774) ~[jackson-databind-2.14.3.jar:2.14.3]
	at com.fasterxml.jackson.databind.ser.BeanSerializer.serialize(BeanSerializer.java:178) ~[jackson-databind-2.14.3.jar:2.14.3]
	at com.fasterxml.jackson.databind.ser.BeanPropertyWriter.serializeAsField(BeanPropertyWriter.java:733) ~[jackson-databind-2.14.3.jar:2.14.3]
	at com.fasterxml.jackson.databind.ser.std.BeanSerializerBase.serializeFields(BeanSerializerBase.java:774) ~[jackson-databind-2.14.3.jar:2.14.3]
	at com.fasterxml.jackson.databind.ser.BeanSerializer.serialize(BeanSerializer.java:178) ~[jackson-databind-2.14.3.jar:2.14.3]
	at com.fasterxml.jackson.databind.ser.impl.IndexedListSerializer.serializeContents(IndexedListSerializer.java:119) ~[jackson-databind-2.14.3.jar:2.14.3]
	at com.fasterxml.jackson.databind.ser.impl.IndexedListSerializer.serialize(IndexedListSerializer.java:79) ~[jackson-databind-2.14.3.jar:2.14.3]
	at com.fasterxml.jackson.databind.ser.impl.IndexedListSerializer.serialize(IndexedListSerializer.java:18) ~[jackson-databind-2.14.3.jar:2.14.3]
	at com.fasterxml.jackson.databind.ser.BeanPropertyWriter.serializeAsField(BeanPropertyWriter.java:733) ~[jackson-databind-2.14.3.jar:2.14.3]
	at com.fasterxml.jackson.databind.ser.std.BeanSerializerBase.serializeFields(BeanSerializerBase.java:774) ~[jackson-databind-2.14.3.jar:2.14.3]
	at com.fasterxml.jackson.databind.ser.BeanSerializer.serialize(BeanSerializer.java:178) ~[jackson-databind-2.14.3.jar:2.14.3]
	at com.fasterxml.jackson.databind.ser.BeanPropertyWriter.serializeAsField(BeanPropertyWriter.java:733) ~[jackson-databind-2.14.3.jar:2.14.3]
	at com.fasterxml.jackson.databind.ser.std.BeanSerializerBase.serializeFields(BeanSerializerBase.java:774) ~[jackson-databind-2.14.3.jar:2.14.3]
	at com.fasterxml.jackson.databind.ser.BeanSerializer.serialize(BeanSerializer.java:178) ~[jackson-databind-2.14.3.jar:2.14.3]
	at com.fasterxml.jackson.databind.ser.impl.IndexedListSerializer.serializeContents(IndexedListSerializer.java:119) ~[jackson-databind-2.14.3.jar:2.14.3]
	at com.fasterxml.jackson.databind.ser.impl.IndexedListSerializer.serialize(IndexedListSerializer.java:79) ~[jackson-databind-2.14.3.jar:2.14.3]
	at com.fasterxml.jackson.databind.ser.impl.IndexedListSerializer.serialize(IndexedListSerializer.java:18) ~[jackson-databind-2.14.3.jar:2.14.3]
	at com.fasterxml.jackson.databind.ser.BeanPropertyWriter.serializeAsField(BeanPropertyWriter.java:733) ~[jackson-databind-2.14.3.jar:2.14.3]
	at com.fasterxml.jackson.databind.ser.std.BeanSerializerBase.serializeFields(BeanSerializerBase.java:774) ~[jackson-databind-2.14.3.jar:2.14.3]
	at com.fasterxml.jackson.databind.ser.BeanSerializer.serialize(BeanSerializer.java:178) ~[jackson-databind-2.14.3.jar:2.14.3]
	at com.fasterxml.jackson.databind.ser.BeanPropertyWriter.serializeAsField(BeanPropertyWriter.java:733) ~[jackson-databind-2.14.3.jar:2.14.3]
	at com.fasterxml.jackson.databind.ser.std.BeanSerializerBase.serializeFields(BeanSerializerBase.java:774) ~[jackson-databind-2.14.3.jar:2.14.3]
	at com.fasterxml.jackson.databind.ser.BeanSerializer.serialize(BeanSerializer.java:178) ~[jackson-databind-2.14.3.jar:2.14.3]
	at com.fasterxml.jackson.databind.ser.impl.IndexedListSerializer.serializeContents(IndexedListSerializer.java:119) ~[jackson-databind-2.14.3.jar:2.14.3]
	at com.fasterxml.jackson.databind.ser.impl.IndexedListSerializer.serialize(IndexedListSerializer.java:79) ~[jackson-databind-2.14.3.jar:2.14.3]
	at com.fasterxml.jackson.databind.ser.impl.IndexedListSerializer.serialize(IndexedListSerializer.java:18) ~[jackson-databind-2.14.3.jar:2.14.3]
	at com.fasterxml.jackson.databind.ser.BeanPropertyWriter.serializeAsField(BeanPropertyWriter.java:733) ~[jackson-databind-2.14.3.jar:2.14.3]
	at com.fasterxml.jackson.databind.ser.std.BeanSerializerBase.serializeFields(BeanSerializerBase.java:774) ~[jackson-databind-2.14.3.jar:2.14.3]
	at com.fasterxml.jackson.databind.ser.BeanSerializer.serialize(BeanSerializer.java:178) ~[jackson-databind-2.14.3.jar:2.14.3]
	at com.fasterxml.jackson.databind.ser.BeanPropertyWriter.serializeAsField(BeanPropertyWriter.java:733) ~[jackson-databind-2.14.3.jar:2.14.3]
	at com.fasterxml.jackson.databind.ser.std.BeanSerializerBase.serializeFields(BeanSerializerBase.java:774) ~[jackson-databind-2.14.3.jar:2.14.3]
	at com.fasterxml.jackson.databind.ser.BeanSerializer.serialize(BeanSerializer.java:178) ~[jackson-databind-2.14.3.jar:2.14.3]
	at com.fasterxml.jackson.databind.ser.impl.IndexedListSerializer.serializeContents(IndexedListSerializer.java:119) ~[jackson-databind-2.14.3.jar:2.14.3]
	at com.fasterxml.jackson.databind.ser.impl.IndexedListSerializer.serialize(IndexedListSerializer.java:79) ~[jackson-databind-2.14.3.jar:2.14.3]
	at com.fasterxml.jackson.databind.ser.impl.IndexedListSerializer.serialize(IndexedListSerializer.java:18) ~[jackson-databind-2.14.3.jar:2.14.3]
	at com.fasterxml.jackson.databind.ser.BeanPropertyWriter.serializeAsField(BeanPropertyWriter.java:733) ~[jackson-databind-2.14.3.jar:2.14.3]
	at com.fasterxml.jackson.databind.ser.std.BeanSerializerBase.serializeFields(BeanSerializerBase.java:774) ~[jackson-databind-2.14.3.jar:2.14.3]
	at com.fasterxml.jackson.databind.ser.BeanSerializer.serialize(BeanSerializer.java:178) ~[jackson-databind-2.14.3.jar:2.14.3]
	at com.fasterxml.jackson.databind.ser.BeanPropertyWriter.serializeAsField(BeanPropertyWriter.java:733) ~[jackson-databind-2.14.3.jar:2.14.3]
	at com.fasterxml.jackson.databind.ser.std.BeanSerializerBase.serializeFields(BeanSerializerBase.java:774) ~[jackson-databind-2.14.3.jar:2.14.3]
	at com.fasterxml.jackson.databind.ser.BeanSerializer.serialize(BeanSerializer.java:178) ~[jackson-databind-2.14.3.jar:2.14.3]
	at com.fasterxml.jackson.databind.ser.impl.IndexedListSerializer.serializeContents(IndexedListSerializer.java:119) ~[jackson-databind-2.14.3.jar:2.14.3]
	at com.fasterxml.jackson.databind.ser.impl.IndexedListSerializer.serialize(IndexedListSerializer.java:79) ~[jackson-databind-2.14.3.jar:2.14.3]
	at com.fasterxml.jackson.databind.ser.impl.IndexedListSerializer.serialize(IndexedListSerializer.java:18) ~[jackson-databind-2.14.3.jar:2.14.3]
	at com.fasterxml.jackson.databind.ser.BeanPropertyWriter.serializeAsField(BeanPropertyWriter.java:733) ~[jackson-databind-2.14.3.jar:2.14.3]
	at com.fasterxml.jackson.databind.ser.std.BeanSerializerBase.serializeFields(BeanSerializerBase.java:774) ~[jackson-databind-2.14.3.jar:2.14.3]
	at com.fasterxml.jackson.databind.ser.BeanSerializer.serialize(BeanSerializer.java:178) ~[jackson-databind-2.14.3.jar:2.14.3]
	at com.fasterxml.jackson.databind.ser.BeanPropertyWriter.serializeAsField(BeanPropertyWriter.java:733) ~[jackson-databind-2.14.3.jar:2.14.3]
	at com.fasterxml.jackson.databind.ser.std.BeanSerializerBase.serializeFields(BeanSerializerBase.java:774) ~[jackson-databind-2.14.3.jar:2.14.3]
	at com.fasterxml.jackson.databind.ser.BeanSerializer.serialize(BeanSerializer.java:178) ~[jackson-databind-2.14.3.jar:2.14.3]
	at com.fasterxml.jackson.databind.ser.impl.IndexedListSerializer.serializeContents(IndexedListSerializer.java:119) ~[jackson-databind-2.14.3.jar:2.14.3]
	at com.fasterxml.jackson.databind.ser.impl.IndexedListSerializer.serialize(IndexedListSerializer.java:79) ~[jackson-databind-2.14.3.jar:2.14.3]
	at com.fasterxml.jackson.databind.ser.impl.IndexedListSerializer.serialize(IndexedListSerializer.java:18) ~[jackson-databind-2.14.3.jar:2.14.3]
	at com.fasterxml.jackson.databind.ser.BeanPropertyWriter.serializeAsField(BeanPropertyWriter.java:733) ~[jackson-databind-2.14.3.jar:2.14.3]
	at com.fasterxml.jackson.databind.ser.std.BeanSerializerBase.serializeFields(BeanSerializerBase.java:774) ~[jackson-databind-2.14.3.jar:2.14.3]
	at com.fasterxml.jackson.databind.ser.BeanSerializer.serialize(BeanSerializer.java:178) ~[jackson-databind-2.14.3.jar:2.14.3]
	at com.fasterxml.jackson.databind.ser.BeanPropertyWriter.serializeAsField(BeanPropertyWriter.java:733) ~[jackson-databind-2.14.3.jar:2.14.3]
	at com.fasterxml.jackson.databind.ser.std.BeanSerializerBase.serializeFields(BeanSerializerBase.java:774) ~[jackson-databind-2.14.3.jar:2.14.3]
	at com.fasterxml.jackson.databind.ser.BeanSerializer.serialize(BeanSerializer.java:178) ~[jackson-databind-2.14.3.jar:2.14.3]
	at com.fasterxml.jackson.databind.ser.impl.IndexedListSerializer.serializeContents(IndexedListSerializer.java:119) ~[jackson-databind-2.14.3.jar:2.14.3]
	at com.fasterxml.jackson.databind.ser.impl.IndexedListSerializer.serialize(IndexedListSerializer.java:79) ~[jackson-databind-2.14.3.jar:2.14.3]
	at com.fasterxml.jackson.databind.ser.impl.IndexedListSerializer.serialize(IndexedListSerializer.java:18) ~[jackson-databind-2.14.3.jar:2.14.3]
	at com.fasterxml.jackson.databind.ser.BeanPropertyWriter.serializeAsField(BeanPropertyWriter.java:733) ~[jackson-databind-2.14.3.jar:2.14.3]
	at com.fasterxml.jackson.databind.ser.std.BeanSerializerBase.serializeFields(BeanSerializerBase.java:774) ~[jackson-databind-2.14.3.jar:2.14.3]
	at com.fasterxml.jackson.databind.ser.BeanSerializer.serialize(BeanSerializer.java:178) ~[jackson-databind-2.14.3.jar:2.14.3]
	at com.fasterxml.jackson.databind.ser.BeanPropertyWriter.serializeAsField(BeanPropertyWriter.java:733) ~[jackson-databind-2.14.3.jar:2.14.3]
	at com.fasterxml.jackson.databind.ser.std.BeanSerializerBase.serializeFields(BeanSerializerBase.java:774) ~[jackson-databind-2.14.3.jar:2.14.3]
	at com.fasterxml.jackson.databind.ser.BeanSerializer.serialize(BeanSerializer.java:178) ~[jackson-databind-2.14.3.jar:2.14.3]
	at com.fasterxml.jackson.databind.ser.impl.IndexedListSerializer.serializeContents(IndexedListSerializer.java:119) ~[jackson-databind-2.14.3.jar:2.14.3]
	at com.fasterxml.jackson.databind.ser.impl.IndexedListSerializer.serialize(IndexedListSerializer.java:79) ~[jackson-databind-2.14.3.jar:2.14.3]
	at com.fasterxml.jackson.databind.ser.impl.IndexedListSerializer.serialize(IndexedListSerializer.java:18) ~[jackson-databind-2.14.3.jar:2.14.3]
	at com.fasterxml.jackson.databind.ser.BeanPropertyWriter.serializeAsField(BeanPropertyWriter.java:733) ~[jackson-databind-2.14.3.jar:2.14.3]
	at com.fasterxml.jackson.databind.ser.std.BeanSerializerBase.serializeFields(BeanSerializerBase.java:774) ~[jackson-databind-2.14.3.jar:2.14.3]
	at com.fasterxml.jackson.databind.ser.BeanSerializer.serialize(BeanSerializer.java:178) ~[jackson-databind-2.14.3.jar:2.14.3]
	at com.fasterxml.jackson.databind.ser.BeanPropertyWriter.serializeAsField(BeanPropertyWriter.java:733) ~[jackson-databind-2.14.3.jar:2.14.3]
	at com.fasterxml.jackson.databind.ser.std.BeanSerializerBase.serializeFields(BeanSerializerBase.java:774) ~[jackson-databind-2.14.3.jar:2.14.3]
	at com.fasterxml.jackson.databind.ser.BeanSerializer.serialize(BeanSerializer.java:178) ~[jackson-databind-2.14.3.jar:2.14.3]
	at com.fasterxml.jackson.databind.ser.impl.IndexedListSerializer.serializeContents(IndexedListSerializer.java:119) ~[jackson-databind-2.14.3.jar:2.14.3]
	at com.fasterxml.jackson.databind.ser.impl.IndexedListSerializer.serialize(IndexedListSerializer.java:79) ~[jackson-databind-2.14.3.jar:2.14.3]
	at com.fasterxml.jackson.databind.ser.impl.IndexedListSerializer.serialize(IndexedListSerializer.java:18) ~[jackson-databind-2.14.3.jar:2.14.3]
	at com.fasterxml.jackson.databind.ser.BeanPropertyWriter.serializeAsField(BeanPropertyWriter.java:733) ~[jackson-databind-2.14.3.jar:2.14.3]
	at com.fasterxml.jackson.databind.ser.std.BeanSerializerBase.serializeFields(BeanSerializerBase.java:774) ~[jackson-databind-2.14.3.jar:2.14.3]
	at com.fasterxml.jackson.databind.ser.BeanSerializer.serialize(BeanSerializer.java:178) ~[jackson-databind-2.14.3.jar:2.14.3]
	at com.fasterxml.jackson.databind.ser.BeanPropertyWriter.serializeAsField(BeanPropertyWriter.java:733) ~[jackson-databind-2.14.3.jar:2.14.3]
	at com.fasterxml.jackson.databind.ser.std.BeanSerializerBase.serializeFields(BeanSerializerBase.java:774) ~[jackson-databind-2.14.3.jar:2.14.3]
	at com.fasterxml.jackson.databind.ser.BeanSerializer.serialize(BeanSerializer.java:178) ~[jackson-databind-2.14.3.jar:2.14.3]
	at com.fasterxml.jackson.databind.ser.impl.IndexedListSerializer.serializeContents(IndexedListSerializer.java:119) ~[jackson-databind-2.14.3.jar:2.14.3]
	at com.fasterxml.jackson.databind.ser.impl.IndexedListSerializer.serialize(IndexedListSerializer.java:79) ~[jackson-databind-2.14.3.jar:2.14.3]
	at com.fasterxml.jackson.databind.ser.impl.IndexedListSerializer.serialize(IndexedListSerializer.java:18) ~[jackson-databind-2.14.3.jar:2.14.3]
	at com.fasterxml.jackson.databind.ser.BeanPropertyWriter.serializeAsField(BeanPropertyWriter.java:733) ~[jackson-databind-2.14.3.jar:2.14.3]
	at com.fasterxml.jackson.databind.ser.std.BeanSerializerBase.serializeFields(BeanSerializerBase.java:774) ~[jackson-databind-2.14.3.jar:2.14.3]
	at com.fasterxml.jackson.databind.ser.BeanSerializer.serialize(BeanSerializer.java:178) ~[jackson-databind-2.14.3.jar:2.14.3]
	at com.fasterxml.jackson.databind.ser.BeanPropertyWriter.serializeAsField(BeanPropertyWriter.java:733) ~[jackson-databind-2.14.3.jar:2.14.3]
	at com.fasterxml.jackson.databind.ser.std.BeanSerializerBase.serializeFields(BeanSerializerBase.java:774) ~[jackson-databind-2.14.3.jar:2.14.3]
	at com.fasterxml.jackson.databind.ser.BeanSerializer.serialize(BeanSerializer.java:178) ~[jackson-databind-2.14.3.jar:2.14.3]
	at com.fasterxml.jackson.databind.ser.impl.IndexedListSerializer.serializeContents(IndexedListSerializer.java:119) ~[jackson-databind-2.14.3.jar:2.14.3]
	at com.fasterxml.jackson.databind.ser.impl.IndexedListSerializer.serialize(IndexedListSerializer.java:79) ~[jackson-databind-2.14.3.jar:2.14.3]
	at com.fasterxml.jackson.databind.ser.impl.IndexedListSerializer.serialize(IndexedListSerializer.java:18) ~[jackson-databind-2.14.3.jar:2.14.3]
	at com.fasterxml.jackson.databind.ser.BeanPropertyWriter.serializeAsField(BeanPropertyWriter.java:733) ~[jackson-databind-2.14.3.jar:2.14.3]
	at com.fasterxml.jackson.databind.ser.std.BeanSerializerBase.serializeFields(BeanSerializerBase.java:774) ~[jackson-databind-2.14.3.jar:2.14.3]
	at com.fasterxml.jackson.databind.ser.BeanSerializer.serialize(BeanSerializer.java:178) ~[jackson-databind-2.14.3.jar:2.14.3]
	at com.fasterxml.jackson.databind.ser.BeanPropertyWriter.serializeAsField(BeanPropertyWriter.java:733) ~[jackson-databind-2.14.3.jar:2.14.3]
	at com.fasterxml.jackson.databind.ser.std.BeanSerializerBase.serializeFields(BeanSerializerBase.java:774) ~[jackson-databind-2.14.3.jar:2.14.3]
	at com.fasterxml.jackson.databind.ser.BeanSerializer.serialize(BeanSerializer.java:178) ~[jackson-databind-2.14.3.jar:2.14.3]
	at com.fasterxml.jackson.databind.ser.impl.IndexedListSerializer.serializeContents(IndexedListSerializer.java:119) ~[jackson-databind-2.14.3.jar:2.14.3]
	at com.fasterxml.jackson.databind.ser.impl.IndexedListSerializer.serialize(IndexedListSerializer.java:79) ~[jackson-databind-2.14.3.jar:2.14.3]
	at com.fasterxml.jackson.databind.ser.impl.IndexedListSerializer.serialize(IndexedListSerializer.java:18) ~[jackson-databind-2.14.3.jar:2.14.3]
	at com.fasterxml.jackson.databind.ser.BeanPropertyWriter.serializeAsField(BeanPropertyWriter.java:733) ~[jackson-databind-2.14.3.jar:2.14.3]
	at com.fasterxml.jackson.databind.ser.std.BeanSerializerBase.serializeFields(BeanSerializerBase.java:774) ~[jackson-databind-2.14.3.jar:2.14.3]
	at com.fasterxml.jackson.databind.ser.BeanSerializer.serialize(BeanSerializer.java:178) ~[jackson-databind-2.14.3.jar:2.14.3]
	at com.fasterxml.jackson.databind.ser.BeanPropertyWriter.serializeAsField(BeanPropertyWriter.java:733) ~[jackson-databind-2.14.3.jar:2.14.3]
	at com.fasterxml.jackson.databind.ser.std.BeanSerializerBase.serializeFields(BeanSerializerBase.java:774) ~[jackson-databind-2.14.3.jar:2.14.3]
	at com.fasterxml.jackson.databind.ser.BeanSerializer.serialize(BeanSerializer.java:178) ~[jackson-databind-2.14.3.jar:2.14.3]
	at com.fasterxml.jackson.databind.ser.impl.IndexedListSerializer.serializeContents(IndexedListSerializer.java:119) ~[jackson-databind-2.14.3.jar:2.14.3]
	at com.fasterxml.jackson.databind.ser.impl.IndexedListSerializer.serialize(IndexedListSerializer.java:79) ~[jackson-databind-2.14.3.jar:2.14.3]
	at com.fasterxml.jackson.databind.ser.impl.IndexedListSerializer.serialize(IndexedListSerializer.java:18) ~[jackson-databind-2.14.3.jar:2.14.3]
	at com.fasterxml.jackson.databind.ser.BeanPropertyWriter.serializeAsField(BeanPropertyWriter.java:733) ~[jackson-databind-2.14.3.jar:2.14.3]
	at com.fasterxml.jackson.databind.ser.std.BeanSerializerBase.serializeFields(BeanSerializerBase.java:774) ~[jackson-databind-2.14.3.jar:2.14.3]
	at com.fasterxml.jackson.databind.ser.BeanSerializer.serialize(BeanSerializer.java:178) ~[jackson-databind-2.14.3.jar:2.14.3]
	at com.fasterxml.jackson.databind.ser.BeanPropertyWriter.serializeAsField(BeanPropertyWriter.java:733) ~[jackson-databind-2.14.3.jar:2.14.3]
	at com.fasterxml.jackson.databind.ser.std.BeanSerializerBase.serializeFields(BeanSerializerBase.java:774) ~[jackson-databind-2.14.3.jar:2.14.3]
	at com.fasterxml.jackson.databind.ser.BeanSerializer.serialize(BeanSerializer.java:178) ~[jackson-databind-2.14.3.jar:2.14.3]
	at com.fasterxml.jackson.databind.ser.impl.IndexedListSerializer.serializeContents(IndexedListSerializer.java:119) ~[jackson-databind-2.14.3.jar:2.14.3]
	at com.fasterxml.jackson.databind.ser.impl.IndexedListSerializer.serialize(IndexedListSerializer.java:79) ~[jackson-databind-2.14.3.jar:2.14.3]
	at com.fasterxml.jackson.databind.ser.impl.IndexedListSerializer.serialize(IndexedListSerializer.java:18) ~[jackson-databind-2.14.3.jar:2.14.3]
	at com.fasterxml.jackson.databind.ser.BeanPropertyWriter.serializeAsField(BeanPropertyWriter.java:733) ~[jackson-databind-2.14.3.jar:2.14.3]
	at com.fasterxml.jackson.databind.ser.std.BeanSerializerBase.serializeFields(BeanSerializerBase.java:774) ~[jackson-databind-2.14.3.jar:2.14.3]
	at com.fasterxml.jackson.databind.ser.BeanSerializer.serialize(BeanSerializer.java:178) ~[jackson-databind-2.14.3.jar:2.14.3]
	at com.fasterxml.jackson.databind.ser.BeanPropertyWriter.serializeAsField(BeanPropertyWriter.java:733) ~[jackson-databind-2.14.3.jar:2.14.3]
	at com.fasterxml.jackson.databind.ser.std.BeanSerializerBase.serializeFields(BeanSerializerBase.java:774) ~[jackson-databind-2.14.3.jar:2.14.3]
	at com.fasterxml.jackson.databind.ser.BeanSerializer.serialize(BeanSerializer.java:178) ~[jackson-databind-2.14.3.jar:2.14.3]
	at com.fasterxml.jackson.databind.ser.impl.IndexedListSerializer.serializeContents(IndexedListSerializer.java:119) ~[jackson-databind-2.14.3.jar:2.14.3]
	at com.fasterxml.jackson.databind.ser.impl.IndexedListSerializer.serialize(IndexedListSerializer.java:79) ~[jackson-databind-2.14.3.jar:2.14.3]
	at com.fasterxml.jackson.databind.ser.impl.IndexedListSerializer.serialize(IndexedListSerializer.java:18) ~[jackson-databind-2.14.3.jar:2.14.3]
	at com.fasterxml.jackson.databind.ser.BeanPropertyWriter.serializeAsField(BeanPropertyWriter.java:733) ~[jackson-databind-2.14.3.jar:2.14.3]
	at com.fasterxml.jackson.databind.ser.std.BeanSerializerBase.serializeFields(BeanSerializerBase.java:774) ~[jackson-databind-2.14.3.jar:2.14.3]
	at com.fasterxml.jackson.databind.ser.BeanSerializer.serialize(BeanSerializer.java:178) ~[jackson-databind-2.14.3.jar:2.14.3]
	at com.fasterxml.jackson.databind.ser.BeanPropertyWriter.serializeAsField(BeanPropertyWriter.java:733) ~[jackson-databind-2.14.3.jar:2.14.3]
	at com.fasterxml.jackson.databind.ser.std.BeanSerializerBase.serializeFields(BeanSerializerBase.java:774) ~[jackson-databind-2.14.3.jar:2.14.3]
	at com.fasterxml.jackson.databind.ser.BeanSerializer.serialize(BeanSerializer.java:178) ~[jackson-databind-2.14.3.jar:2.14.3]
	at com.fasterxml.jackson.databind.ser.impl.IndexedListSerializer.serializeContents(IndexedListSerializer.java:119) ~[jackson-databind-2.14.3.jar:2.14.3]
	at com.fasterxml.jackson.databind.ser.impl.IndexedListSerializer.serialize(IndexedListSerializer.java:79) ~[jackson-databind-2.14.3.jar:2.14.3]
	at com.fasterxml.jackson.databind.ser.impl.IndexedListSerializer.serialize(IndexedListSerializer.java:18) ~[jackson-databind-2.14.3.jar:2.14.3]
	at com.fasterxml.jackson.databind.ser.BeanPropertyWriter.serializeAsField(BeanPropertyWriter.java:733) ~[jackson-databind-2.14.3.jar:2.14.3]
	at com.fasterxml.jackson.databind.ser.std.BeanSerializerBase.serializeFields(BeanSerializerBase.java:774) ~[jackson-databind-2.14.3.jar:2.14.3]
	at com.fasterxml.jackson.databind.ser.BeanSerializer.serialize(BeanSerializer.java:178) ~[jackson-databind-2.14.3.jar:2.14.3]
	at com.fasterxml.jackson.databind.ser.BeanPropertyWriter.serializeAsField(BeanPropertyWriter.java:733) ~[jackson-databind-2.14.3.jar:2.14.3]
	at com.fasterxml.jackson.databind.ser.std.BeanSerializerBase.serializeFields(BeanSerializerBase.java:774) ~[jackson-databind-2.14.3.jar:2.14.3]
	at com.fasterxml.jackson.databind.ser.BeanSerializer.serialize(BeanSerializer.java:178) ~[jackson-databind-2.14.3.jar:2.14.3]
	at com.fasterxml.jackson.databind.ser.impl.IndexedListSerializer.serializeContents(IndexedListSerializer.java:119) ~[jackson-databind-2.14.3.jar:2.14.3]
	at com.fasterxml.jackson.databind.ser.impl.IndexedListSerializer.serialize(IndexedListSerializer.java:79) ~[jackson-databind-2.14.3.jar:2.14.3]
	at com.fasterxml.jackson.databind.ser.impl.IndexedListSerializer.serialize(IndexedListSerializer.java:18) ~[jackson-databind-2.14.3.jar:2.14.3]
	at com.fasterxml.jackson.databind.ser.BeanPropertyWriter.serializeAsField(BeanPropertyWriter.java:733) ~[jackson-databind-2.14.3.jar:2.14.3]
	at com.fasterxml.jackson.databind.ser.std.BeanSerializerBase.serializeFields(BeanSerializerBase.java:774) ~[jackson-databind-2.14.3.jar:2.14.3]
	at com.fasterxml.jackson.databind.ser.BeanSerializer.serialize(BeanSerializer.java:178) ~[jackson-databind-2.14.3.jar:2.14.3]
	at com.fasterxml.jackson.databind.ser.BeanPropertyWriter.serializeAsField(BeanPropertyWriter.java:733) ~[jackson-databind-2.14.3.jar:2.14.3]
	at com.fasterxml.jackson.databind.ser.std.BeanSerializerBase.serializeFields(BeanSerializerBase.java:774) ~[jackson-databind-2.14.3.jar:2.14.3]
	at com.fasterxml.jackson.databind.ser.BeanSerializer.serialize(BeanSerializer.java:178) ~[jackson-databind-2.14.3.jar:2.14.3]
	at com.fasterxml.jackson.databind.ser.impl.IndexedListSerializer.serializeContents(IndexedListSerializer.java:119) ~[jackson-databind-2.14.3.jar:2.14.3]
	at com.fasterxml.jackson.databind.ser.impl.IndexedListSerializer.serialize(IndexedListSerializer.java:79) ~[jackson-databind-2.14.3.jar:2.14.3]
	at com.fasterxml.jackson.databind.ser.impl.IndexedListSerializer.serialize(IndexedListSerializer.java:18) ~[jackson-databind-2.14.3.jar:2.14.3]
	at com.fasterxml.jackson.databind.ser.BeanPropertyWriter.serializeAsField(BeanPropertyWriter.java:733) ~[jackson-databind-2.14.3.jar:2.14.3]
	at com.fasterxml.jackson.databind.ser.std.BeanSerializerBase.serializeFields(BeanSerializerBase.java:774) ~[jackson-databind-2.14.3.jar:2.14.3]
	at com.fasterxml.jackson.databind.ser.BeanSerializer.serialize(BeanSerializer.java:178) ~[jackson-databind-2.14.3.jar:2.14.3]
	at com.fasterxml.jackson.databind.ser.BeanPropertyWriter.serializeAsField(BeanPropertyWriter.java:733) ~[jackson-databind-2.14.3.jar:2.14.3]
	at com.fasterxml.jackson.databind.ser.std.BeanSerializerBase.serializeFields(BeanSerializerBase.java:774) ~[jackson-databind-2.14.3.jar:2.14.3]
	at com.fasterxml.jackson.databind.ser.BeanSerializer.serialize(BeanSerializer.java:178) ~[jackson-databind-2.14.3.jar:2.14.3]
	at com.fasterxml.jackson.databind.ser.impl.IndexedListSerializer.serializeContents(IndexedListSerializer.java:119) ~[jackson-databind-2.14.3.jar:2.14.3]
	at com.fasterxml.jackson.databind.ser.impl.IndexedListSerializer.serialize(IndexedListSerializer.java:79) ~[jackson-databind-2.14.3.jar:2.14.3]
	at com.fasterxml.jackson.databind.ser.impl.IndexedListSerializer.serialize(IndexedListSerializer.java:18) ~[jackson-databind-2.14.3.jar:2.14.3]
	at com.fasterxml.jackson.databind.ser.BeanPropertyWriter.serializeAsField(BeanPropertyWriter.java:733) ~[jackson-databind-2.14.3.jar:2.14.3]
	at com.fasterxml.jackson.databind.ser.std.BeanSerializerBase.serializeFields(BeanSerializerBase.java:774) ~[jackson-databind-2.14.3.jar:2.14.3]
	at com.fasterxml.jackson.databind.ser.BeanSerializer.serialize(BeanSerializer.java:178) ~[jackson-databind-2.14.3.jar:2.14.3]
	at com.fasterxml.jackson.databind.ser.BeanPropertyWriter.serializeAsField(BeanPropertyWriter.java:733) ~[jackson-databind-2.14.3.jar:2.14.3]
	at com.fasterxml.jackson.databind.ser.std.BeanSerializerBase.serializeFields(BeanSerializerBase.java:774) ~[jackson-databind-2.14.3.jar:2.14.3]
	at com.fasterxml.jackson.databind.ser.BeanSerializer.serialize(BeanSerializer.java:178) ~[jackson-databind-2.14.3.jar:2.14.3]
	at com.fasterxml.jackson.databind.ser.impl.IndexedListSerializer.serializeContents(IndexedListSerializer.java:119) ~[jackson-databind-2.14.3.jar:2.14.3]
	at com.fasterxml.jackson.databind.ser.impl.IndexedListSerializer.serialize(IndexedListSerializer.java:79) ~[jackson-databind-2.14.3.jar:2.14.3]
	at com.fasterxml.jackson.databind.ser.impl.IndexedListSerializer.serialize(IndexedListSerializer.java:18) ~[jackson-databind-2.14.3.jar:2.14.3]
	at com.fasterxml.jackson.databind.ser.BeanPropertyWriter.serializeAsField(BeanPropertyWriter.java:733) ~[jackson-databind-2.14.3.jar:2.14.3]
	at com.fasterxml.jackson.databind.ser.std.BeanSerializerBase.serializeFields(BeanSerializerBase.java:774) ~[jackson-databind-2.14.3.jar:2.14.3]
	at com.fasterxml.jackson.databind.ser.BeanSerializer.serialize(BeanSerializer.java:178) ~[jackson-databind-2.14.3.jar:2.14.3]
	at com.fasterxml.jackson.databind.ser.BeanPropertyWriter.serializeAsField(BeanPropertyWriter.java:733) ~[jackson-databind-2.14.3.jar:2.14.3]
	at com.fasterxml.jackson.databind.ser.std.BeanSerializerBase.serializeFields(BeanSerializerBase.java:774) ~[jackson-databind-2.14.3.jar:2.14.3]
	at com.fasterxml.jackson.databind.ser.BeanSerializer.serialize(BeanSerializer.java:178) ~[jackson-databind-2.14.3.jar:2.14.3]
	at com.fasterxml.jackson.databind.ser.impl.IndexedListSerializer.serializeContents(IndexedListSerializer.java:119) ~[jackson-databind-2.14.3.jar:2.14.3]
	at com.fasterxml.jackson.databind.ser.impl.IndexedListSerializer.serialize(IndexedListSerializer.java:79) ~[jackson-databind-2.14.3.jar:2.14.3]
	at com.fasterxml.jackson.databind.ser.impl.IndexedListSerializer.serialize(IndexedListSerializer.java:18) ~[jackson-databind-2.14.3.jar:2.14.3]
	at com.fasterxml.jackson.databind.ser.BeanPropertyWriter.serializeAsField(BeanPropertyWriter.java:733) ~[jackson-databind-2.14.3.jar:2.14.3]
	at com.fasterxml.jackson.databind.ser.std.BeanSerializerBase.serializeFields(BeanSerializerBase.java:774) ~[jackson-databind-2.14.3.jar:2.14.3]
	at com.fasterxml.jackson.databind.ser.BeanSerializer.serialize(BeanSerializer.java:178) ~[jackson-databind-2.14.3.jar:2.14.3]
	at com.fasterxml.jackson.databind.ser.BeanPropertyWriter.serializeAsField(BeanPropertyWriter.java:733) ~[jackson-databind-2.14.3.jar:2.14.3]
	at com.fasterxml.jackson.databind.ser.std.BeanSerializerBase.serializeFields(BeanSerializerBase.java:774) ~[jackson-databind-2.14.3.jar:2.14.3]
	at com.fasterxml.jackson.databind.ser.BeanSerializer.serialize(BeanSerializer.java:178) ~[jackson-databind-2.14.3.jar:2.14.3]
	at com.fasterxml.jackson.databind.ser.impl.IndexedListSerializer.serializeContents(IndexedListSerializer.java:119) ~[jackson-databind-2.14.3.jar:2.14.3]
	at com.fasterxml.jackson.databind.ser.impl.IndexedListSerializer.serialize(IndexedListSerializer.java:79) ~[jackson-databind-2.14.3.jar:2.14.3]
	at com.fasterxml.jackson.databind.ser.impl.IndexedListSerializer.serialize(IndexedListSerializer.java:18) ~[jackson-databind-2.14.3.jar:2.14.3]
	at com.fasterxml.jackson.databind.ser.BeanPropertyWriter.serializeAsField(BeanPropertyWriter.java:733) ~[jackson-databind-2.14.3.jar:2.14.3]
	at com.fasterxml.jackson.databind.ser.std.BeanSerializerBase.serializeFields(BeanSerializerBase.java:774) ~[jackson-databind-2.14.3.jar:2.14.3]
	at com.fasterxml.jackson.databind.ser.BeanSerializer.serialize(BeanSerializer.java:178) ~[jackson-databind-2.14.3.jar:2.14.3]
	at com.fasterxml.jackson.databind.ser.BeanPropertyWriter.serializeAsField(BeanPropertyWriter.java:733) ~[jackson-databind-2.14.3.jar:2.14.3]
	at com.fasterxml.jackson.databind.ser.std.BeanSerializerBase.serializeFields(BeanSerializerBase.java:774) ~[jackson-databind-2.14.3.jar:2.14.3]
	at com.fasterxml.jackson.databind.ser.BeanSerializer.serialize(BeanSerializer.java:178) ~[jackson-databind-2.14.3.jar:2.14.3]
	at com.fasterxml.jackson.databind.ser.impl.IndexedListSerializer.serializeContents(IndexedListSerializer.java:119) ~[jackson-databind-2.14.3.jar:2.14.3]
	at com.fasterxml.jackson.databind.ser.impl.IndexedListSerializer.serialize(IndexedListSerializer.java:79) ~[jackson-databind-2.14.3.jar:2.14.3]
	at com.fasterxml.jackson.databind.ser.impl.IndexedListSerializer.serialize(IndexedListSerializer.java:18) ~[jackson-databind-2.14.3.jar:2.14.3]
	at com.fasterxml.jackson.databind.ser.BeanPropertyWriter.serializeAsField(BeanPropertyWriter.java:733) ~[jackson-databind-2.14.3.jar:2.14.3]
	at com.fasterxml.jackson.databind.ser.std.BeanSerializerBase.serializeFields(BeanSerializerBase.java:774) ~[jackson-databind-2.14.3.jar:2.14.3]
	at com.fasterxml.jackson.databind.ser.BeanSerializer.serialize(BeanSerializer.java:178) ~[jackson-databind-2.14.3.jar:2.14.3]
	at com.fasterxml.jackson.databind.ser.BeanPropertyWriter.serializeAsField(BeanPropertyWriter.java:733) ~[jackson-databind-2.14.3.jar:2.14.3]
	at com.fasterxml.jackson.databind.ser.std.BeanSerializerBase.serializeFields(BeanSerializerBase.java:774) ~[jackson-databind-2.14.3.jar:2.14.3]
	at com.fasterxml.jackson.databind.ser.BeanSerializer.serialize(BeanSerializer.java:178) ~[jackson-databind-2.14.3.jar:2.14.3]
	at com.fasterxml.jackson.databind.ser.impl.IndexedListSerializer.serializeContents(IndexedListSerializer.java:119) ~[jackson-databind-2.14.3.jar:2.14.3]
	at com.fasterxml.jackson.databind.ser.impl.IndexedListSerializer.serialize(IndexedListSerializer.java:79) ~[jackson-databind-2.14.3.jar:2.14.3]
	at com.fasterxml.jackson.databind.ser.impl.IndexedListSerializer.serialize(IndexedListSerializer.java:18) ~[jackson-databind-2.14.3.jar:2.14.3]
	at com.fasterxml.jackson.databind.ser.BeanPropertyWriter.serializeAsField(BeanPropertyWriter.java:733) ~[jackson-databind-2.14.3.jar:2.14.3]
	at com.fasterxml.jackson.databind.ser.std.BeanSerializerBase.serializeFields(BeanSerializerBase.java:774) ~[jackson-databind-2.14.3.jar:2.14.3]
	at com.fasterxml.jackson.databind.ser.BeanSerializer.serialize(BeanSerializer.java:178) ~[jackson-databind-2.14.3.jar:2.14.3]
	at com.fasterxml.jackson.databind.ser.BeanPropertyWriter.serializeAsField(BeanPropertyWriter.java:733) ~[jackson-databind-2.14.3.jar:2.14.3]
	at com.fasterxml.jackson.databind.ser.std.BeanSerializerBase.serializeFields(BeanSerializerBase.java:774) ~[jackson-databind-2.14.3.jar:2.14.3]
	at com.fasterxml.jackson.databind.ser.BeanSerializer.serialize(BeanSerializer.java:178) ~[jackson-databind-2.14.3.jar:2.14.3]
	at com.fasterxml.jackson.databind.ser.impl.IndexedListSerializer.serializeContents(IndexedListSerializer.java:119) ~[jackson-databind-2.14.3.jar:2.14.3]
	at com.fasterxml.jackson.databind.ser.impl.IndexedListSerializer.serialize(IndexedListSerializer.java:79) ~[jackson-databind-2.14.3.jar:2.14.3]
	at com.fasterxml.jackson.databind.ser.impl.IndexedListSerializer.serialize(IndexedListSerializer.java:18) ~[jackson-databind-2.14.3.jar:2.14.3]
	at com.fasterxml.jackson.databind.ser.BeanPropertyWriter.serializeAsField(BeanPropertyWriter.java:733) ~[jackson-databind-2.14.3.jar:2.14.3]
	at com.fasterxml.jackson.databind.ser.std.BeanSerializerBase.serializeFields(BeanSerializerBase.java:774) ~[jackson-databind-2.14.3.jar:2.14.3]
	at com.fasterxml.jackson.databind.ser.BeanSerializer.serialize(BeanSerializer.java:178) ~[jackson-databind-2.14.3.jar:2.14.3]
	at com.fasterxml.jackson.databind.ser.BeanPropertyWriter.serializeAsField(BeanPropertyWriter.java:733) ~[jackson-databind-2.14.3.jar:2.14.3]
	at com.fasterxml.jackson.databind.ser.std.BeanSerializerBase.serializeFields(BeanSerializerBase.java:774) ~[jackson-databind-2.14.3.jar:2.14.3]
	at com.fasterxml.jackson.databind.ser.BeanSerializer.serialize(BeanSerializer.java:178) ~[jackson-databind-2.14.3.jar:2.14.3]
	at com.fasterxml.jackson.databind.ser.impl.IndexedListSerializer.serializeContents(IndexedListSerializer.java:119) ~[jackson-databind-2.14.3.jar:2.14.3]
	at com.fasterxml.jackson.databind.ser.impl.IndexedListSerializer.serialize(IndexedListSerializer.java:79) ~[jackson-databind-2.14.3.jar:2.14.3]
	at com.fasterxml.jackson.databind.ser.impl.IndexedListSerializer.serialize(IndexedListSerializer.java:18) ~[jackson-databind-2.14.3.jar:2.14.3]
	at com.fasterxml.jackson.databind.ser.BeanPropertyWriter.serializeAsField(BeanPropertyWriter.java:733) ~[jackson-databind-2.14.3.jar:2.14.3]
	at com.fasterxml.jackson.databind.ser.std.BeanSerializerBase.serializeFields(BeanSerializerBase.java:774) ~[jackson-databind-2.14.3.jar:2.14.3]
	at com.fasterxml.jackson.databind.ser.BeanSerializer.serialize(BeanSerializer.java:178) ~[jackson-databind-2.14.3.jar:2.14.3]
	at com.fasterxml.jackson.databind.ser.BeanPropertyWriter.serializeAsField(BeanPropertyWriter.java:733) ~[jackson-databind-2.14.3.jar:2.14.3]
	at com.fasterxml.jackson.databind.ser.std.BeanSerializerBase.serializeFields(BeanSerializerBase.java:774) ~[jackson-databind-2.14.3.jar:2.14.3]
	at com.fasterxml.jackson.databind.ser.BeanSerializer.serialize(BeanSerializer.java:178) ~[jackson-databind-2.14.3.jar:2.14.3]
	at com.fasterxml.jackson.databind.ser.impl.IndexedListSerializer.serializeContents(IndexedListSerializer.java:119) ~[jackson-databind-2.14.3.jar:2.14.3]
	at com.fasterxml.jackson.databind.ser.impl.IndexedListSerializer.serialize(IndexedListSerializer.java:79) ~[jackson-databind-2.14.3.jar:2.14.3]
	at com.fasterxml.jackson.databind.ser.impl.IndexedListSerializer.serialize(IndexedListSerializer.java:18) ~[jackson-databind-2.14.3.jar:2.14.3]
	at com.fasterxml.jackson.databind.ser.BeanPropertyWriter.serializeAsField(BeanPropertyWriter.java:733) ~[jackson-databind-2.14.3.jar:2.14.3]
	at com.fasterxml.jackson.databind.ser.std.BeanSerializerBase.serializeFields(BeanSerializerBase.java:774) ~[jackson-databind-2.14.3.jar:2.14.3]
	at com.fasterxml.jackson.databind.ser.BeanSerializer.serialize(BeanSerializer.java:178) ~[jackson-databind-2.14.3.jar:2.14.3]
	at com.fasterxml.jackson.databind.ser.BeanPropertyWriter.serializeAsField(BeanPropertyWriter.java:733) ~[jackson-databind-2.14.3.jar:2.14.3]
	at com.fasterxml.jackson.databind.ser.std.BeanSerializerBase.serializeFields(BeanSerializerBase.java:774) ~[jackson-databind-2.14.3.jar:2.14.3]
	at com.fasterxml.jackson.databind.ser.BeanSerializer.serialize(BeanSerializer.java:178) ~[jackson-databind-2.14.3.jar:2.14.3]
	at com.fasterxml.jackson.databind.ser.impl.IndexedListSerializer.serializeContents(IndexedListSerializer.java:119) ~[jackson-databind-2.14.3.jar:2.14.3]
	at com.fasterxml.jackson.databind.ser.impl.IndexedListSerializer.serialize(IndexedListSerializer.java:79) ~[jackson-databind-2.14.3.jar:2.14.3]
Caused by: java.lang.StackOverflowError: null
	at java.base/java.lang.ClassLoader.defineClass1(Native Method) ~[na:na]
	at java.base/java.lang.ClassLoader.defineClass(ClassLoader.java:1012) ~[na:na]
	at java.base/java.security.SecureClassLoader.defineClass(SecureClassLoader.java:150) ~[na:na]
	at java.base/jdk.internal.loader.BuiltinClassLoader.defineClass(BuiltinClassLoader.java:862) ~[na:na]
	at java.base/jdk.internal.loader.BuiltinClassLoader.findClassOnClassPathOrNull(BuiltinClassLoader.java:760) ~[na:na]
	at java.base/jdk.internal.loader.BuiltinClassLoader.loadClassOrNull(BuiltinClassLoader.java:681) ~[na:na]
	at java.base/jdk.internal.loader.BuiltinClassLoader.loadClass(BuiltinClassLoader.java:639) ~[na:na]
	at java.base/jdk.internal.loader.ClassLoaders$AppClassLoader.loadClass(ClassLoaders.java:188) ~[na:na]
	at java.base/java.lang.ClassLoader.loadClass(ClassLoader.java:520) ~[na:na]
	at com.fasterxml.jackson.databind.JsonMappingException.prependPath(JsonMappingException.java:455) ~[jackson-databind-2.14.3.jar:2.14.3]
	at com.fasterxml.jackson.databind.ser.std.BeanSerializerBase.serializeFields(BeanSerializerBase.java:792) ~[jackson-databind-2.14.3.jar:2.14.3]
	at com.fasterxml.jackson.databind.ser.BeanSerializer.serialize(BeanSerializer.java:178) ~[jackson-databind-2.14.3.jar:2.14.3]
	at com.fasterxml.jackson.databind.ser.impl.IndexedListSerializer.serializeContents(IndexedListSerializer.java:119) ~[jackson-databind-2.14.3.jar:2.14.3]
	at com.fasterxml.jackson.databind.ser.impl.IndexedListSerializer.serialize(IndexedListSerializer.java:79) ~[jackson-databind-2.14.3.jar:2.14.3]
	at com.fasterxml.jackson.databind.ser.impl.IndexedListSerializer.serialize(IndexedListSerializer.java:18) ~[jackson-databind-2.14.3.jar:2.14.3]
	at com.fasterxml.jackson.databind.ser.BeanPropertyWriter.serializeAsField(BeanPropertyWriter.java:733) ~[jackson-databind-2.14.3.jar:2.14.3]
	at com.fasterxml.jackson.databind.ser.std.BeanSerializerBase.serializeFields(BeanSerializerBase.java:774) ~[jackson-databind-2.14.3.jar:2.14.3]
	at com.fasterxml.jackson.databind.ser.BeanSerializer.serialize(BeanSerializer.java:178) ~[jackson-databind-2.14.3.jar:2.14.3]
	at com.fasterxml.jackson.databind.ser.BeanPropertyWriter.serializeAsField(BeanPropertyWriter.java:733) ~[jackson-databind-2.14.3.jar:2.14.3]
	at com.fasterxml.jackson.databind.ser.std.BeanSerializerBase.serializeFields(BeanSerializerBase.java:774) ~[jackson-databind-2.14.3.jar:2.14.3]
	at com.fasterxml.jackson.databind.ser.BeanSerializer.serialize(BeanSerializer.java:178) ~[jackson-databind-2.14.3.jar:2.14.3]
	at com.fasterxml.jackson.databind.ser.impl.IndexedListSerializer.serializeContents(IndexedListSerializer.java:119) ~[jackson-databind-2.14.3.jar:2.14.3]
	at com.fasterxml.jackson.databind.ser.impl.IndexedListSerializer.serialize(IndexedListSerializer.java:79) ~[jackson-databind-2.14.3.jar:2.14.3]
	at com.fasterxml.jackson.databind.ser.impl.IndexedListSerializer.serialize(IndexedListSerializer.java:18) ~[jackson-databind-2.14.3.jar:2.14.3]
	at com.fasterxml.jackson.databind.ser.BeanPropertyWriter.serializeAsField(BeanPropertyWriter.java:733) ~[jackson-databind-2.14.3.jar:2.14.3]
	at com.fasterxml.jackson.databind.ser.std.BeanSerializerBase.serializeFields(BeanSerializerBase.java:774) ~[jackson-databind-2.14.3.jar:2.14.3]
	at com.fasterxml.jackson.databind.ser.BeanSerializer.serialize(BeanSerializer.java:178) ~[jackson-databind-2.14.3.jar:2.14.3]
	at com.fasterxml.jackson.databind.ser.BeanPropertyWriter.serializeAsField(BeanPropertyWriter.java:733) ~[jackson-databind-2.14.3.jar:2.14.3]
	at com.fasterxml.jackson.databind.ser.std.BeanSerializerBase.serializeFields(BeanSerializerBase.java:774) ~[jackson-databind-2.14.3.jar:2.14.3]
	at com.fasterxml.jackson.databind.ser.BeanSerializer.serialize(BeanSerializer.java:178) ~[jackson-databind-2.14.3.jar:2.14.3]
	at com.fasterxml.jackson.databind.ser.impl.IndexedListSerializer.serializeContents(IndexedListSerializer.java:119) ~[jackson-databind-2.14.3.jar:2.14.3]
	at com.fasterxml.jackson.databind.ser.impl.IndexedListSerializer.serialize(IndexedListSerializer.java:79) ~[jackson-databind-2.14.3.jar:2.14.3]
	at com.fasterxml.jackson.databind.ser.impl.IndexedListSerializer.serialize(IndexedListSerializer.java:18) ~[jackson-databind-2.14.3.jar:2.14.3]
	at com.fasterxml.jackson.databind.ser.BeanPropertyWriter.serializeAsField(BeanPropertyWriter.java:733) ~[jackson-databind-2.14.3.jar:2.14.3]
	at com.fasterxml.jackson.databind.ser.std.BeanSerializerBase.serializeFields(BeanSerializerBase.java:774) ~[jackson-databind-2.14.3.jar:2.14.3]
	at com.fasterxml.jackson.databind.ser.BeanSerializer.serialize(BeanSerializer.java:178) ~[jackson-databind-2.14.3.jar:2.14.3]
	at com.fasterxml.jackson.databind.ser.BeanPropertyWriter.serializeAsField(BeanPropertyWriter.java:733) ~[jackson-databind-2.14.3.jar:2.14.3]
	at com.fasterxml.jackson.databind.ser.std.BeanSerializerBase.serializeFields(BeanSerializerBase.java:774) ~[jackson-databind-2.14.3.jar:2.14.3]
	at com.fasterxml.jackson.databind.ser.BeanSerializer.serialize(BeanSerializer.java:178) ~[jackson-databind-2.14.3.jar:2.14.3]
	at com.fasterxml.jackson.databind.ser.impl.IndexedListSerializer.serializeContents(IndexedListSerializer.java:119) ~[jackson-databind-2.14.3.jar:2.14.3]
	at com.fasterxml.jackson.databind.ser.impl.IndexedListSerializer.serialize(IndexedListSerializer.java:79) ~[jackson-databind-2.14.3.jar:2.14.3]
	at com.fasterxml.jackson.databind.ser.impl.IndexedListSerializer.serialize(IndexedListSerializer.java:18) ~[jackson-databind-2.14.3.jar:2.14.3]
	at com.fasterxml.jackson.databind.ser.BeanPropertyWriter.serializeAsField(BeanPropertyWriter.java:733) ~[jackson-databind-2.14.3.jar:2.14.3]
	at com.fasterxml.jackson.databind.ser.std.BeanSerializerBase.serializeFields(BeanSerializerBase.java:774) ~[jackson-databind-2.14.3.jar:2.14.3]
	at com.fasterxml.jackson.databind.ser.BeanSerializer.serialize(BeanSerializer.java:178) ~[jackson-databind-2.14.3.jar:2.14.3]
	at com.fasterxml.jackson.databind.ser.BeanPropertyWriter.serializeAsField(BeanPropertyWriter.java:733) ~[jackson-databind-2.14.3.jar:2.14.3]
	at com.fasterxml.jackson.databind.ser.std.BeanSerializerBase.serializeFields(BeanSerializerBase.java:774) ~[jackson-databind-2.14.3.jar:2.14.3]
	at com.fasterxml.jackson.databind.ser.BeanSerializer.serialize(BeanSerializer.java:178) ~[jackson-databind-2.14.3.jar:2.14.3]
	at com.fasterxml.jackson.databind.ser.impl.IndexedListSerializer.serializeContents(IndexedListSerializer.java:119) ~[jackson-databind-2.14.3.jar:2.14.3]
	at com.fasterxml.jackson.databind.ser.impl.IndexedListSerializer.serialize(IndexedListSerializer.java:79) ~[jackson-databind-2.14.3.jar:2.14.3]
	at com.fasterxml.jackson.databind.ser.impl.IndexedListSerializer.serialize(IndexedListSerializer.java:18) ~[jackson-databind-2.14.3.jar:2.14.3]
	at com.fasterxml.jackson.databind.ser.BeanPropertyWriter.serializeAsField(BeanPropertyWriter.java:733) ~[jackson-databind-2.14.3.jar:2.14.3]
	at com.fasterxml.jackson.databind.ser.std.BeanSerializerBase.serializeFields(BeanSerializerBase.java:774) ~[jackson-databind-2.14.3.jar:2.14.3]
	at com.fasterxml.jackson.databind.ser.BeanSerializer.serialize(BeanSerializer.java:178) ~[jackson-databind-2.14.3.jar:2.14.3]
	at com.fasterxml.jackson.databind.ser.BeanPropertyWriter.serializeAsField(BeanPropertyWriter.java:733) ~[jackson-databind-2.14.3.jar:2.14.3]
	at com.fasterxml.jackson.databind.ser.std.BeanSerializerBase.serializeFields(BeanSerializerBase.java:774) ~[jackson-databind-2.14.3.jar:2.14.3]
	at com.fasterxml.jackson.databind.ser.BeanSerializer.serialize(BeanSerializer.java:178) ~[jackson-databind-2.14.3.jar:2.14.3]
	at com.fasterxml.jackson.databind.ser.impl.IndexedListSerializer.serializeContents(IndexedListSerializer.java:119) ~[jackson-databind-2.14.3.jar:2.14.3]
	at com.fasterxml.jackson.databind.ser.impl.IndexedListSerializer.serialize(IndexedListSerializer.java:79) ~[jackson-databind-2.14.3.jar:2.14.3]
	at com.fasterxml.jackson.databind.ser.impl.IndexedListSerializer.serialize(IndexedListSerializer.java:18) ~[jackson-databind-2.14.3.jar:2.14.3]
	at com.fasterxml.jackson.databind.ser.BeanPropertyWriter.serializeAsField(BeanPropertyWriter.java:733) ~[jackson-databind-2.14.3.jar:2.14.3]
	at com.fasterxml.jackson.databind.ser.std.BeanSerializerBase.serializeFields(BeanSerializerBase.java:774) ~[jackson-databind-2.14.3.jar:2.14.3]
	at com.fasterxml.jackson.databind.ser.BeanSerializer.serialize(BeanSerializer.java:178) ~[jackson-databind-2.14.3.jar:2.14.3]
	at com.fasterxml.jackson.databind.ser.BeanPropertyWriter.serializeAsField(BeanPropertyWriter.java:733) ~[jackson-databind-2.14.3.jar:2.14.3]
	at com.fasterxml.jackson.databind.ser.std.BeanSerializerBase.serializeFields(BeanSerializerBase.java:774) ~[jackson-databind-2.14.3.jar:2.14.3]
	at com.fasterxml.jackson.databind.ser.BeanSerializer.serialize(BeanSerializer.java:178) ~[jackson-databind-2.14.3.jar:2.14.3]
	at com.fasterxml.jackson.databind.ser.impl.IndexedListSerializer.serializeContents(IndexedListSerializer.java:119) ~[jackson-databind-2.14.3.jar:2.14.3]
	at com.fasterxml.jackson.databind.ser.impl.IndexedListSerializer.serialize(IndexedListSerializer.java:79) ~[jackson-databind-2.14.3.jar:2.14.3]
	at com.fasterxml.jackson.databind.ser.impl.IndexedListSerializer.serialize(IndexedListSerializer.java:18) ~[jackson-databind-2.14.3.jar:2.14.3]
	at com.fasterxml.jackson.databind.ser.BeanPropertyWriter.serializeAsField(BeanPropertyWriter.java:733) ~[jackson-databind-2.14.3.jar:2.14.3]
	at com.fasterxml.jackson.databind.ser.std.BeanSerializerBase.serializeFields(BeanSerializerBase.java:774) ~[jackson-databind-2.14.3.jar:2.14.3]
	at com.fasterxml.jackson.databind.ser.BeanSerializer.serialize(BeanSerializer.java:178) ~[jackson-databind-2.14.3.jar:2.14.3]
	at com.fasterxml.jackson.databind.ser.BeanPropertyWriter.serializeAsField(BeanPropertyWriter.java:733) ~[jackson-databind-2.14.3.jar:2.14.3]
	at com.fasterxml.jackson.databind.ser.std.BeanSerializerBase.serializeFields(BeanSerializerBase.java:774) ~[jackson-databind-2.14.3.jar:2.14.3]
	at com.fasterxml.jackson.databind.ser.BeanSerializer.serialize(BeanSerializer.java:178) ~[jackson-databind-2.14.3.jar:2.14.3]
	at com.fasterxml.jackson.databind.ser.impl.IndexedListSerializer.serializeContents(IndexedListSerializer.java:119) ~[jackson-databind-2.14.3.jar:2.14.3]
	at com.fasterxml.jackson.databind.ser.impl.IndexedListSerializer.serialize(IndexedListSerializer.java:79) ~[jackson-databind-2.14.3.jar:2.14.3]
	at com.fasterxml.jackson.databind.ser.impl.IndexedListSerializer.serialize(IndexedListSerializer.java:18) ~[jackson-databind-2.14.3.jar:2.14.3]
	at com.fasterxml.jackson.databind.ser.BeanPropertyWriter.serializeAsField(BeanPropertyWriter.java:733) ~[jackson-databind-2.14.3.jar:2.14.3]
	at com.fasterxml.jackson.databind.ser.std.BeanSerializerBase.serializeFields(BeanSerializerBase.java:774) ~[jackson-databind-2.14.3.jar:2.14.3]
	at com.fasterxml.jackson.databind.ser.BeanSerializer.serialize(BeanSerializer.java:178) ~[jackson-databind-2.14.3.jar:2.14.3]
	at com.fasterxml.jackson.databind.ser.BeanPropertyWriter.serializeAsField(BeanPropertyWriter.java:733) ~[jackson-databind-2.14.3.jar:2.14.3]
	at com.fasterxml.jackson.databind.ser.std.BeanSerializerBase.serializeFields(BeanSerializerBase.java:774) ~[jackson-databind-2.14.3.jar:2.14.3]
	at com.fasterxml.jackson.databind.ser.BeanSerializer.serialize(BeanSerializer.java:178) ~[jackson-databind-2.14.3.jar:2.14.3]
	at com.fasterxml.jackson.databind.ser.impl.IndexedListSerializer.serializeContents(IndexedListSerializer.java:119) ~[jackson-databind-2.14.3.jar:2.14.3]
	at com.fasterxml.jackson.databind.ser.impl.IndexedListSerializer.serialize(IndexedListSerializer.java:79) ~[jackson-databind-2.14.3.jar:2.14.3]
	at com.fasterxml.jackson.databind.ser.impl.IndexedListSerializer.serialize(IndexedListSerializer.java:18) ~[jackson-databind-2.14.3.jar:2.14.3]
	at com.fasterxml.jackson.databind.ser.BeanPropertyWriter.serializeAsField(BeanPropertyWriter.java:733) ~[jackson-databind-2.14.3.jar:2.14.3]
	at com.fasterxml.jackson.databind.ser.std.BeanSerializerBase.serializeFields(BeanSerializerBase.java:774) ~[jackson-databind-2.14.3.jar:2.14.3]
	at com.fasterxml.jackson.databind.ser.BeanSerializer.serialize(BeanSerializer.java:178) ~[jackson-databind-2.14.3.jar:2.14.3]
	at com.fasterxml.jackson.databind.ser.BeanPropertyWriter.serializeAsField(BeanPropertyWriter.java:733) ~[jackson-databind-2.14.3.jar:2.14.3]
	at com.fasterxml.jackson.databind.ser.std.BeanSerializerBase.serializeFields(BeanSerializerBase.java:774) ~[jackson-databind-2.14.3.jar:2.14.3]
	at com.fasterxml.jackson.databind.ser.BeanSerializer.serialize(BeanSerializer.java:178) ~[jackson-databind-2.14.3.jar:2.14.3]
	at com.fasterxml.jackson.databind.ser.impl.IndexedListSerializer.serializeContents(IndexedListSerializer.java:119) ~[jackson-databind-2.14.3.jar:2.14.3]
	at com.fasterxml.jackson.databind.ser.impl.IndexedListSerializer.serialize(IndexedListSerializer.java:79) ~[jackson-databind-2.14.3.jar:2.14.3]
	at com.fasterxml.jackson.databind.ser.impl.IndexedListSerializer.serialize(IndexedListSerializer.java:18) ~[jackson-databind-2.14.3.jar:2.14.3]
	at com.fasterxml.jackson.databind.ser.BeanPropertyWriter.serializeAsField(BeanPropertyWriter.java:733) ~[jackson-databind-2.14.3.jar:2.14.3]
	at com.fasterxml.jackson.databind.ser.std.BeanSerializerBase.serializeFields(BeanSerializerBase.java:774) ~[jackson-databind-2.14.3.jar:2.14.3]
	at com.fasterxml.jackson.databind.ser.BeanSerializer.serialize(BeanSerializer.java:178) ~[jackson-databind-2.14.3.jar:2.14.3]
	at com.fasterxml.jackson.databind.ser.BeanPropertyWriter.serializeAsField(BeanPropertyWriter.java:733) ~[jackson-databind-2.14.3.jar:2.14.3]
	at com.fasterxml.jackson.databind.ser.std.BeanSerializerBase.serializeFields(BeanSerializerBase.java:774) ~[jackson-databind-2.14.3.jar:2.14.3]
	at com.fasterxml.jackson.databind.ser.BeanSerializer.serialize(BeanSerializer.java:178) ~[jackson-databind-2.14.3.jar:2.14.3]
	at com.fasterxml.jackson.databind.ser.impl.IndexedListSerializer.serializeContents(IndexedListSerializer.java:119) ~[jackson-databind-2.14.3.jar:2.14.3]
	at com.fasterxml.jackson.databind.ser.impl.IndexedListSerializer.serialize(IndexedListSerializer.java:79) ~[jackson-databind-2.14.3.jar:2.14.3]
	at com.fasterxml.jackson.databind.ser.impl.IndexedListSerializer.serialize(IndexedListSerializer.java:18) ~[jackson-databind-2.14.3.jar:2.14.3]
	at com.fasterxml.jackson.databind.ser.BeanPropertyWriter.serializeAsField(BeanPropertyWriter.java:733) ~[jackson-databind-2.14.3.jar:2.14.3]
	at com.fasterxml.jackson.databind.ser.std.BeanSerializerBase.serializeFields(BeanSerializerBase.java:774) ~[jackson-databind-2.14.3.jar:2.14.3]
	at com.fasterxml.jackson.databind.ser.BeanSerializer.serialize(BeanSerializer.java:178) ~[jackson-databind-2.14.3.jar:2.14.3]
	at com.fasterxml.jackson.databind.ser.BeanPropertyWriter.serializeAsField(BeanPropertyWriter.java:733) ~[jackson-databind-2.14.3.jar:2.14.3]
	at com.fasterxml.jackson.databind.ser.std.BeanSerializerBase.serializeFields(BeanSerializerBase.java:774) ~[jackson-databind-2.14.3.jar:2.14.3]
	at com.fasterxml.jackson.databind.ser.BeanSerializer.serialize(BeanSerializer.java:178) ~[jackson-databind-2.14.3.jar:2.14.3]
	at com.fasterxml.jackson.databind.ser.impl.IndexedListSerializer.serializeContents(IndexedListSerializer.java:119) ~[jackson-databind-2.14.3.jar:2.14.3]
	at com.fasterxml.jackson.databind.ser.impl.IndexedListSerializer.serialize(IndexedListSerializer.java:79) ~[jackson-databind-2.14.3.jar:2.14.3]
	at com.fasterxml.jackson.databind.ser.impl.IndexedListSerializer.serialize(IndexedListSerializer.java:18) ~[jackson-databind-2.14.3.jar:2.14.3]
	at com.fasterxml.jackson.databind.ser.BeanPropertyWriter.serializeAsField(BeanPropertyWriter.java:733) ~[jackson-databind-2.14.3.jar:2.14.3]
	at com.fasterxml.jackson.databind.ser.std.BeanSerializerBase.serializeFields(BeanSerializerBase.java:774) ~[jackson-databind-2.14.3.jar:2.14.3]
	at com.fasterxml.jackson.databind.ser.BeanSerializer.serialize(BeanSerializer.java:178) ~[jackson-databind-2.14.3.jar:2.14.3]
	at com.fasterxml.jackson.databind.ser.BeanPropertyWriter.serializeAsField(BeanPropertyWriter.java:733) ~[jackson-databind-2.14.3.jar:2.14.3]
	at com.fasterxml.jackson.databind.ser.std.BeanSerializerBase.serializeFields(BeanSerializerBase.java:774) ~[jackson-databind-2.14.3.jar:2.14.3]
	at com.fasterxml.jackson.databind.ser.BeanSerializer.serialize(BeanSerializer.java:178) ~[jackson-databind-2.14.3.jar:2.14.3]
	at com.fasterxml.jackson.databind.ser.impl.IndexedListSerializer.serializeContents(IndexedListSerializer.java:119) ~[jackson-databind-2.14.3.jar:2.14.3]
	at com.fasterxml.jackson.databind.ser.impl.IndexedListSerializer.serialize(IndexedListSerializer.java:79) ~[jackson-databind-2.14.3.jar:2.14.3]
	at com.fasterxml.jackson.databind.ser.impl.IndexedListSerializer.serialize(IndexedListSerializer.java:18) ~[jackson-databind-2.14.3.jar:2.14.3]
	at com.fasterxml.jackson.databind.ser.BeanPropertyWriter.serializeAsField(BeanPropertyWriter.java:733) ~[jackson-databind-2.14.3.jar:2.14.3]
	at com.fasterxml.jackson.databind.ser.std.BeanSerializerBase.serializeFields(BeanSerializerBase.java:774) ~[jackson-databind-2.14.3.jar:2.14.3]
	at com.fasterxml.jackson.databind.ser.BeanSerializer.serialize(BeanSerializer.java:178) ~[jackson-databind-2.14.3.jar:2.14.3]
	at com.fasterxml.jackson.databind.ser.BeanPropertyWriter.serializeAsField(BeanPropertyWriter.java:733) ~[jackson-databind-2.14.3.jar:2.14.3]
	at com.fasterxml.jackson.databind.ser.std.BeanSerializerBase.serializeFields(BeanSerializerBase.java:774) ~[jackson-databind-2.14.3.jar:2.14.3]
	at com.fasterxml.jackson.databind.ser.BeanSerializer.serialize(BeanSerializer.java:178) ~[jackson-databind-2.14.3.jar:2.14.3]
	at com.fasterxml.jackson.databind.ser.impl.IndexedListSerializer.serializeContents(IndexedListSerializer.java:119) ~[jackson-databind-2.14.3.jar:2.14.3]
	at com.fasterxml.jackson.databind.ser.impl.IndexedListSerializer.serialize(IndexedListSerializer.java:79) ~[jackson-databind-2.14.3.jar:2.14.3]
	at com.fasterxml.jackson.databind.ser.impl.IndexedListSerializer.serialize(IndexedListSerializer.java:18) ~[jackson-databind-2.14.3.jar:2.14.3]
	at com.fasterxml.jackson.databind.ser.BeanPropertyWriter.serializeAsField(BeanPropertyWriter.java:733) ~[jackson-databind-2.14.3.jar:2.14.3]
	at com.fasterxml.jackson.databind.ser.std.BeanSerializerBase.serializeFields(BeanSerializerBase.java:774) ~[jackson-databind-2.14.3.jar:2.14.3]
	at com.fasterxml.jackson.databind.ser.BeanSerializer.serialize(BeanSerializer.java:178) ~[jackson-databind-2.14.3.jar:2.14.3]
	at com.fasterxml.jackson.databind.ser.BeanPropertyWriter.serializeAsField(BeanPropertyWriter.java:733) ~[jackson-databind-2.14.3.jar:2.14.3]
	at com.fasterxml.jackson.databind.ser.std.BeanSerializerBase.serializeFields(BeanSerializerBase.java:774) ~[jackson-databind-2.14.3.jar:2.14.3]
	at com.fasterxml.jackson.databind.ser.BeanSerializer.serialize(BeanSerializer.java:178) ~[jackson-databind-2.14.3.jar:2.14.3]
	at com.fasterxml.jackson.databind.ser.impl.IndexedListSerializer.serializeContents(IndexedListSerializer.java:119) ~[jackson-databind-2.14.3.jar:2.14.3]
	at com.fasterxml.jackson.databind.ser.impl.IndexedListSerializer.serialize(IndexedListSerializer.java:79) ~[jackson-databind-2.14.3.jar:2.14.3]
	at com.fasterxml.jackson.databind.ser.impl.IndexedListSerializer.serialize(IndexedListSerializer.java:18) ~[jackson-databind-2.14.3.jar:2.14.3]
	at com.fasterxml.jackson.databind.ser.BeanPropertyWriter.serializeAsField(BeanPropertyWriter.java:733) ~[jackson-databind-2.14.3.jar:2.14.3]
	at com.fasterxml.jackson.databind.ser.std.BeanSerializerBase.serializeFields(BeanSerializerBase.java:774) ~[jackson-databind-2.14.3.jar:2.14.3]
	at com.fasterxml.jackson.databind.ser.BeanSerializer.serialize(BeanSerializer.java:178) ~[jackson-databind-2.14.3.jar:2.14.3]
	at com.fasterxml.jackson.databind.ser.BeanPropertyWriter.serializeAsField(BeanPropertyWriter.java:733) ~[jackson-databind-2.14.3.jar:2.14.3]
	at com.fasterxml.jackson.databind.ser.std.BeanSerializerBase.serializeFields(BeanSerializerBase.java:774) ~[jackson-databind-2.14.3.jar:2.14.3]
	at com.fasterxml.jackson.databind.ser.BeanSerializer.serialize(BeanSerializer.java:178) ~[jackson-databind-2.14.3.jar:2.14.3]
	at com.fasterxml.jackson.databind.ser.impl.IndexedListSerializer.serializeContents(IndexedListSerializer.java:119) ~[jackson-databind-2.14.3.jar:2.14.3]
	at com.fasterxml.jackson.databind.ser.impl.IndexedListSerializer.serialize(IndexedListSerializer.java:79) ~[jackson-databind-2.14.3.jar:2.14.3]
	at com.fasterxml.jackson.databind.ser.impl.IndexedListSerializer.serialize(IndexedListSerializer.java:18) ~[jackson-databind-2.14.3.jar:2.14.3]
	at com.fasterxml.jackson.databind.ser.BeanPropertyWriter.serializeAsField(BeanPropertyWriter.java:733) ~[jackson-databind-2.14.3.jar:2.14.3]
	at com.fasterxml.jackson.databind.ser.std.BeanSerializerBase.serializeFields(BeanSerializerBase.java:774) ~[jackson-databind-2.14.3.jar:2.14.3]
	at com.fasterxml.jackson.databind.ser.BeanSerializer.serialize(BeanSerializer.java:178) ~[jackson-databind-2.14.3.jar:2.14.3]
	at com.fasterxml.jackson.databind.ser.BeanPropertyWriter.serializeAsField(BeanPropertyWriter.java:733) ~[jackson-databind-2.14.3.jar:2.14.3]
	at com.fasterxml.jackson.databind.ser.std.BeanSerializerBase.serializeFields(BeanSerializerBase.java:774) ~[jackson-databind-2.14.3.jar:2.14.3]
	at com.fasterxml.jackson.databind.ser.BeanSerializer.serialize(BeanSerializer.java:178) ~[jackson-databind-2.14.3.jar:2.14.3]
	at com.fasterxml.jackson.databind.ser.impl.IndexedListSerializer.serializeContents(IndexedListSerializer.java:119) ~[jackson-databind-2.14.3.jar:2.14.3]
	at com.fasterxml.jackson.databind.ser.impl.IndexedListSerializer.serialize(IndexedListSerializer.java:79) ~[jackson-databind-2.14.3.jar:2.14.3]
	at com.fasterxml.jackson.databind.ser.impl.IndexedListSerializer.serialize(IndexedListSerializer.java:18) ~[jackson-databind-2.14.3.jar:2.14.3]
	at com.fasterxml.jackson.databind.ser.BeanPropertyWriter.serializeAsField(BeanPropertyWriter.java:733) ~[jackson-databind-2.14.3.jar:2.14.3]
	at com.fasterxml.jackson.databind.ser.std.BeanSerializerBase.serializeFields(BeanSerializerBase.java:774) ~[jackson-databind-2.14.3.jar:2.14.3]
	at com.fasterxml.jackson.databind.ser.BeanSerializer.serialize(BeanSerializer.java:178) ~[jackson-databind-2.14.3.jar:2.14.3]
	at com.fasterxml.jackson.databind.ser.BeanPropertyWriter.serializeAsField(BeanPropertyWriter.java:733) ~[jackson-databind-2.14.3.jar:2.14.3]
	at com.fasterxml.jackson.databind.ser.std.BeanSerializerBase.serializeFields(BeanSerializerBase.java:774) ~[jackson-databind-2.14.3.jar:2.14.3]
	at com.fasterxml.jackson.databind.ser.BeanSerializer.serialize(BeanSerializer.java:178) ~[jackson-databind-2.14.3.jar:2.14.3]
	at com.fasterxml.jackson.databind.ser.impl.IndexedListSerializer.serializeContents(IndexedListSerializer.java:119) ~[jackson-databind-2.14.3.jar:2.14.3]
	at com.fasterxml.jackson.databind.ser.impl.IndexedListSerializer.serialize(IndexedListSerializer.java:79) ~[jackson-databind-2.14.3.jar:2.14.3]
	at com.fasterxml.jackson.databind.ser.impl.IndexedListSerializer.serialize(IndexedListSerializer.java:18) ~[jackson-databind-2.14.3.jar:2.14.3]
	at com.fasterxml.jackson.databind.ser.BeanPropertyWriter.serializeAsField(BeanPropertyWriter.java:733) ~[jackson-databind-2.14.3.jar:2.14.3]
	at com.fasterxml.jackson.databind.ser.std.BeanSerializerBase.serializeFields(BeanSerializerBase.java:774) ~[jackson-databind-2.14.3.jar:2.14.3]
	at com.fasterxml.jackson.databind.ser.BeanSerializer.serialize(BeanSerializer.java:178) ~[jackson-databind-2.14.3.jar:2.14.3]
	at com.fasterxml.jackson.databind.ser.BeanPropertyWriter.serializeAsField(BeanPropertyWriter.java:733) ~[jackson-databind-2.14.3.jar:2.14.3]
	at com.fasterxml.jackson.databind.ser.std.BeanSerializerBase.serializeFields(BeanSerializerBase.java:774) ~[jackson-databind-2.14.3.jar:2.14.3]
	at com.fasterxml.jackson.databind.ser.BeanSerializer.serialize(BeanSerializer.java:178) ~[jackson-databind-2.14.3.jar:2.14.3]
	at com.fasterxml.jackson.databind.ser.impl.IndexedListSerializer.serializeContents(IndexedListSerializer.java:119) ~[jackson-databind-2.14.3.jar:2.14.3]
	at com.fasterxml.jackson.databind.ser.impl.IndexedListSerializer.serialize(IndexedListSerializer.java:79) ~[jackson-databind-2.14.3.jar:2.14.3]
	at com.fasterxml.jackson.databind.ser.impl.IndexedListSerializer.serialize(IndexedListSerializer.java:18) ~[jackson-databind-2.14.3.jar:2.14.3]
	at com.fasterxml.jackson.databind.ser.BeanPropertyWriter.serializeAsField(BeanPropertyWriter.java:733) ~[jackson-databind-2.14.3.jar:2.14.3]
	at com.fasterxml.jackson.databind.ser.std.BeanSerializerBase.serializeFields(BeanSerializerBase.java:774) ~[jackson-databind-2.14.3.jar:2.14.3]
	at com.fasterxml.jackson.databind.ser.BeanSerializer.serialize(BeanSerializer.java:178) ~[jackson-databind-2.14.3.jar:2.14.3]
	at com.fasterxml.jackson.databind.ser.BeanPropertyWriter.serializeAsField(BeanPropertyWriter.java:733) ~[jackson-databind-2.14.3.jar:2.14.3]
	at com.fasterxml.jackson.databind.ser.std.BeanSerializerBase.serializeFields(BeanSerializerBase.java:774) ~[jackson-databind-2.14.3.jar:2.14.3]
	at com.fasterxml.jackson.databind.ser.BeanSerializer.serialize(BeanSerializer.java:178) ~[jackson-databind-2.14.3.jar:2.14.3]
	at com.fasterxml.jackson.databind.ser.impl.IndexedListSerializer.serializeContents(IndexedListSerializer.java:119) ~[jackson-databind-2.14.3.jar:2.14.3]
	at com.fasterxml.jackson.databind.ser.impl.IndexedListSerializer.serialize(IndexedListSerializer.java:79) ~[jackson-databind-2.14.3.jar:2.14.3]
	at com.fasterxml.jackson.databind.ser.impl.IndexedListSerializer.serialize(IndexedListSerializer.java:18) ~[jackson-databind-2.14.3.jar:2.14.3]
	at com.fasterxml.jackson.databind.ser.BeanPropertyWriter.serializeAsField(BeanPropertyWriter.java:733) ~[jackson-databind-2.14.3.jar:2.14.3]
	at com.fasterxml.jackson.databind.ser.std.BeanSerializerBase.serializeFields(BeanSerializerBase.java:774) ~[jackson-databind-2.14.3.jar:2.14.3]
	at com.fasterxml.jackson.databind.ser.BeanSerializer.serialize(BeanSerializer.java:178) ~[jackson-databind-2.14.3.jar:2.14.3]
	at com.fasterxml.jackson.databind.ser.BeanPropertyWriter.serializeAsField(BeanPropertyWriter.java:733) ~[jackson-databind-2.14.3.jar:2.14.3]
	at com.fasterxml.jackson.databind.ser.std.BeanSerializerBase.serializeFields(BeanSerializerBase.java:774) ~[jackson-databind-2.14.3.jar:2.14.3]
	at com.fasterxml.jackson.databind.ser.BeanSerializer.serialize(BeanSerializer.java:178) ~[jackson-databind-2.14.3.jar:2.14.3]
	at com.fasterxml.jackson.databind.ser.impl.IndexedListSerializer.serializeContents(IndexedListSerializer.java:119) ~[jackson-databind-2.14.3.jar:2.14.3]
	at com.fasterxml.jackson.databind.ser.impl.IndexedListSerializer.serialize(IndexedListSerializer.java:79) ~[jackson-databind-2.14.3.jar:2.14.3]
	at com.fasterxml.jackson.databind.ser.impl.IndexedListSerializer.serialize(IndexedListSerializer.java:18) ~[jackson-databind-2.14.3.jar:2.14.3]
	at com.fasterxml.jackson.databind.ser.BeanPropertyWriter.serializeAsField(BeanPropertyWriter.java:733) ~[jackson-databind-2.14.3.jar:2.14.3]
	at com.fasterxml.jackson.databind.ser.std.BeanSerializerBase.serializeFields(BeanSerializerBase.java:774) ~[jackson-databind-2.14.3.jar:2.14.3]
	at com.fasterxml.jackson.databind.ser.BeanSerializer.serialize(BeanSerializer.java:178) ~[jackson-databind-2.14.3.jar:2.14.3]
	at com.fasterxml.jackson.databind.ser.BeanPropertyWriter.serializeAsField(BeanPropertyWriter.java:733) ~[jackson-databind-2.14.3.jar:2.14.3]
	at com.fasterxml.jackson.databind.ser.std.BeanSerializerBase.serializeFields(BeanSerializerBase.java:774) ~[jackson-databind-2.14.3.jar:2.14.3]
	at com.fasterxml.jackson.databind.ser.BeanSerializer.serialize(BeanSerializer.java:178) ~[jackson-databind-2.14.3.jar:2.14.3]
	at com.fasterxml.jackson.databind.ser.impl.IndexedListSerializer.serializeContents(IndexedListSerializer.java:119) ~[jackson-databind-2.14.3.jar:2.14.3]
	at com.fasterxml.jackson.databind.ser.impl.IndexedListSerializer.serialize(IndexedListSerializer.java:79) ~[jackson-databind-2.14.3.jar:2.14.3]
	at com.fasterxml.jackson.databind.ser.impl.IndexedListSerializer.serialize(IndexedListSerializer.java:18) ~[jackson-databind-2.14.3.jar:2.14.3]
	at com.fasterxml.jackson.databind.ser.BeanPropertyWriter.serializeAsField(BeanPropertyWriter.java:733) ~[jackson-databind-2.14.3.jar:2.14.3]
	at com.fasterxml.jackson.databind.ser.std.BeanSerializerBase.serializeFields(BeanSerializerBase.java:774) ~[jackson-databind-2.14.3.jar:2.14.3]
	at com.fasterxml.jackson.databind.ser.BeanSerializer.serialize(BeanSerializer.java:178) ~[jackson-databind-2.14.3.jar:2.14.3]
	at com.fasterxml.jackson.databind.ser.BeanPropertyWriter.serializeAsField(BeanPropertyWriter.java:733) ~[jackson-databind-2.14.3.jar:2.14.3]
	at com.fasterxml.jackson.databind.ser.std.BeanSerializerBase.serializeFields(BeanSerializerBase.java:774) ~[jackson-databind-2.14.3.jar:2.14.3]
	at com.fasterxml.jackson.databind.ser.BeanSerializer.serialize(BeanSerializer.java:178) ~[jackson-databind-2.14.3.jar:2.14.3]
	at com.fasterxml.jackson.databind.ser.impl.IndexedListSerializer.serializeContents(IndexedListSerializer.java:119) ~[jackson-databind-2.14.3.jar:2.14.3]
	at com.fasterxml.jackson.databind.ser.impl.IndexedListSerializer.serialize(IndexedListSerializer.java:79) ~[jackson-databind-2.14.3.jar:2.14.3]
	at com.fasterxml.jackson.databind.ser.impl.IndexedListSerializer.serialize(IndexedListSerializer.java:18) ~[jackson-databind-2.14.3.jar:2.14.3]
	at com.fasterxml.jackson.databind.ser.BeanPropertyWriter.serializeAsField(BeanPropertyWriter.java:733) ~[jackson-databind-2.14.3.jar:2.14.3]
	at com.fasterxml.jackson.databind.ser.std.BeanSerializerBase.serializeFields(BeanSerializerBase.java:774) ~[jackson-databind-2.14.3.jar:2.14.3]
	at com.fasterxml.jackson.databind.ser.BeanSerializer.serialize(BeanSerializer.java:178) ~[jackson-databind-2.14.3.jar:2.14.3]
	at com.fasterxml.jackson.databind.ser.BeanPropertyWriter.serializeAsField(BeanPropertyWriter.java:733) ~[jackson-databind-2.14.3.jar:2.14.3]
	at com.fasterxml.jackson.databind.ser.std.BeanSerializerBase.serializeFields(BeanSerializerBase.java:774) ~[jackson-databind-2.14.3.jar:2.14.3]
	at com.fasterxml.jackson.databind.ser.BeanSerializer.serialize(BeanSerializer.java:178) ~[jackson-databind-2.14.3.jar:2.14.3]
	at com.fasterxml.jackson.databind.ser.impl.IndexedListSerializer.serializeContents(IndexedListSerializer.java:119) ~[jackson-databind-2.14.3.jar:2.14.3]
	at com.fasterxml.jackson.databind.ser.impl.IndexedListSerializer.serialize(IndexedListSerializer.java:79) ~[jackson-databind-2.14.3.jar:2.14.3]
	at com.fasterxml.jackson.databind.ser.impl.IndexedListSerializer.serialize(IndexedListSerializer.java:18) ~[jackson-databind-2.14.3.jar:2.14.3]
	at com.fasterxml.jackson.databind.ser.BeanPropertyWriter.serializeAsField(BeanPropertyWriter.java:733) ~[jackson-databind-2.14.3.jar:2.14.3]
	at com.fasterxml.jackson.databind.ser.std.BeanSerializerBase.serializeFields(BeanSerializerBase.java:774) ~[jackson-databind-2.14.3.jar:2.14.3]
	at com.fasterxml.jackson.databind.ser.BeanSerializer.serialize(BeanSerializer.java:178) ~[jackson-databind-2.14.3.jar:2.14.3]
	at com.fasterxml.jackson.databind.ser.BeanPropertyWriter.serializeAsField(BeanPropertyWriter.java:733) ~[jackson-databind-2.14.3.jar:2.14.3]
	at com.fasterxml.jackson.databind.ser.std.BeanSerializerBase.serializeFields(BeanSerializerBase.java:774) ~[jackson-databind-2.14.3.jar:2.14.3]
	at com.fasterxml.jackson.databind.ser.BeanSerializer.serialize(BeanSerializer.java:178) ~[jackson-databind-2.14.3.jar:2.14.3]
	at com.fasterxml.jackson.databind.ser.impl.IndexedListSerializer.serializeContents(IndexedListSerializer.java:119) ~[jackson-databind-2.14.3.jar:2.14.3]
	at com.fasterxml.jackson.databind.ser.impl.IndexedListSerializer.serialize(IndexedListSerializer.java:79) ~[jackson-databind-2.14.3.jar:2.14.3]
	at com.fasterxml.jackson.databind.ser.impl.IndexedListSerializer.serialize(IndexedListSerializer.java:18) ~[jackson-databind-2.14.3.jar:2.14.3]
	at com.fasterxml.jackson.databind.ser.BeanPropertyWriter.serializeAsField(BeanPropertyWriter.java:733) ~[jackson-databind-2.14.3.jar:2.14.3]
	at com.fasterxml.jackson.databind.ser.std.BeanSerializerBase.serializeFields(BeanSerializerBase.java:774) ~[jackson-databind-2.14.3.jar:2.14.3]
	at com.fasterxml.jackson.databind.ser.BeanSerializer.serialize(BeanSerializer.java:178) ~[jackson-databind-2.14.3.jar:2.14.3]
	at com.fasterxml.jackson.databind.ser.BeanPropertyWriter.serializeAsField(BeanPropertyWriter.java:733) ~[jackson-databind-2.14.3.jar:2.14.3]
	at com.fasterxml.jackson.databind.ser.std.BeanSerializerBase.serializeFields(BeanSerializerBase.java:774) ~[jackson-databind-2.14.3.jar:2.14.3]
	at com.fasterxml.jackson.databind.ser.BeanSerializer.serialize(BeanSerializer.java:178) ~[jackson-databind-2.14.3.jar:2.14.3]
	at com.fasterxml.jackson.databind.ser.impl.IndexedListSerializer.serializeContents(IndexedListSerializer.java:119) ~[jackson-databind-2.14.3.jar:2.14.3]
	at com.fasterxml.jackson.databind.ser.impl.IndexedListSerializer.serialize(IndexedListSerializer.java:79) ~[jackson-databind-2.14.3.jar:2.14.3]
	at com.fasterxml.jackson.databind.ser.impl.IndexedListSerializer.serialize(IndexedListSerializer.java:18) ~[jackson-databind-2.14.3.jar:2.14.3]
	at com.fasterxml.jackson.databind.ser.BeanPropertyWriter.serializeAsField(BeanPropertyWriter.java:733) ~[jackson-databind-2.14.3.jar:2.14.3]
	at com.fasterxml.jackson.databind.ser.std.BeanSerializerBase.serializeFields(BeanSerializerBase.java:774) ~[jackson-databind-2.14.3.jar:2.14.3]
	at com.fasterxml.jackson.databind.ser.BeanSerializer.serialize(BeanSerializer.java:178) ~[jackson-databind-2.14.3.jar:2.14.3]
	at com.fasterxml.jackson.databind.ser.BeanPropertyWriter.serializeAsField(BeanPropertyWriter.java:733) ~[jackson-databind-2.14.3.jar:2.14.3]
	at com.fasterxml.jackson.databind.ser.std.BeanSerializerBase.serializeFields(BeanSerializerBase.java:774) ~[jackson-databind-2.14.3.jar:2.14.3]
	at com.fasterxml.jackson.databind.ser.BeanSerializer.serialize(BeanSerializer.java:178) ~[jackson-databind-2.14.3.jar:2.14.3]
	at com.fasterxml.jackson.databind.ser.impl.IndexedListSerializer.serializeContents(IndexedListSerializer.java:119) ~[jackson-databind-2.14.3.jar:2.14.3]
	at com.fasterxml.jackson.databind.ser.impl.IndexedListSerializer.serialize(IndexedListSerializer.java:79) ~[jackson-databind-2.14.3.jar:2.14.3]
	at com.fasterxml.jackson.databind.ser.impl.IndexedListSerializer.serialize(IndexedListSerializer.java:18) ~[jackson-databind-2.14.3.jar:2.14.3]
	at com.fasterxml.jackson.databind.ser.BeanPropertyWriter.serializeAsField(BeanPropertyWriter.java:733) ~[jackson-databind-2.14.3.jar:2.14.3]
	at com.fasterxml.jackson.databind.ser.std.BeanSerializerBase.serializeFields(BeanSerializerBase.java:774) ~[jackson-databind-2.14.3.jar:2.14.3]
	at com.fasterxml.jackson.databind.ser.BeanSerializer.serialize(BeanSerializer.java:178) ~[jackson-databind-2.14.3.jar:2.14.3]
	at com.fasterxml.jackson.databind.ser.BeanPropertyWriter.serializeAsField(BeanPropertyWriter.java:733) ~[jackson-databind-2.14.3.jar:2.14.3]
	at com.fasterxml.jackson.databind.ser.std.BeanSerializerBase.serializeFields(BeanSerializerBase.java:774) ~[jackson-databind-2.14.3.jar:2.14.3]
	at com.fasterxml.jackson.databind.ser.BeanSerializer.serialize(BeanSerializer.java:178) ~[jackson-databind-2.14.3.jar:2.14.3]
	at com.fasterxml.jackson.databind.ser.impl.IndexedListSerializer.serializeContents(IndexedListSerializer.java:119) ~[jackson-databind-2.14.3.jar:2.14.3]
	at com.fasterxml.jackson.databind.ser.impl.IndexedListSerializer.serialize(IndexedListSerializer.java:79) ~[jackson-databind-2.14.3.jar:2.14.3]
	at com.fasterxml.jackson.databind.ser.impl.IndexedListSerializer.serialize(IndexedListSerializer.java:18) ~[jackson-databind-2.14.3.jar:2.14.3]
	at com.fasterxml.jackson.databind.ser.BeanPropertyWriter.serializeAsField(BeanPropertyWriter.java:733) ~[jackson-databind-2.14.3.jar:2.14.3]
	at com.fasterxml.jackson.databind.ser.std.BeanSerializerBase.serializeFields(BeanSerializerBase.java:774) ~[jackson-databind-2.14.3.jar:2.14.3]
	at com.fasterxml.jackson.databind.ser.BeanSerializer.serialize(BeanSerializer.java:178) ~[jackson-databind-2.14.3.jar:2.14.3]
	at com.fasterxml.jackson.databind.ser.BeanPropertyWriter.serializeAsField(BeanPropertyWriter.java:733) ~[jackson-databind-2.14.3.jar:2.14.3]
	at com.fasterxml.jackson.databind.ser.std.BeanSerializerBase.serializeFields(BeanSerializerBase.java:774) ~[jackson-databind-2.14.3.jar:2.14.3]
	at com.fasterxml.jackson.databind.ser.BeanSerializer.serialize(BeanSerializer.java:178) ~[jackson-databind-2.14.3.jar:2.14.3]
	at com.fasterxml.jackson.databind.ser.impl.IndexedListSerializer.serializeContents(IndexedListSerializer.java:119) ~[jackson-databind-2.14.3.jar:2.14.3]
	at com.fasterxml.jackson.databind.ser.impl.IndexedListSerializer.serialize(IndexedListSerializer.java:79) ~[jackson-databind-2.14.3.jar:2.14.3]
	at com.fasterxml.jackson.databind.ser.impl.IndexedListSerializer.serialize(IndexedListSerializer.java:18) ~[jackson-databind-2.14.3.jar:2.14.3]
	at com.fasterxml.jackson.databind.ser.BeanPropertyWriter.serializeAsField(BeanPropertyWriter.java:733) ~[jackson-databind-2.14.3.jar:2.14.3]
	at com.fasterxml.jackson.databind.ser.std.BeanSerializerBase.serializeFields(BeanSerializerBase.java:774) ~[jackson-databind-2.14.3.jar:2.14.3]
	at com.fasterxml.jackson.databind.ser.BeanSerializer.serialize(BeanSerializer.java:178) ~[jackson-databind-2.14.3.jar:2.14.3]
	at com.fasterxml.jackson.databind.ser.BeanPropertyWriter.serializeAsField(BeanPropertyWriter.java:733) ~[jackson-databind-2.14.3.jar:2.14.3]
	at com.fasterxml.jackson.databind.ser.std.BeanSerializerBase.serializeFields(BeanSerializerBase.java:774) ~[jackson-databind-2.14.3.jar:2.14.3]
	at com.fasterxml.jackson.databind.ser.BeanSerializer.serialize(BeanSerializer.java:178) ~[jackson-databind-2.14.3.jar:2.14.3]
	at com.fasterxml.jackson.databind.ser.impl.IndexedListSerializer.serializeContents(IndexedListSerializer.java:119) ~[jackson-databind-2.14.3.jar:2.14.3]
	at com.fasterxml.jackson.databind.ser.impl.IndexedListSerializer.serialize(IndexedListSerializer.java:79) ~[jackson-databind-2.14.3.jar:2.14.3]
	at com.fasterxml.jackson.databind.ser.impl.IndexedListSerializer.serialize(IndexedListSerializer.java:18) ~[jackson-databind-2.14.3.jar:2.14.3]
	at com.fasterxml.jackson.databind.ser.BeanPropertyWriter.serializeAsField(BeanPropertyWriter.java:733) ~[jackson-databind-2.14.3.jar:2.14.3]
	at com.fasterxml.jackson.databind.ser.std.BeanSerializerBase.serializeFields(BeanSerializerBase.java:774) ~[jackson-databind-2.14.3.jar:2.14.3]
	at com.fasterxml.jackson.databind.ser.BeanSerializer.serialize(BeanSerializer.java:178) ~[jackson-databind-2.14.3.jar:2.14.3]
	at com.fasterxml.jackson.databind.ser.BeanPropertyWriter.serializeAsField(BeanPropertyWriter.java:733) ~[jackson-databind-2.14.3.jar:2.14.3]
	at com.fasterxml.jackson.databind.ser.std.BeanSerializerBase.serializeFields(BeanSerializerBase.java:774) ~[jackson-databind-2.14.3.jar:2.14.3]
	at com.fasterxml.jackson.databind.ser.BeanSerializer.serialize(BeanSerializer.java:178) ~[jackson-databind-2.14.3.jar:2.14.3]
	at com.fasterxml.jackson.databind.ser.impl.IndexedListSerializer.serializeContents(IndexedListSerializer.java:119) ~[jackson-databind-2.14.3.jar:2.14.3]
	at com.fasterxml.jackson.databind.ser.impl.IndexedListSerializer.serialize(IndexedListSerializer.java:79) ~[jackson-databind-2.14.3.jar:2.14.3]
	at com.fasterxml.jackson.databind.ser.impl.IndexedListSerializer.serialize(IndexedListSerializer.java:18) ~[jackson-databind-2.14.3.jar:2.14.3]
	at com.fasterxml.jackson.databind.ser.BeanPropertyWriter.serializeAsField(BeanPropertyWriter.java:733) ~[jackson-databind-2.14.3.jar:2.14.3]
	at com.fasterxml.jackson.databind.ser.std.BeanSerializerBase.serializeFields(BeanSerializerBase.java:774) ~[jackson-databind-2.14.3.jar:2.14.3]
	at com.fasterxml.jackson.databind.ser.BeanSerializer.serialize(BeanSerializer.java:178) ~[jackson-databind-2.14.3.jar:2.14.3]
	at com.fasterxml.jackson.databind.ser.BeanPropertyWriter.serializeAsField(BeanPropertyWriter.java:733) ~[jackson-databind-2.14.3.jar:2.14.3]
	at com.fasterxml.jackson.databind.ser.std.BeanSerializerBase.serializeFields(BeanSerializerBase.java:774) ~[jackson-databind-2.14.3.jar:2.14.3]
	at com.fasterxml.jackson.databind.ser.BeanSerializer.serialize(BeanSerializer.java:178) ~[jackson-databind-2.14.3.jar:2.14.3]
	at com.fasterxml.jackson.databind.ser.impl.IndexedListSerializer.serializeContents(IndexedListSerializer.java:119) ~[jackson-databind-2.14.3.jar:2.14.3]
	at com.fasterxml.jackson.databind.ser.impl.IndexedListSerializer.serialize(IndexedListSerializer.java:79) ~[jackson-databind-2.14.3.jar:2.14.3]
	at com.fasterxml.jackson.databind.ser.impl.IndexedListSerializer.serialize(IndexedListSerializer.java:18) ~[jackson-databind-2.14.3.jar:2.14.3]
	at com.fasterxml.jackson.databind.ser.BeanPropertyWriter.serializeAsField(BeanPropertyWriter.java:733) ~[jackson-databind-2.14.3.jar:2.14.3]
	at com.fasterxml.jackson.databind.ser.std.BeanSerializerBase.serializeFields(BeanSerializerBase.java:774) ~[jackson-databind-2.14.3.jar:2.14.3]
	at com.fasterxml.jackson.databind.ser.BeanSerializer.serialize(BeanSerializer.java:178) ~[jackson-databind-2.14.3.jar:2.14.3]
	at com.fasterxml.jackson.databind.ser.BeanPropertyWriter.serializeAsField(BeanPropertyWriter.java:733) ~[jackson-databind-2.14.3.jar:2.14.3]
	at com.fasterxml.jackson.databind.ser.std.BeanSerializerBase.serializeFields(BeanSerializerBase.java:774) ~[jackson-databind-2.14.3.jar:2.14.3]
	at com.fasterxml.jackson.databind.ser.BeanSerializer.serialize(BeanSerializer.java:178) ~[jackson-databind-2.14.3.jar:2.14.3]
	at com.fasterxml.jackson.databind.ser.impl.IndexedListSerializer.serializeContents(IndexedListSerializer.java:119) ~[jackson-databind-2.14.3.jar:2.14.3]
	at com.fasterxml.jackson.databind.ser.impl.IndexedListSerializer.serialize(IndexedListSerializer.java:79) ~[jackson-databind-2.14.3.jar:2.14.3]
	at com.fasterxml.jackson.databind.ser.impl.IndexedListSerializer.serialize(IndexedListSerializer.java:18) ~[jackson-databind-2.14.3.jar:2.14.3]
	at com.fasterxml.jackson.databind.ser.BeanPropertyWriter.serializeAsField(BeanPropertyWriter.java:733) ~[jackson-databind-2.14.3.jar:2.14.3]
	at com.fasterxml.jackson.databind.ser.std.BeanSerializerBase.serializeFields(BeanSerializerBase.java:774) ~[jackson-databind-2.14.3.jar:2.14.3]
	at com.fasterxml.jackson.databind.ser.BeanSerializer.serialize(BeanSerializer.java:178) ~[jackson-databind-2.14.3.jar:2.14.3]
	at com.fasterxml.jackson.databind.ser.BeanPropertyWriter.serializeAsField(BeanPropertyWriter.java:733) ~[jackson-databind-2.14.3.jar:2.14.3]
	at com.fasterxml.jackson.databind.ser.std.BeanSerializerBase.serializeFields(BeanSerializerBase.java:774) ~[jackson-databind-2.14.3.jar:2.14.3]
	at com.fasterxml.jackson.databind.ser.BeanSerializer.serialize(BeanSerializer.java:178) ~[jackson-databind-2.14.3.jar:2.14.3]
	at com.fasterxml.jackson.databind.ser.impl.IndexedListSerializer.serializeContents(IndexedListSerializer.java:119) ~[jackson-databind-2.14.3.jar:2.14.3]
	at com.fasterxml.jackson.databind.ser.impl.IndexedListSerializer.serialize(IndexedListSerializer.java:79) ~[jackson-databind-2.14.3.jar:2.14.3]
	at com.fasterxml.jackson.databind.ser.impl.IndexedListSerializer.serialize(IndexedListSerializer.java:18) ~[jackson-databind-2.14.3.jar:2.14.3]
	at com.fasterxml.jackson.databind.ser.BeanPropertyWriter.serializeAsField(BeanPropertyWriter.java:733) ~[jackson-databind-2.14.3.jar:2.14.3]
	at com.fasterxml.jackson.databind.ser.std.BeanSerializerBase.serializeFields(BeanSerializerBase.java:774) ~[jackson-databind-2.14.3.jar:2.14.3]
	at com.fasterxml.jackson.databind.ser.BeanSerializer.serialize(BeanSerializer.java:178) ~[jackson-databind-2.14.3.jar:2.14.3]
	at com.fasterxml.jackson.databind.ser.BeanPropertyWriter.serializeAsField(BeanPropertyWriter.java:733) ~[jackson-databind-2.14.3.jar:2.14.3]
	at com.fasterxml.jackson.databind.ser.std.BeanSerializerBase.serializeFields(BeanSerializerBase.java:774) ~[jackson-databind-2.14.3.jar:2.14.3]
	at com.fasterxml.jackson.databind.ser.BeanSerializer.serialize(BeanSerializer.java:178) ~[jackson-databind-2.14.3.jar:2.14.3]
	at com.fasterxml.jackson.databind.ser.impl.IndexedListSerializer.serializeContents(IndexedListSerializer.java:119) ~[jackson-databind-2.14.3.jar:2.14.3]
	at com.fasterxml.jackson.databind.ser.impl.IndexedListSerializer.serialize(IndexedListSerializer.java:79) ~[jackson-databind-2.14.3.jar:2.14.3]
	at com.fasterxml.jackson.databind.ser.impl.IndexedListSerializer.serialize(IndexedListSerializer.java:18) ~[jackson-databind-2.14.3.jar:2.14.3]
	at com.fasterxml.jackson.databind.ser.BeanPropertyWriter.serializeAsField(BeanPropertyWriter.java:733) ~[jackson-databind-2.14.3.jar:2.14.3]
	at com.fasterxml.jackson.databind.ser.std.BeanSerializerBase.serializeFields(BeanSerializerBase.java:774) ~[jackson-databind-2.14.3.jar:2.14.3]
	at com.fasterxml.jackson.databind.ser.BeanSerializer.serialize(BeanSerializer.java:178) ~[jackson-databind-2.14.3.jar:2.14.3]
	at com.fasterxml.jackson.databind.ser.BeanPropertyWriter.serializeAsField(BeanPropertyWriter.java:733) ~[jackson-databind-2.14.3.jar:2.14.3]
	at com.fasterxml.jackson.databind.ser.std.BeanSerializerBase.serializeFields(BeanSerializerBase.java:774) ~[jackson-databind-2.14.3.jar:2.14.3]
	at com.fasterxml.jackson.databind.ser.BeanSerializer.serialize(BeanSerializer.java:178) ~[jackson-databind-2.14.3.jar:2.14.3]
	at com.fasterxml.jackson.databind.ser.impl.IndexedListSerializer.serializeContents(IndexedListSerializer.java:119) ~[jackson-databind-2.14.3.jar:2.14.3]
	at com.fasterxml.jackson.databind.ser.impl.IndexedListSerializer.serialize(IndexedListSerializer.java:79) ~[jackson-databind-2.14.3.jar:2.14.3]
	at com.fasterxml.jackson.databind.ser.impl.IndexedListSerializer.serialize(IndexedListSerializer.java:18) ~[jackson-databind-2.14.3.jar:2.14.3]
	at com.fasterxml.jackson.databind.ser.BeanPropertyWriter.serializeAsField(BeanPropertyWriter.java:733) ~[jackson-databind-2.14.3.jar:2.14.3]
	at com.fasterxml.jackson.databind.ser.std.BeanSerializerBase.serializeFields(BeanSerializerBase.java:774) ~[jackson-databind-2.14.3.jar:2.14.3]
	at com.fasterxml.jackson.databind.ser.BeanSerializer.serialize(BeanSerializer.java:178) ~[jackson-databind-2.14.3.jar:2.14.3]
	at com.fasterxml.jackson.databind.ser.BeanPropertyWriter.serializeAsField(BeanPropertyWriter.java:733) ~[jackson-databind-2.14.3.jar:2.14.3]
	at com.fasterxml.jackson.databind.ser.std.BeanSerializerBase.serializeFields(BeanSerializerBase.java:774) ~[jackson-databind-2.14.3.jar:2.14.3]
	at com.fasterxml.jackson.databind.ser.BeanSerializer.serialize(BeanSerializer.java:178) ~[jackson-databind-2.14.3.jar:2.14.3]
	at com.fasterxml.jackson.databind.ser.impl.IndexedListSerializer.serializeContents(IndexedListSerializer.java:119) ~[jackson-databind-2.14.3.jar:2.14.3]
	at com.fasterxml.jackson.databind.ser.impl.IndexedListSerializer.serialize(IndexedListSerializer.java:79) ~[jackson-databind-2.14.3.jar:2.14.3]
	at com.fasterxml.jackson.databind.ser.impl.IndexedListSerializer.serialize(IndexedListSerializer.java:18) ~[jackson-databind-2.14.3.jar:2.14.3]
	at com.fasterxml.jackson.databind.ser.BeanPropertyWriter.serializeAsField(BeanPropertyWriter.java:733) ~[jackson-databind-2.14.3.jar:2.14.3]
	at com.fasterxml.jackson.databind.ser.std.BeanSerializerBase.serializeFields(BeanSerializerBase.java:774) ~[jackson-databind-2.14.3.jar:2.14.3]
	at com.fasterxml.jackson.databind.ser.BeanSerializer.serialize(BeanSerializer.java:178) ~[jackson-databind-2.14.3.jar:2.14.3]
	at com.fasterxml.jackson.databind.ser.BeanPropertyWriter.serializeAsField(BeanPropertyWriter.java:733) ~[jackson-databind-2.14.3.jar:2.14.3]
	at com.fasterxml.jackson.databind.ser.std.BeanSerializerBase.serializeFields(BeanSerializerBase.java:774) ~[jackson-databind-2.14.3.jar:2.14.3]
	at com.fasterxml.jackson.databind.ser.BeanSerializer.serialize(BeanSerializer.java:178) ~[jackson-databind-2.14.3.jar:2.14.3]
	at com.fasterxml.jackson.databind.ser.impl.IndexedListSerializer.serializeContents(IndexedListSerializer.java:119) ~[jackson-databind-2.14.3.jar:2.14.3]
	at com.fasterxml.jackson.databind.ser.impl.IndexedListSerializer.serialize(IndexedListSerializer.java:79) ~[jackson-databind-2.14.3.jar:2.14.3]
	at com.fasterxml.jackson.databind.ser.impl.IndexedListSerializer.serialize(IndexedListSerializer.java:18) ~[jackson-databind-2.14.3.jar:2.14.3]
	at com.fasterxml.jackson.databind.ser.BeanPropertyWriter.serializeAsField(BeanPropertyWriter.java:733) ~[jackson-databind-2.14.3.jar:2.14.3]
	at com.fasterxml.jackson.databind.ser.std.BeanSerializerBase.serializeFields(BeanSerializerBase.java:774) ~[jackson-databind-2.14.3.jar:2.14.3]
	at com.fasterxml.jackson.databind.ser.BeanSerializer.serialize(BeanSerializer.java:178) ~[jackson-databind-2.14.3.jar:2.14.3]
	at com.fasterxml.jackson.databind.ser.BeanPropertyWriter.serializeAsField(BeanPropertyWriter.java:733) ~[jackson-databind-2.14.3.jar:2.14.3]
	at com.fasterxml.jackson.databind.ser.std.BeanSerializerBase.serializeFields(BeanSerializerBase.java:774) ~[jackson-databind-2.14.3.jar:2.14.3]
	at com.fasterxml.jackson.databind.ser.BeanSerializer.serialize(BeanSerializer.java:178) ~[jackson-databind-2.14.3.jar:2.14.3]
	at com.fasterxml.jackson.databind.ser.impl.IndexedListSerializer.serializeContents(IndexedListSerializer.java:119) ~[jackson-databind-2.14.3.jar:2.14.3]
	at com.fasterxml.jackson.databind.ser.impl.IndexedListSerializer.serialize(IndexedListSerializer.java:79) ~[jackson-databind-2.14.3.jar:2.14.3]
	at com.fasterxml.jackson.databind.ser.impl.IndexedListSerializer.serialize(IndexedListSerializer.java:18) ~[jackson-databind-2.14.3.jar:2.14.3]
	at com.fasterxml.jackson.databind.ser.BeanPropertyWriter.serializeAsField(BeanPropertyWriter.java:733) ~[jackson-databind-2.14.3.jar:2.14.3]
	at com.fasterxml.jackson.databind.ser.std.BeanSerializerBase.serializeFields(BeanSerializerBase.java:774) ~[jackson-databind-2.14.3.jar:2.14.3]
	at com.fasterxml.jackson.databind.ser.BeanSerializer.serialize(BeanSerializer.java:178) ~[jackson-databind-2.14.3.jar:2.14.3]
	at com.fasterxml.jackson.databind.ser.BeanPropertyWriter.serializeAsField(BeanPropertyWriter.java:733) ~[jackson-databind-2.14.3.jar:2.14.3]
	at com.fasterxml.jackson.databind.ser.std.BeanSerializerBase.serializeFields(BeanSerializerBase.java:774) ~[jackson-databind-2.14.3.jar:2.14.3]
	at com.fasterxml.jackson.databind.ser.BeanSerializer.serialize(BeanSerializer.java:178) ~[jackson-databind-2.14.3.jar:2.14.3]
	at com.fasterxml.jackson.databind.ser.impl.IndexedListSerializer.serializeContents(IndexedListSerializer.java:119) ~[jackson-databind-2.14.3.jar:2.14.3]
	at com.fasterxml.jackson.databind.ser.impl.IndexedListSerializer.serialize(IndexedListSerializer.java:79) ~[jackson-databind-2.14.3.jar:2.14.3]
	at com.fasterxml.jackson.databind.ser.impl.IndexedListSerializer.serialize(IndexedListSerializer.java:18) ~[jackson-databind-2.14.3.jar:2.14.3]
	at com.fasterxml.jackson.databind.ser.BeanPropertyWriter.serializeAsField(BeanPropertyWriter.java:733) ~[jackson-databind-2.14.3.jar:2.14.3]
	at com.fasterxml.jackson.databind.ser.std.BeanSerializerBase.serializeFields(BeanSerializerBase.java:774) ~[jackson-databind-2.14.3.jar:2.14.3]
	at com.fasterxml.jackson.databind.ser.BeanSerializer.serialize(BeanSerializer.java:178) ~[jackson-databind-2.14.3.jar:2.14.3]
	at com.fasterxml.jackson.databind.ser.BeanPropertyWriter.serializeAsField(BeanPropertyWriter.java:733) ~[jackson-databind-2.14.3.jar:2.14.3]
	at com.fasterxml.jackson.databind.ser.std.BeanSerializerBase.serializeFields(BeanSerializerBase.java:774) ~[jackson-databind-2.14.3.jar:2.14.3]
	at com.fasterxml.jackson.databind.ser.BeanSerializer.serialize(BeanSerializer.java:178) ~[jackson-databind-2.14.3.jar:2.14.3]
	at com.fasterxml.jackson.databind.ser.impl.IndexedListSerializer.serializeContents(IndexedListSerializer.java:119) ~[jackson-databind-2.14.3.jar:2.14.3]
	at com.fasterxml.jackson.databind.ser.impl.IndexedListSerializer.serialize(IndexedListSerializer.java:79) ~[jackson-databind-2.14.3.jar:2.14.3]
	at com.fasterxml.jackson.databind.ser.impl.IndexedListSerializer.serialize(IndexedListSerializer.java:18) ~[jackson-databind-2.14.3.jar:2.14.3]
	at com.fasterxml.jackson.databind.ser.BeanPropertyWriter.serializeAsField(BeanPropertyWriter.java:733) ~[jackson-databind-2.14.3.jar:2.14.3]
	at com.fasterxml.jackson.databind.ser.std.BeanSerializerBase.serializeFields(BeanSerializerBase.java:774) ~[jackson-databind-2.14.3.jar:2.14.3]
	at com.fasterxml.jackson.databind.ser.BeanSerializer.serialize(BeanSerializer.java:178) ~[jackson-databind-2.14.3.jar:2.14.3]
	at com.fasterxml.jackson.databind.ser.BeanPropertyWriter.serializeAsField(BeanPropertyWriter.java:733) ~[jackson-databind-2.14.3.jar:2.14.3]
	at com.fasterxml.jackson.databind.ser.std.BeanSerializerBase.serializeFields(BeanSerializerBase.java:774) ~[jackson-databind-2.14.3.jar:2.14.3]
	at com.fasterxml.jackson.databind.ser.BeanSerializer.serialize(BeanSerializer.java:178) ~[jackson-databind-2.14.3.jar:2.14.3]
	at com.fasterxml.jackson.databind.ser.impl.IndexedListSerializer.serializeContents(IndexedListSerializer.java:119) ~[jackson-databind-2.14.3.jar:2.14.3]
	at com.fasterxml.jackson.databind.ser.impl.IndexedListSerializer.serialize(IndexedListSerializer.java:79) ~[jackson-databind-2.14.3.jar:2.14.3]
	at com.fasterxml.jackson.databind.ser.impl.IndexedListSerializer.serialize(IndexedListSerializer.java:18) ~[jackson-databind-2.14.3.jar:2.14.3]
	at com.fasterxml.jackson.databind.ser.BeanPropertyWriter.serializeAsField(BeanPropertyWriter.java:733) ~[jackson-databind-2.14.3.jar:2.14.3]
	at com.fasterxml.jackson.databind.ser.std.BeanSerializerBase.serializeFields(BeanSerializerBase.java:774) ~[jackson-databind-2.14.3.jar:2.14.3]
	at com.fasterxml.jackson.databind.ser.BeanSerializer.serialize(BeanSerializer.java:178) ~[jackson-databind-2.14.3.jar:2.14.3]
	at com.fasterxml.jackson.databind.ser.BeanPropertyWriter.serializeAsField(BeanPropertyWriter.java:733) ~[jackson-databind-2.14.3.jar:2.14.3]
	at com.fasterxml.jackson.databind.ser.std.BeanSerializerBase.serializeFields(BeanSerializerBase.java:774) ~[jackson-databind-2.14.3.jar:2.14.3]
	at com.fasterxml.jackson.databind.ser.BeanSerializer.serialize(BeanSerializer.java:178) ~[jackson-databind-2.14.3.jar:2.14.3]
	at com.fasterxml.jackson.databind.ser.impl.IndexedListSerializer.serializeContents(IndexedListSerializer.java:119) ~[jackson-databind-2.14.3.jar:2.14.3]
	at com.fasterxml.jackson.databind.ser.impl.IndexedListSerializer.serialize(IndexedListSerializer.java:79) ~[jackson-databind-2.14.3.jar:2.14.3]
	at com.fasterxml.jackson.databind.ser.impl.IndexedListSerializer.serialize(IndexedListSerializer.java:18) ~[jackson-databind-2.14.3.jar:2.14.3]
	at com.fasterxml.jackson.databind.ser.BeanPropertyWriter.serializeAsField(BeanPropertyWriter.java:733) ~[jackson-databind-2.14.3.jar:2.14.3]
	at com.fasterxml.jackson.databind.ser.std.BeanSerializerBase.serializeFields(BeanSerializerBase.java:774) ~[jackson-databind-2.14.3.jar:2.14.3]
	at com.fasterxml.jackson.databind.ser.BeanSerializer.serialize(BeanSerializer.java:178) ~[jackson-databind-2.14.3.jar:2.14.3]
	at com.fasterxml.jackson.databind.ser.BeanPropertyWriter.serializeAsField(BeanPropertyWriter.java:733) ~[jackson-databind-2.14.3.jar:2.14.3]
	at com.fasterxml.jackson.databind.ser.std.BeanSerializerBase.serializeFields(BeanSerializerBase.java:774) ~[jackson-databind-2.14.3.jar:2.14.3]
	at com.fasterxml.jackson.databind.ser.BeanSerializer.serialize(BeanSerializer.java:178) ~[jackson-databind-2.14.3.jar:2.14.3]
	at com.fasterxml.jackson.databind.ser.impl.IndexedListSerializer.serializeContents(IndexedListSerializer.java:119) ~[jackson-databind-2.14.3.jar:2.14.3]
	at com.fasterxml.jackson.databind.ser.impl.IndexedListSerializer.serialize(IndexedListSerializer.java:79) ~[jackson-databind-2.14.3.jar:2.14.3]
	at com.fasterxml.jackson.databind.ser.impl.IndexedListSerializer.serialize(IndexedListSerializer.java:18) ~[jackson-databind-2.14.3.jar:2.14.3]
	at com.fasterxml.jackson.databind.ser.BeanPropertyWriter.serializeAsField(BeanPropertyWriter.java:733) ~[jackson-databind-2.14.3.jar:2.14.3]
	at com.fasterxml.jackson.databind.ser.std.BeanSerializerBase.serializeFields(BeanSerializerBase.java:774) ~[jackson-databind-2.14.3.jar:2.14.3]
	at com.fasterxml.jackson.databind.ser.BeanSerializer.serialize(BeanSerializer.java:178) ~[jackson-databind-2.14.3.jar:2.14.3]
	at com.fasterxml.jackson.databind.ser.BeanPropertyWriter.serializeAsField(BeanPropertyWriter.java:733) ~[jackson-databind-2.14.3.jar:2.14.3]
	at com.fasterxml.jackson.databind.ser.std.BeanSerializerBase.serializeFields(BeanSerializerBase.java:774) ~[jackson-databind-2.14.3.jar:2.14.3]
	at com.fasterxml.jackson.databind.ser.BeanSerializer.serialize(BeanSerializer.java:178) ~[jackson-databind-2.14.3.jar:2.14.3]
	at com.fasterxml.jackson.databind.ser.impl.IndexedListSerializer.serializeContents(IndexedListSerializer.java:119) ~[jackson-databind-2.14.3.jar:2.14.3]
	at com.fasterxml.jackson.databind.ser.impl.IndexedListSerializer.serialize(IndexedListSerializer.java:79) ~[jackson-databind-2.14.3.jar:2.14.3]
	at com.fasterxml.jackson.databind.ser.impl.IndexedListSerializer.serialize(IndexedListSerializer.java:18) ~[jackson-databind-2.14.3.jar:2.14.3]
	at com.fasterxml.jackson.databind.ser.BeanPropertyWriter.serializeAsField(BeanPropertyWriter.java:733) ~[jackson-databind-2.14.3.jar:2.14.3]
	at com.fasterxml.jackson.databind.ser.std.BeanSerializerBase.serializeFields(BeanSerializerBase.java:774) ~[jackson-databind-2.14.3.jar:2.14.3]
	at com.fasterxml.jackson.databind.ser.BeanSerializer.serialize(BeanSerializer.java:178) ~[jackson-databind-2.14.3.jar:2.14.3]
	at com.fasterxml.jackson.databind.ser.BeanPropertyWriter.serializeAsField(BeanPropertyWriter.java:733) ~[jackson-databind-2.14.3.jar:2.14.3]
	at com.fasterxml.jackson.databind.ser.std.BeanSerializerBase.serializeFields(BeanSerializerBase.java:774) ~[jackson-databind-2.14.3.jar:2.14.3]
	at com.fasterxml.jackson.databind.ser.BeanSerializer.serialize(BeanSerializer.java:178) ~[jackson-databind-2.14.3.jar:2.14.3]
	at com.fasterxml.jackson.databind.ser.impl.IndexedListSerializer.serializeContents(IndexedListSerializer.java:119) ~[jackson-databind-2.14.3.jar:2.14.3]
	at com.fasterxml.jackson.databind.ser.impl.IndexedListSerializer.serialize(IndexedListSerializer.java:79) ~[jackson-databind-2.14.3.jar:2.14.3]
	at com.fasterxml.jackson.databind.ser.impl.IndexedListSerializer.serialize(IndexedListSerializer.java:18) ~[jackson-databind-2.14.3.jar:2.14.3]
	at com.fasterxml.jackson.databind.ser.BeanPropertyWriter.serializeAsField(BeanPropertyWriter.java:733) ~[jackson-databind-2.14.3.jar:2.14.3]
	at com.fasterxml.jackson.databind.ser.std.BeanSerializerBase.serializeFields(BeanSerializerBase.java:774) ~[jackson-databind-2.14.3.jar:2.14.3]
	at com.fasterxml.jackson.databind.ser.BeanSerializer.serialize(BeanSerializer.java:178) ~[jackson-databind-2.14.3.jar:2.14.3]
	at com.fasterxml.jackson.databind.ser.BeanPropertyWriter.serializeAsField(BeanPropertyWriter.java:733) ~[jackson-databind-2.14.3.jar:2.14.3]
	at com.fasterxml.jackson.databind.ser.std.BeanSerializerBase.serializeFields(BeanSerializerBase.java:774) ~[jackson-databind-2.14.3.jar:2.14.3]
	at com.fasterxml.jackson.databind.ser.BeanSerializer.serialize(BeanSerializer.java:178) ~[jackson-databind-2.14.3.jar:2.14.3]
	at com.fasterxml.jackson.databind.ser.impl.IndexedListSerializer.serializeContents(IndexedListSerializer.java:119) ~[jackson-databind-2.14.3.jar:2.14.3]
	at com.fasterxml.jackson.databind.ser.impl.IndexedListSerializer.serialize(IndexedListSerializer.java:79) ~[jackson-databind-2.14.3.jar:2.14.3]
	at com.fasterxml.jackson.databind.ser.impl.IndexedListSerializer.serialize(IndexedListSerializer.java:18) ~[jackson-databind-2.14.3.jar:2.14.3]
	at com.fasterxml.jackson.databind.ser.BeanPropertyWriter.serializeAsField(BeanPropertyWriter.java:733) ~[jackson-databind-2.14.3.jar:2.14.3]
	at com.fasterxml.jackson.databind.ser.std.BeanSerializerBase.serializeFields(BeanSerializerBase.java:774) ~[jackson-databind-2.14.3.jar:2.14.3]
	at com.fasterxml.jackson.databind.ser.BeanSerializer.serialize(BeanSerializer.java:178) ~[jackson-databind-2.14.3.jar:2.14.3]
	at com.fasterxml.jackson.databind.ser.BeanPropertyWriter.serializeAsField(BeanPropertyWriter.java:733) ~[jackson-databind-2.14.3.jar:2.14.3]
	at com.fasterxml.jackson.databind.ser.std.BeanSerializerBase.serializeFields(BeanSerializerBase.java:774) ~[jackson-databind-2.14.3.jar:2.14.3]
	at com.fasterxml.jackson.databind.ser.BeanSerializer.serialize(BeanSerializer.java:178) ~[jackson-databind-2.14.3.jar:2.14.3]
	at com.fasterxml.jackson.databind.ser.impl.IndexedListSerializer.serializeContents(IndexedListSerializer.java:119) ~[jackson-databind-2.14.3.jar:2.14.3]
	at com.fasterxml.jackson.databind.ser.impl.IndexedListSerializer.serialize(IndexedListSerializer.java:79) ~[jackson-databind-2.14.3.jar:2.14.3]
	at com.fasterxml.jackson.databind.ser.impl.IndexedListSerializer.serialize(IndexedListSerializer.java:18) ~[jackson-databind-2.14.3.jar:2.14.3]
	at com.fasterxml.jackson.databind.ser.BeanPropertyWriter.serializeAsField(BeanPropertyWriter.java:733) ~[jackson-databind-2.14.3.jar:2.14.3]
	at com.fasterxml.jackson.databind.ser.std.BeanSerializerBase.serializeFields(BeanSerializerBase.java:774) ~[jackson-databind-2.14.3.jar:2.14.3]
	at com.fasterxml.jackson.databind.ser.BeanSerializer.serialize(BeanSerializer.java:178) ~[jackson-databind-2.14.3.jar:2.14.3]
	at com.fasterxml.jackson.databind.ser.BeanPropertyWriter.serializeAsField(BeanPropertyWriter.java:733) ~[jackson-databind-2.14.3.jar:2.14.3]
	at com.fasterxml.jackson.databind.ser.std.BeanSerializerBase.serializeFields(BeanSerializerBase.java:774) ~[jackson-databind-2.14.3.jar:2.14.3]
	at com.fasterxml.jackson.databind.ser.BeanSerializer.serialize(BeanSerializer.java:178) ~[jackson-databind-2.14.3.jar:2.14.3]
	at com.fasterxml.jackson.databind.ser.impl.IndexedListSerializer.serializeContents(IndexedListSerializer.java:119) ~[jackson-databind-2.14.3.jar:2.14.3]
	at com.fasterxml.jackson.databind.ser.impl.IndexedListSerializer.serialize(IndexedListSerializer.java:79) ~[jackson-databind-2.14.3.jar:2.14.3]
	at com.fasterxml.jackson.databind.ser.impl.IndexedListSerializer.serialize(IndexedListSerializer.java:18) ~[jackson-databind-2.14.3.jar:2.14.3]
	at com.fasterxml.jackson.databind.ser.BeanPropertyWriter.serializeAsField(BeanPropertyWriter.java:733) ~[jackson-databind-2.14.3.jar:2.14.3]
	at com.fasterxml.jackson.databind.ser.std.BeanSerializerBase.serializeFields(BeanSerializerBase.java:774) ~[jackson-databind-2.14.3.jar:2.14.3]
	at com.fasterxml.jackson.databind.ser.BeanSerializer.serialize(BeanSerializer.java:178) ~[jackson-databind-2.14.3.jar:2.14.3]
	at com.fasterxml.jackson.databind.ser.BeanPropertyWriter.serializeAsField(BeanPropertyWriter.java:733) ~[jackson-databind-2.14.3.jar:2.14.3]
	at com.fasterxml.jackson.databind.ser.std.BeanSerializerBase.serializeFields(BeanSerializerBase.java:774) ~[jackson-databind-2.14.3.jar:2.14.3]
	at com.fasterxml.jackson.databind.ser.BeanSerializer.serialize(BeanSerializer.java:178) ~[jackson-databind-2.14.3.jar:2.14.3]
	at com.fasterxml.jackson.databind.ser.impl.IndexedListSerializer.serializeContents(IndexedListSerializer.java:119) ~[jackson-databind-2.14.3.jar:2.14.3]
	at com.fasterxml.jackson.databind.ser.impl.IndexedListSerializer.serialize(IndexedListSerializer.java:79) ~[jackson-databind-2.14.3.jar:2.14.3]
	at com.fasterxml.jackson.databind.ser.impl.IndexedListSerializer.serialize(IndexedListSerializer.java:18) ~[jackson-databind-2.14.3.jar:2.14.3]
	at com.fasterxml.jackson.databind.ser.BeanPropertyWriter.serializeAsField(BeanPropertyWriter.java:733) ~[jackson-databind-2.14.3.jar:2.14.3]
	at com.fasterxml.jackson.databind.ser.std.BeanSerializerBase.serializeFields(BeanSerializerBase.java:774) ~[jackson-databind-2.14.3.jar:2.14.3]
	at com.fasterxml.jackson.databind.ser.BeanSerializer.serialize(BeanSerializer.java:178) ~[jackson-databind-2.14.3.jar:2.14.3]
	at com.fasterxml.jackson.databind.ser.BeanPropertyWriter.serializeAsField(BeanPropertyWriter.java:733) ~[jackson-databind-2.14.3.jar:2.14.3]
	at com.fasterxml.jackson.databind.ser.std.BeanSerializerBase.serializeFields(BeanSerializerBase.java:774) ~[jackson-databind-2.14.3.jar:2.14.3]
	at com.fasterxml.jackson.databind.ser.BeanSerializer.serialize(BeanSerializer.java:178) ~[jackson-databind-2.14.3.jar:2.14.3]
	at com.fasterxml.jackson.databind.ser.impl.IndexedListSerializer.serializeContents(IndexedListSerializer.java:119) ~[jackson-databind-2.14.3.jar:2.14.3]
	at com.fasterxml.jackson.databind.ser.impl.IndexedListSerializer.serialize(IndexedListSerializer.java:79) ~[jackson-databind-2.14.3.jar:2.14.3]
	at com.fasterxml.jackson.databind.ser.impl.IndexedListSerializer.serialize(IndexedListSerializer.java:18) ~[jackson-databind-2.14.3.jar:2.14.3]
	at com.fasterxml.jackson.databind.ser.BeanPropertyWriter.serializeAsField(BeanPropertyWriter.java:733) ~[jackson-databind-2.14.3.jar:2.14.3]
	at com.fasterxml.jackson.databind.ser.std.BeanSerializerBase.serializeFields(BeanSerializerBase.java:774) ~[jackson-databind-2.14.3.jar:2.14.3]
	at com.fasterxml.jackson.databind.ser.BeanSerializer.serialize(BeanSerializer.java:178) ~[jackson-databind-2.14.3.jar:2.14.3]
	at com.fasterxml.jackson.databind.ser.BeanPropertyWriter.serializeAsField(BeanPropertyWriter.java:733) ~[jackson-databind-2.14.3.jar:2.14.3]
	at com.fasterxml.jackson.databind.ser.std.BeanSerializerBase.serializeFields(BeanSerializerBase.java:774) ~[jackson-databind-2.14.3.jar:2.14.3]
	at com.fasterxml.jackson.databind.ser.BeanSerializer.serialize(BeanSerializer.java:178) ~[jackson-databind-2.14.3.jar:2.14.3]
	at com.fasterxml.jackson.databind.ser.impl.IndexedListSerializer.serializeContents(IndexedListSerializer.java:119) ~[jackson-databind-2.14.3.jar:2.14.3]
	at com.fasterxml.jackson.databind.ser.impl.IndexedListSerializer.serialize(IndexedListSerializer.java:79) ~[jackson-databind-2.14.3.jar:2.14.3]
	at com.fasterxml.jackson.databind.ser.impl.IndexedListSerializer.serialize(IndexedListSerializer.java:18) ~[jackson-databind-2.14.3.jar:2.14.3]
	at com.fasterxml.jackson.databind.ser.BeanPropertyWriter.serializeAsField(BeanPropertyWriter.java:733) ~[jackson-databind-2.14.3.jar:2.14.3]
	at com.fasterxml.jackson.databind.ser.std.BeanSerializerBase.serializeFields(BeanSerializerBase.java:774) ~[jackson-databind-2.14.3.jar:2.14.3]
	at com.fasterxml.jackson.databind.ser.BeanSerializer.serialize(BeanSerializer.java:178) ~[jackson-databind-2.14.3.jar:2.14.3]
	at com.fasterxml.jackson.databind.ser.BeanPropertyWriter.serializeAsField(BeanPropertyWriter.java:733) ~[jackson-databind-2.14.3.jar:2.14.3]
	at com.fasterxml.jackson.databind.ser.std.BeanSerializerBase.serializeFields(BeanSerializerBase.java:774) ~[jackson-databind-2.14.3.jar:2.14.3]
	at com.fasterxml.jackson.databind.ser.BeanSerializer.serialize(BeanSerializer.java:178) ~[jackson-databind-2.14.3.jar:2.14.3]
	at com.fasterxml.jackson.databind.ser.impl.IndexedListSerializer.serializeContents(IndexedListSerializer.java:119) ~[jackson-databind-2.14.3.jar:2.14.3]
	at com.fasterxml.jackson.databind.ser.impl.IndexedListSerializer.serialize(IndexedListSerializer.java:79) ~[jackson-databind-2.14.3.jar:2.14.3]
	at com.fasterxml.jackson.databind.ser.impl.IndexedListSerializer.serialize(IndexedListSerializer.java:18) ~[jackson-databind-2.14.3.jar:2.14.3]
	at com.fasterxml.jackson.databind.ser.BeanPropertyWriter.serializeAsField(BeanPropertyWriter.java:733) ~[jackson-databind-2.14.3.jar:2.14.3]
	at com.fasterxml.jackson.databind.ser.std.BeanSerializerBase.serializeFields(BeanSerializerBase.java:774) ~[jackson-databind-2.14.3.jar:2.14.3]
	at com.fasterxml.jackson.databind.ser.BeanSerializer.serialize(BeanSerializer.java:178) ~[jackson-databind-2.14.3.jar:2.14.3]
	at com.fasterxml.jackson.databind.ser.BeanPropertyWriter.serializeAsField(BeanPropertyWriter.java:733) ~[jackson-databind-2.14.3.jar:2.14.3]
	at com.fasterxml.jackson.databind.ser.std.BeanSerializerBase.serializeFields(BeanSerializerBase.java:774) ~[jackson-databind-2.14.3.jar:2.14.3]
	at com.fasterxml.jackson.databind.ser.BeanSerializer.serialize(BeanSerializer.java:178) ~[jackson-databind-2.14.3.jar:2.14.3]
	at com.fasterxml.jackson.databind.ser.impl.IndexedListSerializer.serializeContents(IndexedListSerializer.java:119) ~[jackson-databind-2.14.3.jar:2.14.3]
	at com.fasterxml.jackson.databind.ser.impl.IndexedListSerializer.serialize(IndexedListSerializer.java:79) ~[jackson-databind-2.14.3.jar:2.14.3]
	at com.fasterxml.jackson.databind.ser.impl.IndexedListSerializer.serialize(IndexedListSerializer.java:18) ~[jackson-databind-2.14.3.jar:2.14.3]
	at com.fasterxml.jackson.databind.ser.BeanPropertyWriter.serializeAsField(BeanPropertyWriter.java:733) ~[jackson-databind-2.14.3.jar:2.14.3]
	at com.fasterxml.jackson.databind.ser.std.BeanSerializerBase.serializeFields(BeanSerializerBase.java:774) ~[jackson-databind-2.14.3.jar:2.14.3]
	at com.fasterxml.jackson.databind.ser.BeanSerializer.serialize(BeanSerializer.java:178) ~[jackson-databind-2.14.3.jar:2.14.3]
	at com.fasterxml.jackson.databind.ser.BeanPropertyWriter.serializeAsField(BeanPropertyWriter.java:733) ~[jackson-databind-2.14.3.jar:2.14.3]
	at com.fasterxml.jackson.databind.ser.std.BeanSerializerBase.serializeFields(BeanSerializerBase.java:774) ~[jackson-databind-2.14.3.jar:2.14.3]
	at com.fasterxml.jackson.databind.ser.BeanSerializer.serialize(BeanSerializer.java:178) ~[jackson-databind-2.14.3.jar:2.14.3]
	at com.fasterxml.jackson.databind.ser.impl.IndexedListSerializer.serializeContents(IndexedListSerializer.java:119) ~[jackson-databind-2.14.3.jar:2.14.3]
	at com.fasterxml.jackson.databind.ser.impl.IndexedListSerializer.serialize(IndexedListSerializer.java:79) ~[jackson-databind-2.14.3.jar:2.14.3]
	at com.fasterxml.jackson.databind.ser.impl.IndexedListSerializer.serialize(IndexedListSerializer.java:18) ~[jackson-databind-2.14.3.jar:2.14.3]
	at com.fasterxml.jackson.databind.ser.BeanPropertyWriter.serializeAsField(BeanPropertyWriter.java:733) ~[jackson-databind-2.14.3.jar:2.14.3]
	at com.fasterxml.jackson.databind.ser.std.BeanSerializerBase.serializeFields(BeanSerializerBase.java:774) ~[jackson-databind-2.14.3.jar:2.14.3]
	at com.fasterxml.jackson.databind.ser.BeanSerializer.serialize(BeanSerializer.java:178) ~[jackson-databind-2.14.3.jar:2.14.3]
	at com.fasterxml.jackson.databind.ser.BeanPropertyWriter.serializeAsField(BeanPropertyWriter.java:733) ~[jackson-databind-2.14.3.jar:2.14.3]
	at com.fasterxml.jackson.databind.ser.std.BeanSerializerBase.serializeFields(BeanSerializerBase.java:774) ~[jackson-databind-2.14.3.jar:2.14.3]
	at com.fasterxml.jackson.databind.ser.BeanSerializer.serialize(BeanSerializer.java:178) ~[jackson-databind-2.14.3.jar:2.14.3]
	at com.fasterxml.jackson.databind.ser.impl.IndexedListSerializer.serializeContents(IndexedListSerializer.java:119) ~[jackson-databind-2.14.3.jar:2.14.3]
	at com.fasterxml.jackson.databind.ser.impl.IndexedListSerializer.serialize(IndexedListSerializer.java:79) ~[jackson-databind-2.14.3.jar:2.14.3]
	at com.fasterxml.jackson.databind.ser.impl.IndexedListSerializer.serialize(IndexedListSerializer.java:18) ~[jackson-databind-2.14.3.jar:2.14.3]
	at com.fasterxml.jackson.databind.ser.BeanPropertyWriter.serializeAsField(BeanPropertyWriter.java:733) ~[jackson-databind-2.14.3.jar:2.14.3]
	at com.fasterxml.jackson.databind.ser.std.BeanSerializerBase.serializeFields(BeanSerializerBase.java:774) ~[jackson-databind-2.14.3.jar:2.14.3]
	at com.fasterxml.jackson.databind.ser.BeanSerializer.serialize(BeanSerializer.java:178) ~[jackson-databind-2.14.3.jar:2.14.3]
	at com.fasterxml.jackson.databind.ser.BeanPropertyWriter.serializeAsField(BeanPropertyWriter.java:733) ~[jackson-databind-2.14.3.jar:2.14.3]
	at com.fasterxml.jackson.databind.ser.std.BeanSerializerBase.serializeFields(BeanSerializerBase.java:774) ~[jackson-databind-2.14.3.jar:2.14.3]
	at com.fasterxml.jackson.databind.ser.BeanSerializer.serialize(BeanSerializer.java:178) ~[jackson-databind-2.14.3.jar:2.14.3]
	at com.fasterxml.jackson.databind.ser.impl.IndexedListSerializer.serializeContents(IndexedListSerializer.java:119) ~[jackson-databind-2.14.3.jar:2.14.3]
	at com.fasterxml.jackson.databind.ser.impl.IndexedListSerializer.serialize(IndexedListSerializer.java:79) ~[jackson-databind-2.14.3.jar:2.14.3]
	at com.fasterxml.jackson.databind.ser.impl.IndexedListSerializer.serialize(IndexedListSerializer.java:18) ~[jackson-databind-2.14.3.jar:2.14.3]
	at com.fasterxml.jackson.databind.ser.BeanPropertyWriter.serializeAsField(BeanPropertyWriter.java:733) ~[jackson-databind-2.14.3.jar:2.14.3]
	at com.fasterxml.jackson.databind.ser.std.BeanSerializerBase.serializeFields(BeanSerializerBase.java:774) ~[jackson-databind-2.14.3.jar:2.14.3]
	at com.fasterxml.jackson.databind.ser.BeanSerializer.serialize(BeanSerializer.java:178) ~[jackson-databind-2.14.3.jar:2.14.3]
	at com.fasterxml.jackson.databind.ser.BeanPropertyWriter.serializeAsField(BeanPropertyWriter.java:733) ~[jackson-databind-2.14.3.jar:2.14.3]
	at com.fasterxml.jackson.databind.ser.std.BeanSerializerBase.serializeFields(BeanSerializerBase.java:774) ~[jackson-databind-2.14.3.jar:2.14.3]
	at com.fasterxml.jackson.databind.ser.BeanSerializer.serialize(BeanSerializer.java:178) ~[jackson-databind-2.14.3.jar:2.14.3]
	at com.fasterxml.jackson.databind.ser.impl.IndexedListSerializer.serializeContents(IndexedListSerializer.java:119) ~[jackson-databind-2.14.3.jar:2.14.3]
	at com.fasterxml.jackson.databind.ser.impl.IndexedListSerializer.serialize(IndexedListSerializer.java:79) ~[jackson-databind-2.14.3.jar:2.14.3]
	at com.fasterxml.jackson.databind.ser.impl.IndexedListSerializer.serialize(IndexedListSerializer.java:18) ~[jackson-databind-2.14.3.jar:2.14.3]
	at com.fasterxml.jackson.databind.ser.BeanPropertyWriter.serializeAsField(BeanPropertyWriter.java:733) ~[jackson-databind-2.14.3.jar:2.14.3]
	at com.fasterxml.jackson.databind.ser.std.BeanSerializerBase.serializeFields(BeanSerializerBase.java:774) ~[jackson-databind-2.14.3.jar:2.14.3]
	at com.fasterxml.jackson.databind.ser.BeanSerializer.serialize(BeanSerializer.java:178) ~[jackson-databind-2.14.3.jar:2.14.3]
	at com.fasterxml.jackson.databind.ser.BeanPropertyWriter.serializeAsField(BeanPropertyWriter.java:733) ~[jackson-databind-2.14.3.jar:2.14.3]
	at com.fasterxml.jackson.databind.ser.std.BeanSerializerBase.serializeFields(BeanSerializerBase.java:774) ~[jackson-databind-2.14.3.jar:2.14.3]
	at com.fasterxml.jackson.databind.ser.BeanSerializer.serialize(BeanSerializer.java:178) ~[jackson-databind-2.14.3.jar:2.14.3]
	at com.fasterxml.jackson.databind.ser.impl.IndexedListSerializer.serializeContents(IndexedListSerializer.java:119) ~[jackson-databind-2.14.3.jar:2.14.3]
	at com.fasterxml.jackson.databind.ser.impl.IndexedListSerializer.serialize(IndexedListSerializer.java:79) ~[jackson-databind-2.14.3.jar:2.14.3]
	at com.fasterxml.jackson.databind.ser.impl.IndexedListSerializer.serialize(IndexedListSerializer.java:18) ~[jackson-databind-2.14.3.jar:2.14.3]
	at com.fasterxml.jackson.databind.ser.BeanPropertyWriter.serializeAsField(BeanPropertyWriter.java:733) ~[jackson-databind-2.14.3.jar:2.14.3]
	at com.fasterxml.jackson.databind.ser.std.BeanSerializerBase.serializeFields(BeanSerializerBase.java:774) ~[jackson-databind-2.14.3.jar:2.14.3]
	at com.fasterxml.jackson.databind.ser.BeanSerializer.serialize(BeanSerializer.java:178) ~[jackson-databind-2.14.3.jar:2.14.3]
	at com.fasterxml.jackson.databind.ser.BeanPropertyWriter.serializeAsField(BeanPropertyWriter.java:733) ~[jackson-databind-2.14.3.jar:2.14.3]
	at com.fasterxml.jackson.databind.ser.std.BeanSerializerBase.serializeFields(BeanSerializerBase.java:774) ~[jackson-databind-2.14.3.jar:2.14.3]
	at com.fasterxml.jackson.databind.ser.BeanSerializer.serialize(BeanSerializer.java:178) ~[jackson-databind-2.14.3.jar:2.14.3]
	at com.fasterxml.jackson.databind.ser.impl.IndexedListSerializer.serializeContents(IndexedListSerializer.java:119) ~[jackson-databind-2.14.3.jar:2.14.3]
	at com.fasterxml.jackson.databind.ser.impl.IndexedListSerializer.serialize(IndexedListSerializer.java:79) ~[jackson-databind-2.14.3.jar:2.14.3]
	at com.fasterxml.jackson.databind.ser.impl.IndexedListSerializer.serialize(IndexedListSerializer.java:18) ~[jackson-databind-2.14.3.jar:2.14.3]
	at com.fasterxml.jackson.databind.ser.BeanPropertyWriter.serializeAsField(BeanPropertyWriter.java:733) ~[jackson-databind-2.14.3.jar:2.14.3]
	at com.fasterxml.jackson.databind.ser.std.BeanSerializerBase.serializeFields(BeanSerializerBase.java:774) ~[jackson-databind-2.14.3.jar:2.14.3]
	at com.fasterxml.jackson.databind.ser.BeanSerializer.serialize(BeanSerializer.java:178) ~[jackson-databind-2.14.3.jar:2.14.3]
	at com.fasterxml.jackson.databind.ser.BeanPropertyWriter.serializeAsField(BeanPropertyWriter.java:733) ~[jackson-databind-2.14.3.jar:2.14.3]
	at com.fasterxml.jackson.databind.ser.std.BeanSerializerBase.serializeFields(BeanSerializerBase.java:774) ~[jackson-databind-2.14.3.jar:2.14.3]
	at com.fasterxml.jackson.databind.ser.BeanSerializer.serialize(BeanSerializer.java:178) ~[jackson-databind-2.14.3.jar:2.14.3]
	at com.fasterxml.jackson.databind.ser.impl.IndexedListSerializer.serializeContents(IndexedListSerializer.java:119) ~[jackson-databind-2.14.3.jar:2.14.3]
	at com.fasterxml.jackson.databind.ser.impl.IndexedListSerializer.serialize(IndexedListSerializer.java:79) ~[jackson-databind-2.14.3.jar:2.14.3]
	at com.fasterxml.jackson.databind.ser.impl.IndexedListSerializer.serialize(IndexedListSerializer.java:18) ~[jackson-databind-2.14.3.jar:2.14.3]
	at com.fasterxml.jackson.databind.ser.BeanPropertyWriter.serializeAsField(BeanPropertyWriter.java:733) ~[jackson-databind-2.14.3.jar:2.14.3]
	at com.fasterxml.jackson.databind.ser.std.BeanSerializerBase.serializeFields(BeanSerializerBase.java:774) ~[jackson-databind-2.14.3.jar:2.14.3]
	at com.fasterxml.jackson.databind.ser.BeanSerializer.serialize(BeanSerializer.java:178) ~[jackson-databind-2.14.3.jar:2.14.3]
	at com.fasterxml.jackson.databind.ser.BeanPropertyWriter.serializeAsField(BeanPropertyWriter.java:733) ~[jackson-databind-2.14.3.jar:2.14.3]
	at com.fasterxml.jackson.databind.ser.std.BeanSerializerBase.serializeFields(BeanSerializerBase.java:774) ~[jackson-databind-2.14.3.jar:2.14.3]
	at com.fasterxml.jackson.databind.ser.BeanSerializer.serialize(BeanSerializer.java:178) ~[jackson-databind-2.14.3.jar:2.14.3]
	at com.fasterxml.jackson.databind.ser.impl.IndexedListSerializer.serializeContents(IndexedListSerializer.java:119) ~[jackson-databind-2.14.3.jar:2.14.3]
	at com.fasterxml.jackson.databind.ser.impl.IndexedListSerializer.serialize(IndexedListSerializer.java:79) ~[jackson-databind-2.14.3.jar:2.14.3]
	at com.fasterxml.jackson.databind.ser.impl.IndexedListSerializer.serialize(IndexedListSerializer.java:18) ~[jackson-databind-2.14.3.jar:2.14.3]
	at com.fasterxml.jackson.databind.ser.BeanPropertyWriter.serializeAsField(BeanPropertyWriter.java:733) ~[jackson-databind-2.14.3.jar:2.14.3]
	at com.fasterxml.jackson.databind.ser.std.BeanSerializerBase.serializeFields(BeanSerializerBase.java:774) ~[jackson-databind-2.14.3.jar:2.14.3]
	at com.fasterxml.jackson.databind.ser.BeanSerializer.serialize(BeanSerializer.java:178) ~[jackson-databind-2.14.3.jar:2.14.3]
	at com.fasterxml.jackson.databind.ser.BeanPropertyWriter.serializeAsField(BeanPropertyWriter.java:733) ~[jackson-databind-2.14.3.jar:2.14.3]
	at com.fasterxml.jackson.databind.ser.std.BeanSerializerBase.serializeFields(BeanSerializerBase.java:774) ~[jackson-databind-2.14.3.jar:2.14.3]
	at com.fasterxml.jackson.databind.ser.BeanSerializer.serialize(BeanSerializer.java:178) ~[jackson-databind-2.14.3.jar:2.14.3]
	at com.fasterxml.jackson.databind.ser.impl.IndexedListSerializer.serializeContents(IndexedListSerializer.java:119) ~[jackson-databind-2.14.3.jar:2.14.3]
	at com.fasterxml.jackson.databind.ser.impl.IndexedListSerializer.serialize(IndexedListSerializer.java:79) ~[jackson-databind-2.14.3.jar:2.14.3]
	at com.fasterxml.jackson.databind.ser.impl.IndexedListSerializer.serialize(IndexedListSerializer.java:18) ~[jackson-databind-2.14.3.jar:2.14.3]
	at com.fasterxml.jackson.databind.ser.BeanPropertyWriter.serializeAsField(BeanPropertyWriter.java:733) ~[jackson-databind-2.14.3.jar:2.14.3]
	at com.fasterxml.jackson.databind.ser.std.BeanSerializerBase.serializeFields(BeanSerializerBase.java:774) ~[jackson-databind-2.14.3.jar:2.14.3]
	at com.fasterxml.jackson.databind.ser.BeanSerializer.serialize(BeanSerializer.java:178) ~[jackson-databind-2.14.3.jar:2.14.3]
	at com.fasterxml.jackson.databind.ser.BeanPropertyWriter.serializeAsField(BeanPropertyWriter.java:733) ~[jackson-databind-2.14.3.jar:2.14.3]
	at com.fasterxml.jackson.databind.ser.std.BeanSerializerBase.serializeFields(BeanSerializerBase.java:774) ~[jackson-databind-2.14.3.jar:2.14.3]
	at com.fasterxml.jackson.databind.ser.BeanSerializer.serialize(BeanSerializer.java:178) ~[jackson-databind-2.14.3.jar:2.14.3]
	at com.fasterxml.jackson.databind.ser.impl.IndexedListSerializer.serializeContents(IndexedListSerializer.java:119) ~[jackson-databind-2.14.3.jar:2.14.3]
	at com.fasterxml.jackson.databind.ser.impl.IndexedListSerializer.serialize(IndexedListSerializer.java:79) ~[jackson-databind-2.14.3.jar:2.14.3]
	at com.fasterxml.jackson.databind.ser.impl.IndexedListSerializer.serialize(IndexedListSerializer.java:18) ~[jackson-databind-2.14.3.jar:2.14.3]
	at com.fasterxml.jackson.databind.ser.BeanPropertyWriter.serializeAsField(BeanPropertyWriter.java:733) ~[jackson-databind-2.14.3.jar:2.14.3]
	at com.fasterxml.jackson.databind.ser.std.BeanSerializerBase.serializeFields(BeanSerializerBase.java:774) ~[jackson-databind-2.14.3.jar:2.14.3]
	at com.fasterxml.jackson.databind.ser.BeanSerializer.serialize(BeanSerializer.java:178) ~[jackson-databind-2.14.3.jar:2.14.3]
	at com.fasterxml.jackson.databind.ser.BeanPropertyWriter.serializeAsField(BeanPropertyWriter.java:733) ~[jackson-databind-2.14.3.jar:2.14.3]
	at com.fasterxml.jackson.databind.ser.std.BeanSerializerBase.serializeFields(BeanSerializerBase.java:774) ~[jackson-databind-2.14.3.jar:2.14.3]
	at com.fasterxml.jackson.databind.ser.BeanSerializer.serialize(BeanSerializer.java:178) ~[jackson-databind-2.14.3.jar:2.14.3]
	at com.fasterxml.jackson.databind.ser.impl.IndexedListSerializer.serializeContents(IndexedListSerializer.java:119) ~[jackson-databind-2.14.3.jar:2.14.3]
	at com.fasterxml.jackson.databind.ser.impl.IndexedListSerializer.serialize(IndexedListSerializer.java:79) ~[jackson-databind-2.14.3.jar:2.14.3]
	at com.fasterxml.jackson.databind.ser.impl.IndexedListSerializer.serialize(IndexedListSerializer.java:18) ~[jackson-databind-2.14.3.jar:2.14.3]
	at com.fasterxml.jackson.databind.ser.BeanPropertyWriter.serializeAsField(BeanPropertyWriter.java:733) ~[jackson-databind-2.14.3.jar:2.14.3]
	at com.fasterxml.jackson.databind.ser.std.BeanSerializerBase.serializeFields(BeanSerializerBase.java:774) ~[jackson-databind-2.14.3.jar:2.14.3]
	at com.fasterxml.jackson.databind.ser.BeanSerializer.serialize(BeanSerializer.java:178) ~[jackson-databind-2.14.3.jar:2.14.3]
	at com.fasterxml.jackson.databind.ser.BeanPropertyWriter.serializeAsField(BeanPropertyWriter.java:733) ~[jackson-databind-2.14.3.jar:2.14.3]
	at com.fasterxml.jackson.databind.ser.std.BeanSerializerBase.serializeFields(BeanSerializerBase.java:774) ~[jackson-databind-2.14.3.jar:2.14.3]
	at com.fasterxml.jackson.databind.ser.BeanSerializer.serialize(BeanSerializer.java:178) ~[jackson-databind-2.14.3.jar:2.14.3]
	at com.fasterxml.jackson.databind.ser.impl.IndexedListSerializer.serializeContents(IndexedListSerializer.java:119) ~[jackson-databind-2.14.3.jar:2.14.3]
	at com.fasterxml.jackson.databind.ser.impl.IndexedListSerializer.serialize(IndexedListSerializer.java:79) ~[jackson-databind-2.14.3.jar:2.14.3]
	at com.fasterxml.jackson.databind.ser.impl.IndexedListSerializer.serialize(IndexedListSerializer.java:18) ~[jackson-databind-2.14.3.jar:2.14.3]
	at com.fasterxml.jackson.databind.ser.BeanPropertyWriter.serializeAsField(BeanPropertyWriter.java:733) ~[jackson-databind-2.14.3.jar:2.14.3]
	at com.fasterxml.jackson.databind.ser.std.BeanSerializerBase.serializeFields(BeanSerializerBase.java:774) ~[jackson-databind-2.14.3.jar:2.14.3]
	at com.fasterxml.jackson.databind.ser.BeanSerializer.serialize(BeanSerializer.java:178) ~[jackson-databind-2.14.3.jar:2.14.3]
	at com.fasterxml.jackson.databind.ser.BeanPropertyWriter.serializeAsField(BeanPropertyWriter.java:733) ~[jackson-databind-2.14.3.jar:2.14.3]
	at com.fasterxml.jackson.databind.ser.std.BeanSerializerBase.serializeFields(BeanSerializerBase.java:774) ~[jackson-databind-2.14.3.jar:2.14.3]
	at com.fasterxml.jackson.databind.ser.BeanSerializer.serialize(BeanSerializer.java:178) ~[jackson-databind-2.14.3.jar:2.14.3]
	at com.fasterxml.jackson.databind.ser.impl.IndexedListSerializer.serializeContents(IndexedListSerializer.java:119) ~[jackson-databind-2.14.3.jar:2.14.3]
	at com.fasterxml.jackson.databind.ser.impl.IndexedListSerializer.serialize(IndexedListSerializer.java:79) ~[jackson-databind-2.14.3.jar:2.14.3]
	at com.fasterxml.jackson.databind.ser.impl.IndexedListSerializer.serialize(IndexedListSerializer.java:18) ~[jackson-databind-2.14.3.jar:2.14.3]
	at com.fasterxml.jackson.databind.ser.BeanPropertyWriter.serializeAsField(BeanPropertyWriter.java:733) ~[jackson-databind-2.14.3.jar:2.14.3]
	at com.fasterxml.jackson.databind.ser.std.BeanSerializerBase.serializeFields(BeanSerializerBase.java:774) ~[jackson-databind-2.14.3.jar:2.14.3]
	at com.fasterxml.jackson.databind.ser.BeanSerializer.serialize(BeanSerializer.java:178) ~[jackson-databind-2.14.3.jar:2.14.3]
	at com.fasterxml.jackson.databind.ser.BeanPropertyWriter.serializeAsField(BeanPropertyWriter.java:733) ~[jackson-databind-2.14.3.jar:2.14.3]
	at com.fasterxml.jackson.databind.ser.std.BeanSerializerBase.serializeFields(BeanSerializerBase.java:774) ~[jackson-databind-2.14.3.jar:2.14.3]
	at com.fasterxml.jackson.databind.ser.BeanSerializer.serialize(BeanSerializer.java:178) ~[jackson-databind-2.14.3.jar:2.14.3]
	at com.fasterxml.jackson.databind.ser.impl.IndexedListSerializer.serializeContents(IndexedListSerializer.java:119) ~[jackson-databind-2.14.3.jar:2.14.3]
	at com.fasterxml.jackson.databind.ser.impl.IndexedListSerializer.serialize(IndexedListSerializer.java:79) ~[jackson-databind-2.14.3.jar:2.14.3]
	at com.fasterxml.jackson.databind.ser.impl.IndexedListSerializer.serialize(IndexedListSerializer.java:18) ~[jackson-databind-2.14.3.jar:2.14.3]
	at com.fasterxml.jackson.databind.ser.BeanPropertyWriter.serializeAsField(BeanPropertyWriter.java:733) ~[jackson-databind-2.14.3.jar:2.14.3]
	at com.fasterxml.jackson.databind.ser.std.BeanSerializerBase.serializeFields(BeanSerializerBase.java:774) ~[jackson-databind-2.14.3.jar:2.14.3]
	at com.fasterxml.jackson.databind.ser.BeanSerializer.serialize(BeanSerializer.java:178) ~[jackson-databind-2.14.3.jar:2.14.3]
	at com.fasterxml.jackson.databind.ser.BeanPropertyWriter.serializeAsField(BeanPropertyWriter.java:733) ~[jackson-databind-2.14.3.jar:2.14.3]
	at com.fasterxml.jackson.databind.ser.std.BeanSerializerBase.serializeFields(BeanSerializerBase.java:774) ~[jackson-databind-2.14.3.jar:2.14.3]
	at com.fasterxml.jackson.databind.ser.BeanSerializer.serialize(BeanSerializer.java:178) ~[jackson-databind-2.14.3.jar:2.14.3]
	at com.fasterxml.jackson.databind.ser.impl.IndexedListSerializer.serializeContents(IndexedListSerializer.java:119) ~[jackson-databind-2.14.3.jar:2.14.3]
	at com.fasterxml.jackson.databind.ser.impl.IndexedListSerializer.serialize(IndexedListSerializer.java:79) ~[jackson-databind-2.14.3.jar:2.14.3]
	at com.fasterxml.jackson.databind.ser.impl.IndexedListSerializer.serialize(IndexedListSerializer.java:18) ~[jackson-databind-2.14.3.jar:2.14.3]
	at com.fasterxml.jackson.databind.ser.BeanPropertyWriter.serializeAsField(BeanPropertyWriter.java:733) ~[jackson-databind-2.14.3.jar:2.14.3]
	at com.fasterxml.jackson.databind.ser.std.BeanSerializerBase.serializeFields(BeanSerializerBase.java:774) ~[jackson-databind-2.14.3.jar:2.14.3]
	at com.fasterxml.jackson.databind.ser.BeanSerializer.serialize(BeanSerializer.java:178) ~[jackson-databind-2.14.3.jar:2.14.3]
	at com.fasterxml.jackson.databind.ser.BeanPropertyWriter.serializeAsField(BeanPropertyWriter.java:733) ~[jackson-databind-2.14.3.jar:2.14.3]
	at com.fasterxml.jackson.databind.ser.std.BeanSerializerBase.serializeFields(BeanSerializerBase.java:774) ~[jackson-databind-2.14.3.jar:2.14.3]
	at com.fasterxml.jackson.databind.ser.BeanSerializer.serialize(BeanSerializer.java:178) ~[jackson-databind-2.14.3.jar:2.14.3]
	at com.fasterxml.jackson.databind.ser.impl.IndexedListSerializer.serializeContents(IndexedListSerializer.java:119) ~[jackson-databind-2.14.3.jar:2.14.3]
	at com.fasterxml.jackson.databind.ser.impl.IndexedListSerializer.serialize(IndexedListSerializer.java:79) ~[jackson-databind-2.14.3.jar:2.14.3]
	at com.fasterxml.jackson.databind.ser.impl.IndexedListSerializer.serialize(IndexedListSerializer.java:18) ~[jackson-databind-2.14.3.jar:2.14.3]
	at com.fasterxml.jackson.databind.ser.BeanPropertyWriter.serializeAsField(BeanPropertyWriter.java:733) ~[jackson-databind-2.14.3.jar:2.14.3]
	at com.fasterxml.jackson.databind.ser.std.BeanSerializerBase.serializeFields(BeanSerializerBase.java:774) ~[jackson-databind-2.14.3.jar:2.14.3]
	at com.fasterxml.jackson.databind.ser.BeanSerializer.serialize(BeanSerializer.java:178) ~[jackson-databind-2.14.3.jar:2.14.3]
	at com.fasterxml.jackson.databind.ser.BeanPropertyWriter.serializeAsField(BeanPropertyWriter.java:733) ~[jackson-databind-2.14.3.jar:2.14.3]
	at com.fasterxml.jackson.databind.ser.std.BeanSerializerBase.serializeFields(BeanSerializerBase.java:774) ~[jackson-databind-2.14.3.jar:2.14.3]
	at com.fasterxml.jackson.databind.ser.BeanSerializer.serialize(BeanSerializer.java:178) ~[jackson-databind-2.14.3.jar:2.14.3]
	at com.fasterxml.jackson.databind.ser.impl.IndexedListSerializer.serializeContents(IndexedListSerializer.java:119) ~[jackson-databind-2.14.3.jar:2.14.3]
	at com.fasterxml.jackson.databind.ser.impl.IndexedListSerializer.serialize(IndexedListSerializer.java:79) ~[jackson-databind-2.14.3.jar:2.14.3]
	at com.fasterxml.jackson.databind.ser.impl.IndexedListSerializer.serialize(IndexedListSerializer.java:18) ~[jackson-databind-2.14.3.jar:2.14.3]
	at com.fasterxml.jackson.databind.ser.BeanPropertyWriter.serializeAsField(BeanPropertyWriter.java:733) ~[jackson-databind-2.14.3.jar:2.14.3]
	at com.fasterxml.jackson.databind.ser.std.BeanSerializerBase.serializeFields(BeanSerializerBase.java:774) ~[jackson-databind-2.14.3.jar:2.14.3]
	at com.fasterxml.jackson.databind.ser.BeanSerializer.serialize(BeanSerializer.java:178) ~[jackson-databind-2.14.3.jar:2.14.3]
	at com.fasterxml.jackson.databind.ser.BeanPropertyWriter.serializeAsField(BeanPropertyWriter.java:733) ~[jackson-databind-2.14.3.jar:2.14.3]
	at com.fasterxml.jackson.databind.ser.std.BeanSerializerBase.serializeFields(BeanSerializerBase.java:774) ~[jackson-databind-2.14.3.jar:2.14.3]
	at com.fasterxml.jackson.databind.ser.BeanSerializer.serialize(BeanSerializer.java:178) ~[jackson-databind-2.14.3.jar:2.14.3]
	at com.fasterxml.jackson.databind.ser.impl.IndexedListSerializer.serializeContents(IndexedListSerializer.java:119) ~[jackson-databind-2.14.3.jar:2.14.3]
	at com.fasterxml.jackson.databind.ser.impl.IndexedListSerializer.serialize(IndexedListSerializer.java:79) ~[jackson-databind-2.14.3.jar:2.14.3]
	at com.fasterxml.jackson.databind.ser.impl.IndexedListSerializer.serialize(IndexedListSerializer.java:18) ~[jackson-databind-2.14.3.jar:2.14.3]
	at com.fasterxml.jackson.databind.ser.BeanPropertyWriter.serializeAsField(BeanPropertyWriter.java:733) ~[jackson-databind-2.14.3.jar:2.14.3]
	at com.fasterxml.jackson.databind.ser.std.BeanSerializerBase.serializeFields(BeanSerializerBase.java:774) ~[jackson-databind-2.14.3.jar:2.14.3]
	at com.fasterxml.jackson.databind.ser.BeanSerializer.serialize(BeanSerializer.java:178) ~[jackson-databind-2.14.3.jar:2.14.3]
	at com.fasterxml.jackson.databind.ser.BeanPropertyWriter.serializeAsField(BeanPropertyWriter.java:733) ~[jackson-databind-2.14.3.jar:2.14.3]
	at com.fasterxml.jackson.databind.ser.std.BeanSerializerBase.serializeFields(BeanSerializerBase.java:774) ~[jackson-databind-2.14.3.jar:2.14.3]
	at com.fasterxml.jackson.databind.ser.BeanSerializer.serialize(BeanSerializer.java:178) ~[jackson-databind-2.14.3.jar:2.14.3]
	at com.fasterxml.jackson.databind.ser.impl.IndexedListSerializer.serializeContents(IndexedListSerializer.java:119) ~[jackson-databind-2.14.3.jar:2.14.3]
	at com.fasterxml.jackson.databind.ser.impl.IndexedListSerializer.serialize(IndexedListSerializer.java:79) ~[jackson-databind-2.14.3.jar:2.14.3]
	at com.fasterxml.jackson.databind.ser.impl.IndexedListSerializer.serialize(IndexedListSerializer.java:18) ~[jackson-databind-2.14.3.jar:2.14.3]
	at com.fasterxml.jackson.databind.ser.BeanPropertyWriter.serializeAsField(BeanPropertyWriter.java:733) ~[jackson-databind-2.14.3.jar:2.14.3]
	at com.fasterxml.jackson.databind.ser.std.BeanSerializerBase.serializeFields(BeanSerializerBase.java:774) ~[jackson-databind-2.14.3.jar:2.14.3]
	at com.fasterxml.jackson.databind.ser.BeanSerializer.serialize(BeanSerializer.java:178) ~[jackson-databind-2.14.3.jar:2.14.3]
	at com.fasterxml.jackson.databind.ser.BeanPropertyWriter.serializeAsField(BeanPropertyWriter.java:733) ~[jackson-databind-2.14.3.jar:2.14.3]
	at com.fasterxml.jackson.databind.ser.std.BeanSerializerBase.serializeFields(BeanSerializerBase.java:774) ~[jackson-databind-2.14.3.jar:2.14.3]
	at com.fasterxml.jackson.databind.ser.BeanSerializer.serialize(BeanSerializer.java:178) ~[jackson-databind-2.14.3.jar:2.14.3]
	at com.fasterxml.jackson.databind.ser.impl.IndexedListSerializer.serializeContents(IndexedListSerializer.java:119) ~[jackson-databind-2.14.3.jar:2.14.3]
	at com.fasterxml.jackson.databind.ser.impl.IndexedListSerializer.serialize(IndexedListSerializer.java:79) ~[jackson-databind-2.14.3.jar:2.14.3]
	at com.fasterxml.jackson.databind.ser.impl.IndexedListSerializer.serialize(IndexedListSerializer.java:18) ~[jackson-databind-2.14.3.jar:2.14.3]
	at com.fasterxml.jackson.databind.ser.BeanPropertyWriter.serializeAsField(BeanPropertyWriter.java:733) ~[jackson-databind-2.14.3.jar:2.14.3]
	at com.fasterxml.jackson.databind.ser.std.BeanSerializerBase.serializeFields(BeanSerializerBase.java:774) ~[jackson-databind-2.14.3.jar:2.14.3]
	at com.fasterxml.jackson.databind.ser.BeanSerializer.serialize(BeanSerializer.java:178) ~[jackson-databind-2.14.3.jar:2.14.3]
	at com.fasterxml.jackson.databind.ser.BeanPropertyWriter.serializeAsField(BeanPropertyWriter.java:733) ~[jackson-databind-2.14.3.jar:2.14.3]
	at com.fasterxml.jackson.databind.ser.std.BeanSerializerBase.serializeFields(BeanSerializerBase.java:774) ~[jackson-databind-2.14.3.jar:2.14.3]
	at com.fasterxml.jackson.databind.ser.BeanSerializer.serialize(BeanSerializer.java:178) ~[jackson-databind-2.14.3.jar:2.14.3]
	at com.fasterxml.jackson.databind.ser.impl.IndexedListSerializer.serializeContents(IndexedListSerializer.java:119) ~[jackson-databind-2.14.3.jar:2.14.3]
	at com.fasterxml.jackson.databind.ser.impl.IndexedListSerializer.serialize(IndexedListSerializer.java:79) ~[jackson-databind-2.14.3.jar:2.14.3]
	at com.fasterxml.jackson.databind.ser.impl.IndexedListSerializer.serialize(IndexedListSerializer.java:18) ~[jackson-databind-2.14.3.jar:2.14.3]
	at com.fasterxml.jackson.databind.ser.BeanPropertyWriter.serializeAsField(BeanPropertyWriter.java:733) ~[jackson-databind-2.14.3.jar:2.14.3]
	at com.fasterxml.jackson.databind.ser.std.BeanSerializerBase.serializeFields(BeanSerializerBase.java:774) ~[jackson-databind-2.14.3.jar:2.14.3]
	at com.fasterxml.jackson.databind.ser.BeanSerializer.serialize(BeanSerializer.java:178) ~[jackson-databind-2.14.3.jar:2.14.3]
	at com.fasterxml.jackson.databind.ser.BeanPropertyWriter.serializeAsField(BeanPropertyWriter.java:733) ~[jackson-databind-2.14.3.jar:2.14.3]
	at com.fasterxml.jackson.databind.ser.std.BeanSerializerBase.serializeFields(BeanSerializerBase.java:774) ~[jackson-databind-2.14.3.jar:2.14.3]
	at com.fasterxml.jackson.databind.ser.BeanSerializer.serialize(BeanSerializer.java:178) ~[jackson-databind-2.14.3.jar:2.14.3]
	at com.fasterxml.jackson.databind.ser.impl.IndexedListSerializer.serializeContents(IndexedListSerializer.java:119) ~[jackson-databind-2.14.3.jar:2.14.3]
	at com.fasterxml.jackson.databind.ser.impl.IndexedListSerializer.serialize(IndexedListSerializer.java:79) ~[jackson-databind-2.14.3.jar:2.14.3]
	at com.fasterxml.jackson.databind.ser.impl.IndexedListSerializer.serialize(IndexedListSerializer.java:18) ~[jackson-databind-2.14.3.jar:2.14.3]
	at com.fasterxml.jackson.databind.ser.BeanPropertyWriter.serializeAsField(BeanPropertyWriter.java:733) ~[jackson-databind-2.14.3.jar:2.14.3]
	at com.fasterxml.jackson.databind.ser.std.BeanSerializerBase.serializeFields(BeanSerializerBase.java:774) ~[jackson-databind-2.14.3.jar:2.14.3]
	at com.fasterxml.jackson.databind.ser.BeanSerializer.serialize(BeanSerializer.java:178) ~[jackson-databind-2.14.3.jar:2.14.3]
	at com.fasterxml.jackson.databind.ser.BeanPropertyWriter.serializeAsField(BeanPropertyWriter.java:733) ~[jackson-databind-2.14.3.jar:2.14.3]
	at com.fasterxml.jackson.databind.ser.std.BeanSerializerBase.serializeFields(BeanSerializerBase.java:774) ~[jackson-databind-2.14.3.jar:2.14.3]
	at com.fasterxml.jackson.databind.ser.BeanSerializer.serialize(BeanSerializer.java:178) ~[jackson-databind-2.14.3.jar:2.14.3]
	at com.fasterxml.jackson.databind.ser.impl.IndexedListSerializer.serializeContents(IndexedListSerializer.java:119) ~[jackson-databind-2.14.3.jar:2.14.3]
	at com.fasterxml.jackson.databind.ser.impl.IndexedListSerializer.serialize(IndexedListSerializer.java:79) ~[jackson-databind-2.14.3.jar:2.14.3]
	at com.fasterxml.jackson.databind.ser.impl.IndexedListSerializer.serialize(IndexedListSerializer.java:18) ~[jackson-databind-2.14.3.jar:2.14.3]
	at com.fasterxml.jackson.databind.ser.BeanPropertyWriter.serializeAsField(BeanPropertyWriter.java:733) ~[jackson-databind-2.14.3.jar:2.14.3]
	at com.fasterxml.jackson.databind.ser.std.BeanSerializerBase.serializeFields(BeanSerializerBase.java:774) ~[jackson-databind-2.14.3.jar:2.14.3]
	at com.fasterxml.jackson.databind.ser.BeanSerializer.serialize(BeanSerializer.java:178) ~[jackson-databind-2.14.3.jar:2.14.3]
	at com.fasterxml.jackson.databind.ser.BeanPropertyWriter.serializeAsField(BeanPropertyWriter.java:733) ~[jackson-databind-2.14.3.jar:2.14.3]
	at com.fasterxml.jackson.databind.ser.std.BeanSerializerBase.serializeFields(BeanSerializerBase.java:774) ~[jackson-databind-2.14.3.jar:2.14.3]
	at com.fasterxml.jackson.databind.ser.BeanSerializer.serialize(BeanSerializer.java:178) ~[jackson-databind-2.14.3.jar:2.14.3]
	at com.fasterxml.jackson.databind.ser.impl.IndexedListSerializer.serializeContents(IndexedListSerializer.java:119) ~[jackson-databind-2.14.3.jar:2.14.3]
	at com.fasterxml.jackson.databind.ser.impl.IndexedListSerializer.serialize(IndexedListSerializer.java:79) ~[jackson-databind-2.14.3.jar:2.14.3]
	at com.fasterxml.jackson.databind.ser.impl.IndexedListSerializer.serialize(IndexedListSerializer.java:18) ~[jackson-databind-2.14.3.jar:2.14.3]
	at com.fasterxml.jackson.databind.ser.BeanPropertyWriter.serializeAsField(BeanPropertyWriter.java:733) ~[jackson-databind-2.14.3.jar:2.14.3]
	at com.fasterxml.jackson.databind.ser.std.BeanSerializerBase.serializeFields(BeanSerializerBase.java:774) ~[jackson-databind-2.14.3.jar:2.14.3]
	at com.fasterxml.jackson.databind.ser.BeanSerializer.serialize(BeanSerializer.java:178) ~[jackson-databind-2.14.3.jar:2.14.3]
	at com.fasterxml.jackson.databind.ser.BeanPropertyWriter.serializeAsField(BeanPropertyWriter.java:733) ~[jackson-databind-2.14.3.jar:2.14.3]
	at com.fasterxml.jackson.databind.ser.std.BeanSerializerBase.serializeFields(BeanSerializerBase.java:774) ~[jackson-databind-2.14.3.jar:2.14.3]
	at com.fasterxml.jackson.databind.ser.BeanSerializer.serialize(BeanSerializer.java:178) ~[jackson-databind-2.14.3.jar:2.14.3]
	at com.fasterxml.jackson.databind.ser.impl.IndexedListSerializer.serializeContents(IndexedListSerializer.java:119) ~[jackson-databind-2.14.3.jar:2.14.3]
	at com.fasterxml.jackson.databind.ser.impl.IndexedListSerializer.serialize(IndexedListSerializer.java:79) ~[jackson-databind-2.14.3.jar:2.14.3]
	at com.fasterxml.jackson.databind.ser.impl.IndexedListSerializer.serialize(IndexedListSerializer.java:18) ~[jackson-databind-2.14.3.jar:2.14.3]
	at com.fasterxml.jackson.databind.ser.BeanPropertyWriter.serializeAsField(BeanPropertyWriter.java:733) ~[jackson-databind-2.14.3.jar:2.14.3]
	at com.fasterxml.jackson.databind.ser.std.BeanSerializerBase.serializeFields(BeanSerializerBase.java:774) ~[jackson-databind-2.14.3.jar:2.14.3]
	at com.fasterxml.jackson.databind.ser.BeanSerializer.serialize(BeanSerializer.java:178) ~[jackson-databind-2.14.3.jar:2.14.3]
	at com.fasterxml.jackson.databind.ser.BeanPropertyWriter.serializeAsField(BeanPropertyWriter.java:733) ~[jackson-databind-2.14.3.jar:2.14.3]
	at com.fasterxml.jackson.databind.ser.std.BeanSerializerBase.serializeFields(BeanSerializerBase.java:774) ~[jackson-databind-2.14.3.jar:2.14.3]
	at com.fasterxml.jackson.databind.ser.BeanSerializer.serialize(BeanSerializer.java:178) ~[jackson-databind-2.14.3.jar:2.14.3]
	at com.fasterxml.jackson.databind.ser.impl.IndexedListSerializer.serializeContents(IndexedListSerializer.java:119) ~[jackson-databind-2.14.3.jar:2.14.3]
	at com.fasterxml.jackson.databind.ser.impl.IndexedListSerializer.serialize(IndexedListSerializer.java:79) ~[jackson-databind-2.14.3.jar:2.14.3]
	at com.fasterxml.jackson.databind.ser.impl.IndexedListSerializer.serialize(IndexedListSerializer.java:18) ~[jackson-databind-2.14.3.jar:2.14.3]
	at com.fasterxml.jackson.databind.ser.BeanPropertyWriter.serializeAsField(BeanPropertyWriter.java:733) ~[jackson-databind-2.14.3.jar:2.14.3]
	at com.fasterxml.jackson.databind.ser.std.BeanSerializerBase.serializeFields(BeanSerializerBase.java:774) ~[jackson-databind-2.14.3.jar:2.14.3]
	at com.fasterxml.jackson.databind.ser.BeanSerializer.serialize(BeanSerializer.java:178) ~[jackson-databind-2.14.3.jar:2.14.3]
	at com.fasterxml.jackson.databind.ser.BeanPropertyWriter.serializeAsField(BeanPropertyWriter.java:733) ~[jackson-databind-2.14.3.jar:2.14.3]
	at com.fasterxml.jackson.databind.ser.std.BeanSerializerBase.serializeFields(BeanSerializerBase.java:774) ~[jackson-databind-2.14.3.jar:2.14.3]
	at com.fasterxml.jackson.databind.ser.BeanSerializer.serialize(BeanSerializer.java:178) ~[jackson-databind-2.14.3.jar:2.14.3]
	at com.fasterxml.jackson.databind.ser.impl.IndexedListSerializer.serializeContents(IndexedListSerializer.java:119) ~[jackson-databind-2.14.3.jar:2.14.3]
	at com.fasterxml.jackson.databind.ser.impl.IndexedListSerializer.serialize(IndexedListSerializer.java:79) ~[jackson-databind-2.14.3.jar:2.14.3]
	at com.fasterxml.jackson.databind.ser.impl.IndexedListSerializer.serialize(IndexedListSerializer.java:18) ~[jackson-databind-2.14.3.jar:2.14.3]
	at com.fasterxml.jackson.databind.ser.BeanPropertyWriter.serializeAsField(BeanPropertyWriter.java:733) ~[jackson-databind-2.14.3.jar:2.14.3]
	at com.fasterxml.jackson.databind.ser.std.BeanSerializerBase.serializeFields(BeanSerializerBase.java:774) ~[jackson-databind-2.14.3.jar:2.14.3]
	at com.fasterxml.jackson.databind.ser.BeanSerializer.serialize(BeanSerializer.java:178) ~[jackson-databind-2.14.3.jar:2.14.3]
	at com.fasterxml.jackson.databind.ser.BeanPropertyWriter.serializeAsField(BeanPropertyWriter.java:733) ~[jackson-databind-2.14.3.jar:2.14.3]
	at com.fasterxml.jackson.databind.ser.std.BeanSerializerBase.serializeFields(BeanSerializerBase.java:774) ~[jackson-databind-2.14.3.jar:2.14.3]
	at com.fasterxml.jackson.databind.ser.BeanSerializer.serialize(BeanSerializer.java:178) ~[jackson-databind-2.14.3.jar:2.14.3]
	at com.fasterxml.jackson.databind.ser.impl.IndexedListSerializer.serializeContents(IndexedListSerializer.java:119) ~[jackson-databind-2.14.3.jar:2.14.3]
	at com.fasterxml.jackson.databind.ser.impl.IndexedListSerializer.serialize(IndexedListSerializer.java:79) ~[jackson-databind-2.14.3.jar:2.14.3]
	at com.fasterxml.jackson.databind.ser.impl.IndexedListSerializer.serialize(IndexedListSerializer.java:18) ~[jackson-databind-2.14.3.jar:2.14.3]
	at com.fasterxml.jackson.databind.ser.BeanPropertyWriter.serializeAsField(BeanPropertyWriter.java:733) ~[jackson-databind-2.14.3.jar:2.14.3]
	at com.fasterxml.jackson.databind.ser.std.BeanSerializerBase.serializeFields(BeanSerializerBase.java:774) ~[jackson-databind-2.14.3.jar:2.14.3]
	at com.fasterxml.jackson.databind.ser.BeanSerializer.serialize(BeanSerializer.java:178) ~[jackson-databind-2.14.3.jar:2.14.3]
	at com.fasterxml.jackson.databind.ser.BeanPropertyWriter.serializeAsField(BeanPropertyWriter.java:733) ~[jackson-databind-2.14.3.jar:2.14.3]
	at com.fasterxml.jackson.databind.ser.std.BeanSerializerBase.serializeFields(BeanSerializerBase.java:774) ~[jackson-databind-2.14.3.jar:2.14.3]
	at com.fasterxml.jackson.databind.ser.BeanSerializer.serialize(BeanSerializer.java:178) ~[jackson-databind-2.14.3.jar:2.14.3]
	at com.fasterxml.jackson.databind.ser.impl.IndexedListSerializer.serializeContents(IndexedListSerializer.java:119) ~[jackson-databind-2.14.3.jar:2.14.3]
	at com.fasterxml.jackson.databind.ser.impl.IndexedListSerializer.serialize(IndexedListSerializer.java:79) ~[jackson-databind-2.14.3.jar:2.14.3]
	at com.fasterxml.jackson.databind.ser.impl.IndexedListSerializer.serialize(IndexedListSerializer.java:18) ~[jackson-databind-2.14.3.jar:2.14.3]
	at com.fasterxml.jackson.databind.ser.BeanPropertyWriter.serializeAsField(BeanPropertyWriter.java:733) ~[jackson-databind-2.14.3.jar:2.14.3]
	at com.fasterxml.jackson.databind.ser.std.BeanSerializerBase.serializeFields(BeanSerializerBase.java:774) ~[jackson-databind-2.14.3.jar:2.14.3]
	at com.fasterxml.jackson.databind.ser.BeanSerializer.serialize(BeanSerializer.java:178) ~[jackson-databind-2.14.3.jar:2.14.3]
	at com.fasterxml.jackson.databind.ser.BeanPropertyWriter.serializeAsField(BeanPropertyWriter.java:733) ~[jackson-databind-2.14.3.jar:2.14.3]
	at com.fasterxml.jackson.databind.ser.std.BeanSerializerBase.serializeFields(BeanSerializerBase.java:774) ~[jackson-databind-2.14.3.jar:2.14.3]
	at com.fasterxml.jackson.databind.ser.BeanSerializer.serialize(BeanSerializer.java:178) ~[jackson-databind-2.14.3.jar:2.14.3]
	at com.fasterxml.jackson.databind.ser.impl.IndexedListSerializer.serializeContents(IndexedListSerializer.java:119) ~[jackson-databind-2.14.3.jar:2.14.3]
	at com.fasterxml.jackson.databind.ser.impl.IndexedListSerializer.serialize(IndexedListSerializer.java:79) ~[jackson-databind-2.14.3.jar:2.14.3]
	at com.fasterxml.jackson.databind.ser.impl.IndexedListSerializer.serialize(IndexedListSerializer.java:18) ~[jackson-databind-2.14.3.jar:2.14.3]
	at com.fasterxml.jackson.databind.ser.BeanPropertyWriter.serializeAsField(BeanPropertyWriter.java:733) ~[jackson-databind-2.14.3.jar:2.14.3]
	at com.fasterxml.jackson.databind.ser.std.BeanSerializerBase.serializeFields(BeanSerializerBase.java:774) ~[jackson-databind-2.14.3.jar:2.14.3]
	at com.fasterxml.jackson.databind.ser.BeanSerializer.serialize(BeanSerializer.java:178) ~[jackson-databind-2.14.3.jar:2.14.3]
	at com.fasterxml.jackson.databind.ser.BeanPropertyWriter.serializeAsField(BeanPropertyWriter.java:733) ~[jackson-databind-2.14.3.jar:2.14.3]
	at com.fasterxml.jackson.databind.ser.std.BeanSerializerBase.serializeFields(BeanSerializerBase.java:774) ~[jackson-databind-2.14.3.jar:2.14.3]
	at com.fasterxml.jackson.databind.ser.BeanSerializer.serialize(BeanSerializer.java:178) ~[jackson-databind-2.14.3.jar:2.14.3]
	at com.fasterxml.jackson.databind.ser.impl.IndexedListSerializer.serializeContents(IndexedListSerializer.java:119) ~[jackson-databind-2.14.3.jar:2.14.3]
	at com.fasterxml.jackson.databind.ser.impl.IndexedListSerializer.serialize(IndexedListSerializer.java:79) ~[jackson-databind-2.14.3.jar:2.14.3]
	at com.fasterxml.jackson.databind.ser.impl.IndexedListSerializer.serialize(IndexedListSerializer.java:18) ~[jackson-databind-2.14.3.jar:2.14.3]
	at com.fasterxml.jackson.databind.ser.BeanPropertyWriter.serializeAsField(BeanPropertyWriter.java:733) ~[jackson-databind-2.14.3.jar:2.14.3]
	at com.fasterxml.jackson.databind.ser.std.BeanSerializerBase.serializeFields(BeanSerializerBase.java:774) ~[jackson-databind-2.14.3.jar:2.14.3]
	at com.fasterxml.jackson.databind.ser.BeanSerializer.serialize(BeanSerializer.java:178) ~[jackson-databind-2.14.3.jar:2.14.3]
	at com.fasterxml.jackson.databind.ser.BeanPropertyWriter.serializeAsField(BeanPropertyWriter.java:733) ~[jackson-databind-2.14.3.jar:2.14.3]
	at com.fasterxml.jackson.databind.ser.std.BeanSerializerBase.serializeFields(BeanSerializerBase.java:774) ~[jackson-databind-2.14.3.jar:2.14.3]
	at com.fasterxml.jackson.databind.ser.BeanSerializer.serialize(BeanSerializer.java:178) ~[jackson-databind-2.14.3.jar:2.14.3]
	at com.fasterxml.jackson.databind.ser.impl.IndexedListSerializer.serializeContents(IndexedListSerializer.java:119) ~[jackson-databind-2.14.3.jar:2.14.3]
	at com.fasterxml.jackson.databind.ser.impl.IndexedListSerializer.serialize(IndexedListSerializer.java:79) ~[jackson-databind-2.14.3.jar:2.14.3]
	at com.fasterxml.jackson.databind.ser.impl.IndexedListSerializer.serialize(IndexedListSerializer.java:18) ~[jackson-databind-2.14.3.jar:2.14.3]
	at com.fasterxml.jackson.databind.ser.BeanPropertyWriter.serializeAsField(BeanPropertyWriter.java:733) ~[jackson-databind-2.14.3.jar:2.14.3]
	at com.fasterxml.jackson.databind.ser.std.BeanSerializerBase.serializeFields(BeanSerializerBase.java:774) ~[jackson-databind-2.14.3.jar:2.14.3]
	at com.fasterxml.jackson.databind.ser.BeanSerializer.serialize(BeanSerializer.java:178) ~[jackson-databind-2.14.3.jar:2.14.3]
	at com.fasterxml.jackson.databind.ser.BeanPropertyWriter.serializeAsField(BeanPropertyWriter.java:733) ~[jackson-databind-2.14.3.jar:2.14.3]
	at com.fasterxml.jackson.databind.ser.std.BeanSerializerBase.serializeFields(BeanSerializerBase.java:774) ~[jackson-databind-2.14.3.jar:2.14.3]
	at com.fasterxml.jackson.databind.ser.BeanSerializer.serialize(BeanSerializer.java:178) ~[jackson-databind-2.14.3.jar:2.14.3]
	at com.fasterxml.jackson.databind.ser.impl.IndexedListSerializer.serializeContents(IndexedListSerializer.java:119) ~[jackson-databind-2.14.3.jar:2.14.3]
	at com.fasterxml.jackson.databind.ser.impl.IndexedListSerializer.serialize(IndexedListSerializer.java:79) ~[jackson-databind-2.14.3.jar:2.14.3]
	at com.fasterxml.jackson.databind.ser.impl.IndexedListSerializer.serialize(IndexedListSerializer.java:18) ~[jackson-databind-2.14.3.jar:2.14.3]
	at com.fasterxml.jackson.databind.ser.BeanPropertyWriter.serializeAsField(BeanPropertyWriter.java:733) ~[jackson-databind-2.14.3.jar:2.14.3]
	at com.fasterxml.jackson.databind.ser.std.BeanSerializerBase.serializeFields(BeanSerializerBase.java:774) ~[jackson-databind-2.14.3.jar:2.14.3]
	at com.fasterxml.jackson.databind.ser.BeanSerializer.serialize(BeanSerializer.java:178) ~[jackson-databind-2.14.3.jar:2.14.3]
	at com.fasterxml.jackson.databind.ser.BeanPropertyWriter.serializeAsField(BeanPropertyWriter.java:733) ~[jackson-databind-2.14.3.jar:2.14.3]
	at com.fasterxml.jackson.databind.ser.std.BeanSerializerBase.serializeFields(BeanSerializerBase.java:774) ~[jackson-databind-2.14.3.jar:2.14.3]
	at com.fasterxml.jackson.databind.ser.BeanSerializer.serialize(BeanSerializer.java:178) ~[jackson-databind-2.14.3.jar:2.14.3]
	at com.fasterxml.jackson.databind.ser.impl.IndexedListSerializer.serializeContents(IndexedListSerializer.java:119) ~[jackson-databind-2.14.3.jar:2.14.3]
	at com.fasterxml.jackson.databind.ser.impl.IndexedListSerializer.serialize(IndexedListSerializer.java:79) ~[jackson-databind-2.14.3.jar:2.14.3]
	at com.fasterxml.jackson.databind.ser.impl.IndexedListSerializer.serialize(IndexedListSerializer.java:18) ~[jackson-databind-2.14.3.jar:2.14.3]
	at com.fasterxml.jackson.databind.ser.BeanPropertyWriter.serializeAsField(BeanPropertyWriter.java:733) ~[jackson-databind-2.14.3.jar:2.14.3]
	at com.fasterxml.jackson.databind.ser.std.BeanSerializerBase.serializeFields(BeanSerializerBase.java:774) ~[jackson-databind-2.14.3.jar:2.14.3]
	at com.fasterxml.jackson.databind.ser.BeanSerializer.serialize(BeanSerializer.java:178) ~[jackson-databind-2.14.3.jar:2.14.3]
	at com.fasterxml.jackson.databind.ser.BeanPropertyWriter.serializeAsField(BeanPropertyWriter.java:733) ~[jackson-databind-2.14.3.jar:2.14.3]
	at com.fasterxml.jackson.databind.ser.std.BeanSerializerBase.serializeFields(BeanSerializerBase.java:774) ~[jackson-databind-2.14.3.jar:2.14.3]
	at com.fasterxml.jackson.databind.ser.BeanSerializer.serialize(BeanSerializer.java:178) ~[jackson-databind-2.14.3.jar:2.14.3]
	at com.fasterxml.jackson.databind.ser.impl.IndexedListSerializer.serializeContents(IndexedListSerializer.java:119) ~[jackson-databind-2.14.3.jar:2.14.3]
	at com.fasterxml.jackson.databind.ser.impl.IndexedListSerializer.serialize(IndexedListSerializer.java:79) ~[jackson-databind-2.14.3.jar:2.14.3]
	at com.fasterxml.jackson.databind.ser.impl.IndexedListSerializer.serialize(IndexedListSerializer.java:18) ~[jackson-databind-2.14.3.jar:2.14.3]
	at com.fasterxml.jackson.databind.ser.BeanPropertyWriter.serializeAsField(BeanPropertyWriter.java:733) ~[jackson-databind-2.14.3.jar:2.14.3]
	at com.fasterxml.jackson.databind.ser.std.BeanSerializerBase.serializeFields(BeanSerializerBase.java:774) ~[jackson-databind-2.14.3.jar:2.14.3]
	at com.fasterxml.jackson.databind.ser.BeanSerializer.serialize(BeanSerializer.java:178) ~[jackson-databind-2.14.3.jar:2.14.3]
	at com.fasterxml.jackson.databind.ser.BeanPropertyWriter.serializeAsField(BeanPropertyWriter.java:733) ~[jackson-databind-2.14.3.jar:2.14.3]
	at com.fasterxml.jackson.databind.ser.std.BeanSerializerBase.serializeFields(BeanSerializerBase.java:774) ~[jackson-databind-2.14.3.jar:2.14.3]
	at com.fasterxml.jackson.databind.ser.BeanSerializer.serialize(BeanSerializer.java:178) ~[jackson-databind-2.14.3.jar:2.14.3]
	at com.fasterxml.jackson.databind.ser.impl.IndexedListSerializer.serializeContents(IndexedListSerializer.java:119) ~[jackson-databind-2.14.3.jar:2.14.3]
	at com.fasterxml.jackson.databind.ser.impl.IndexedListSerializer.serialize(IndexedListSerializer.java:79) ~[jackson-databind-2.14.3.jar:2.14.3]
	at com.fasterxml.jackson.databind.ser.impl.IndexedListSerializer.serialize(IndexedListSerializer.java:18) ~[jackson-databind-2.14.3.jar:2.14.3]
	at com.fasterxml.jackson.databind.ser.BeanPropertyWriter.serializeAsField(BeanPropertyWriter.java:733) ~[jackson-databind-2.14.3.jar:2.14.3]
	at com.fasterxml.jackson.databind.ser.std.BeanSerializerBase.serializeFields(BeanSerializerBase.java:774) ~[jackson-databind-2.14.3.jar:2.14.3]
	at com.fasterxml.jackson.databind.ser.BeanSerializer.serialize(BeanSerializer.java:178) ~[jackson-databind-2.14.3.jar:2.14.3]
	at com.fasterxml.jackson.databind.ser.BeanPropertyWriter.serializeAsField(BeanPropertyWriter.java:733) ~[jackson-databind-2.14.3.jar:2.14.3]
	at com.fasterxml.jackson.databind.ser.std.BeanSerializerBase.serializeFields(BeanSerializerBase.java:774) ~[jackson-databind-2.14.3.jar:2.14.3]
	at com.fasterxml.jackson.databind.ser.BeanSerializer.serialize(BeanSerializer.java:178) ~[jackson-databind-2.14.3.jar:2.14.3]
	at com.fasterxml.jackson.databind.ser.impl.IndexedListSerializer.serializeContents(IndexedListSerializer.java:119) ~[jackson-databind-2.14.3.jar:2.14.3]
	at com.fasterxml.jackson.databind.ser.impl.IndexedListSerializer.serialize(IndexedListSerializer.java:79) ~[jackson-databind-2.14.3.jar:2.14.3]
	at com.fasterxml.jackson.databind.ser.impl.IndexedListSerializer.serialize(IndexedListSerializer.java:18) ~[jackson-databind-2.14.3.jar:2.14.3]
	at com.fasterxml.jackson.databind.ser.BeanPropertyWriter.serializeAsField(BeanPropertyWriter.java:733) ~[jackson-databind-2.14.3.jar:2.14.3]
	at com.fasterxml.jackson.databind.ser.std.BeanSerializerBase.serializeFields(BeanSerializerBase.java:774) ~[jackson-databind-2.14.3.jar:2.14.3]
	at com.fasterxml.jackson.databind.ser.BeanSerializer.serialize(BeanSerializer.java:178) ~[jackson-databind-2.14.3.jar:2.14.3]
	at com.fasterxml.jackson.databind.ser.BeanPropertyWriter.serializeAsField(BeanPropertyWriter.java:733) ~[jackson-databind-2.14.3.jar:2.14.3]
	at com.fasterxml.jackson.databind.ser.std.BeanSerializerBase.serializeFields(BeanSerializerBase.java:774) ~[jackson-databind-2.14.3.jar:2.14.3]
	at com.fasterxml.jackson.databind.ser.BeanSerializer.serialize(BeanSerializer.java:178) ~[jackson-databind-2.14.3.jar:2.14.3]
	at com.fasterxml.jackson.databind.ser.impl.IndexedListSerializer.serializeContents(IndexedListSerializer.java:119) ~[jackson-databind-2.14.3.jar:2.14.3]
	at com.fasterxml.jackson.databind.ser.impl.IndexedListSerializer.serialize(IndexedListSerializer.java:79) ~[jackson-databind-2.14.3.jar:2.14.3]
	at com.fasterxml.jackson.databind.ser.impl.IndexedListSerializer.serialize(IndexedListSerializer.java:18) ~[jackson-databind-2.14.3.jar:2.14.3]
	at com.fasterxml.jackson.databind.ser.BeanPropertyWriter.serializeAsField(BeanPropertyWriter.java:733) ~[jackson-databind-2.14.3.jar:2.14.3]
	at com.fasterxml.jackson.databind.ser.std.BeanSerializerBase.serializeFields(BeanSerializerBase.java:774) ~[jackson-databind-2.14.3.jar:2.14.3]
	at com.fasterxml.jackson.databind.ser.BeanSerializer.serialize(BeanSerializer.java:178) ~[jackson-databind-2.14.3.jar:2.14.3]
	at com.fasterxml.jackson.databind.ser.BeanPropertyWriter.serializeAsField(BeanPropertyWriter.java:733) ~[jackson-databind-2.14.3.jar:2.14.3]
	at com.fasterxml.jackson.databind.ser.std.BeanSerializerBase.serializeFields(BeanSerializerBase.java:774) ~[jackson-databind-2.14.3.jar:2.14.3]
	at com.fasterxml.jackson.databind.ser.BeanSerializer.serialize(BeanSerializer.java:178) ~[jackson-databind-2.14.3.jar:2.14.3]
	at com.fasterxml.jackson.databind.ser.impl.IndexedListSerializer.serializeContents(IndexedListSerializer.java:119) ~[jackson-databind-2.14.3.jar:2.14.3]
	at com.fasterxml.jackson.databind.ser.impl.IndexedListSerializer.serialize(IndexedListSerializer.java:79) ~[jackson-databind-2.14.3.jar:2.14.3]
	at com.fasterxml.jackson.databind.ser.impl.IndexedListSerializer.serialize(IndexedListSerializer.java:18) ~[jackson-databind-2.14.3.jar:2.14.3]
	at com.fasterxml.jackson.databind.ser.BeanPropertyWriter.serializeAsField(BeanPropertyWriter.java:733) ~[jackson-databind-2.14.3.jar:2.14.3]
	at com.fasterxml.jackson.databind.ser.std.BeanSerializerBase.serializeFields(BeanSerializerBase.java:774) ~[jackson-databind-2.14.3.jar:2.14.3]
	at com.fasterxml.jackson.databind.ser.BeanSerializer.serialize(BeanSerializer.java:178) ~[jackson-databind-2.14.3.jar:2.14.3]
	at com.fasterxml.jackson.databind.ser.BeanPropertyWriter.serializeAsField(BeanPropertyWriter.java:733) ~[jackson-databind-2.14.3.jar:2.14.3]
	at com.fasterxml.jackson.databind.ser.std.BeanSerializerBase.serializeFields(BeanSerializerBase.java:774) ~[jackson-databind-2.14.3.jar:2.14.3]
	at com.fasterxml.jackson.databind.ser.BeanSerializer.serialize(BeanSerializer.java:178) ~[jackson-databind-2.14.3.jar:2.14.3]
	at com.fasterxml.jackson.databind.ser.impl.IndexedListSerializer.serializeContents(IndexedListSerializer.java:119) ~[jackson-databind-2.14.3.jar:2.14.3]
	at com.fasterxml.jackson.databind.ser.impl.IndexedListSerializer.serialize(IndexedListSerializer.java:79) ~[jackson-databind-2.14.3.jar:2.14.3]
	at com.fasterxml.jackson.databind.ser.impl.IndexedListSerializer.serialize(IndexedListSerializer.java:18) ~[jackson-databind-2.14.3.jar:2.14.3]
	at com.fasterxml.jackson.databind.ser.BeanPropertyWriter.serializeAsField(BeanPropertyWriter.java:733) ~[jackson-databind-2.14.3.jar:2.14.3]
	at com.fasterxml.jackson.databind.ser.std.BeanSerializerBase.serializeFields(BeanSerializerBase.java:774) ~[jackson-databind-2.14.3.jar:2.14.3]
	at com.fasterxml.jackson.databind.ser.BeanSerializer.serialize(BeanSerializer.java:178) ~[jackson-databind-2.14.3.jar:2.14.3]
	at com.fasterxml.jackson.databind.ser.BeanPropertyWriter.serializeAsField(BeanPropertyWriter.java:733) ~[jackson-databind-2.14.3.jar:2.14.3]
	at com.fasterxml.jackson.databind.ser.std.BeanSerializerBase.serializeFields(BeanSerializerBase.java:774) ~[jackson-databind-2.14.3.jar:2.14.3]
	at com.fasterxml.jackson.databind.ser.BeanSerializer.serialize(BeanSerializer.java:178) ~[jackson-databind-2.14.3.jar:2.14.3]
	at com.fasterxml.jackson.databind.ser.impl.IndexedListSerializer.serializeContents(IndexedListSerializer.java:119) ~[jackson-databind-2.14.3.jar:2.14.3]
	at com.fasterxml.jackson.databind.ser.impl.IndexedListSerializer.serialize(IndexedListSerializer.java:79) ~[jackson-databind-2.14.3.jar:2.14.3]
	at com.fasterxml.jackson.databind.ser.impl.IndexedListSerializer.serialize(IndexedListSerializer.java:18) ~[jackson-databind-2.14.3.jar:2.14.3]
	at com.fasterxml.jackson.databind.ser.BeanPropertyWriter.serializeAsField(BeanPropertyWriter.java:733) ~[jackson-databind-2.14.3.jar:2.14.3]
	at com.fasterxml.jackson.databind.ser.std.BeanSerializerBase.serializeFields(BeanSerializerBase.java:774) ~[jackson-databind-2.14.3.jar:2.14.3]
	at com.fasterxml.jackson.databind.ser.BeanSerializer.serialize(BeanSerializer.java:178) ~[jackson-databind-2.14.3.jar:2.14.3]
	at com.fasterxml.jackson.databind.ser.BeanPropertyWriter.serializeAsField(BeanPropertyWriter.java:733) ~[jackson-databind-2.14.3.jar:2.14.3]
	at com.fasterxml.jackson.databind.ser.std.BeanSerializerBase.serializeFields(BeanSerializerBase.java:774) ~[jackson-databind-2.14.3.jar:2.14.3]
	at com.fasterxml.jackson.databind.ser.BeanSerializer.serialize(BeanSerializer.java:178) ~[jackson-databind-2.14.3.jar:2.14.3]
	at com.fasterxml.jackson.databind.ser.impl.IndexedListSerializer.serializeContents(IndexedListSerializer.java:119) ~[jackson-databind-2.14.3.jar:2.14.3]
	at com.fasterxml.jackson.databind.ser.impl.IndexedListSerializer.serialize(IndexedListSerializer.java:79) ~[jackson-databind-2.14.3.jar:2.14.3]
	at com.fasterxml.jackson.databind.ser.impl.IndexedListSerializer.serialize(IndexedListSerializer.java:18) ~[jackson-databind-2.14.3.jar:2.14.3]
	at com.fasterxml.jackson.databind.ser.BeanPropertyWriter.serializeAsField(BeanPropertyWriter.java:733) ~[jackson-databind-2.14.3.jar:2.14.3]
	at com.fasterxml.jackson.databind.ser.std.BeanSerializerBase.serializeFields(BeanSerializerBase.java:774) ~[jackson-databind-2.14.3.jar:2.14.3]
	at com.fasterxml.jackson.databind.ser.BeanSerializer.serialize(BeanSerializer.java:178) ~[jackson-databind-2.14.3.jar:2.14.3]
	at com.fasterxml.jackson.databind.ser.BeanPropertyWriter.serializeAsField(BeanPropertyWriter.java:733) ~[jackson-databind-2.14.3.jar:2.14.3]
	at com.fasterxml.jackson.databind.ser.std.BeanSerializerBase.serializeFields(BeanSerializerBase.java:774) ~[jackson-databind-2.14.3.jar:2.14.3]
	at com.fasterxml.jackson.databind.ser.BeanSerializer.serialize(BeanSerializer.java:178) ~[jackson-databind-2.14.3.jar:2.14.3]
	at com.fasterxml.jackson.databind.ser.impl.IndexedListSerializer.serializeContents(IndexedListSerializer.java:119) ~[jackson-databind-2.14.3.jar:2.14.3]
	at com.fasterxml.jackson.databind.ser.impl.IndexedListSerializer.serialize(IndexedListSerializer.java:79) ~[jackson-databind-2.14.3.jar:2.14.3]
	at com.fasterxml.jackson.databind.ser.impl.IndexedListSerializer.serialize(IndexedListSerializer.java:18) ~[jackson-databind-2.14.3.jar:2.14.3]
	at com.fasterxml.jackson.databind.ser.BeanPropertyWriter.serializeAsField(BeanPropertyWriter.java:733) ~[jackson-databind-2.14.3.jar:2.14.3]
	at com.fasterxml.jackson.databind.ser.std.BeanSerializerBase.serializeFields(BeanSerializerBase.java:774) ~[jackson-databind-2.14.3.jar:2.14.3]
	at com.fasterxml.jackson.databind.ser.BeanSerializer.serialize(BeanSerializer.java:178) ~[jackson-databind-2.14.3.jar:2.14.3]
	at com.fasterxml.jackson.databind.ser.BeanPropertyWriter.serializeAsField(BeanPropertyWriter.java:733) ~[jackson-databind-2.14.3.jar:2.14.3]
	at com.fasterxml.jackson.databind.ser.std.BeanSerializerBase.serializeFields(BeanSerializerBase.java:774) ~[jackson-databind-2.14.3.jar:2.14.3]
	at com.fasterxml.jackson.databind.ser.BeanSerializer.serialize(BeanSerializer.java:178) ~[jackson-databind-2.14.3.jar:2.14.3]
	at com.fasterxml.jackson.databind.ser.impl.IndexedListSerializer.serializeContents(IndexedListSerializer.java:119) ~[jackson-databind-2.14.3.jar:2.14.3]
	at com.fasterxml.jackson.databind.ser.impl.IndexedListSerializer.serialize(IndexedListSerializer.java:79) ~[jackson-databind-2.14.3.jar:2.14.3]
	at com.fasterxml.jackson.databind.ser.impl.IndexedListSerializer.serialize(IndexedListSerializer.java:18) ~[jackson-databind-2.14.3.jar:2.14.3]
	at com.fasterxml.jackson.databind.ser.BeanPropertyWriter.serializeAsField(BeanPropertyWriter.java:733) ~[jackson-databind-2.14.3.jar:2.14.3]
	at com.fasterxml.jackson.databind.ser.std.BeanSerializerBase.serializeFields(BeanSerializerBase.java:774) ~[jackson-databind-2.14.3.jar:2.14.3]
	at com.fasterxml.jackson.databind.ser.BeanSerializer.serialize(BeanSerializer.java:178) ~[jackson-databind-2.14.3.jar:2.14.3]
	at com.fasterxml.jackson.databind.ser.BeanPropertyWriter.serializeAsField(BeanPropertyWriter.java:733) ~[jackson-databind-2.14.3.jar:2.14.3]
	at com.fasterxml.jackson.databind.ser.std.BeanSerializerBase.serializeFields(BeanSerializerBase.java:774) ~[jackson-databind-2.14.3.jar:2.14.3]
	at com.fasterxml.jackson.databind.ser.BeanSerializer.serialize(BeanSerializer.java:178) ~[jackson-databind-2.14.3.jar:2.14.3]
	at com.fasterxml.jackson.databind.ser.impl.IndexedListSerializer.serializeContents(IndexedListSerializer.java:119) ~[jackson-databind-2.14.3.jar:2.14.3]
	at com.fasterxml.jackson.databind.ser.impl.IndexedListSerializer.serialize(IndexedListSerializer.java:79) ~[jackson-databind-2.14.3.jar:2.14.3]
	at com.fasterxml.jackson.databind.ser.impl.IndexedListSerializer.serialize(IndexedListSerializer.java:18) ~[jackson-databind-2.14.3.jar:2.14.3]
	at com.fasterxml.jackson.databind.ser.BeanPropertyWriter.serializeAsField(BeanPropertyWriter.java:733) ~[jackson-databind-2.14.3.jar:2.14.3]
	at com.fasterxml.jackson.databind.ser.std.BeanSerializerBase.serializeFields(BeanSerializerBase.java:774) ~[jackson-databind-2.14.3.jar:2.14.3]
	at com.fasterxml.jackson.databind.ser.BeanSerializer.serialize(BeanSerializer.java:178) ~[jackson-databind-2.14.3.jar:2.14.3]
	at com.fasterxml.jackson.databind.ser.BeanPropertyWriter.serializeAsField(BeanPropertyWriter.java:733) ~[jackson-databind-2.14.3.jar:2.14.3]
	at com.fasterxml.jackson.databind.ser.std.BeanSerializerBase.serializeFields(BeanSerializerBase.java:774) ~[jackson-databind-2.14.3.jar:2.14.3]
	at com.fasterxml.jackson.databind.ser.BeanSerializer.serialize(BeanSerializer.java:178) ~[jackson-databind-2.14.3.jar:2.14.3]
	at com.fasterxml.jackson.databind.ser.impl.IndexedListSerializer.serializeContents(IndexedListSerializer.java:119) ~[jackson-databind-2.14.3.jar:2.14.3]
	at com.fasterxml.jackson.databind.ser.impl.IndexedListSerializer.serialize(IndexedListSerializer.java:79) ~[jackson-databind-2.14.3.jar:2.14.3]
	at com.fasterxml.jackson.databind.ser.impl.IndexedListSerializer.serialize(IndexedListSerializer.java:18) ~[jackson-databind-2.14.3.jar:2.14.3]
	at com.fasterxml.jackson.databind.ser.BeanPropertyWriter.serializeAsField(BeanPropertyWriter.java:733) ~[jackson-databind-2.14.3.jar:2.14.3]
	at com.fasterxml.jackson.databind.ser.std.BeanSerializerBase.serializeFields(BeanSerializerBase.java:774) ~[jackson-databind-2.14.3.jar:2.14.3]
	at com.fasterxml.jackson.databind.ser.BeanSerializer.serialize(BeanSerializer.java:178) ~[jackson-databind-2.14.3.jar:2.14.3]
	at com.fasterxml.jackson.databind.ser.BeanPropertyWriter.serializeAsField(BeanPropertyWriter.java:733) ~[jackson-databind-2.14.3.jar:2.14.3]
	at com.fasterxml.jackson.databind.ser.std.BeanSerializerBase.serializeFields(BeanSerializerBase.java:774) ~[jackson-databind-2.14.3.jar:2.14.3]
	at com.fasterxml.jackson.databind.ser.BeanSerializer.serialize(BeanSerializer.java:178) ~[jackson-databind-2.14.3.jar:2.14.3]
	at com.fasterxml.jackson.databind.ser.impl.IndexedListSerializer.serializeContents(IndexedListSerializer.java:119) ~[jackson-databind-2.14.3.jar:2.14.3]
	at com.fasterxml.jackson.databind.ser.impl.IndexedListSerializer.serialize(IndexedListSerializer.java:79) ~[jackson-databind-2.14.3.jar:2.14.3]
	at com.fasterxml.jackson.databind.ser.impl.IndexedListSerializer.serialize(IndexedListSerializer.java:18) ~[jackson-databind-2.14.3.jar:2.14.3]
	at com.fasterxml.jackson.databind.ser.BeanPropertyWriter.serializeAsField(BeanPropertyWriter.java:733) ~[jackson-databind-2.14.3.jar:2.14.3]
	at com.fasterxml.jackson.databind.ser.std.BeanSerializerBase.serializeFields(BeanSerializerBase.java:774) ~[jackson-databind-2.14.3.jar:2.14.3]
	at com.fasterxml.jackson.databind.ser.BeanSerializer.serialize(BeanSerializer.java:178) ~[jackson-databind-2.14.3.jar:2.14.3]
	at com.fasterxml.jackson.databind.ser.BeanPropertyWriter.serializeAsField(BeanPropertyWriter.java:733) ~[jackson-databind-2.14.3.jar:2.14.3]
	at com.fasterxml.jackson.databind.ser.std.BeanSerializerBase.serializeFields(BeanSerializerBase.java:774) ~[jackson-databind-2.14.3.jar:2.14.3]
	at com.fasterxml.jackson.databind.ser.BeanSerializer.serialize(BeanSerializer.java:178) ~[jackson-databind-2.14.3.jar:2.14.3]
	at com.fasterxml.jackson.databind.ser.impl.IndexedListSerializer.serializeContents(IndexedListSerializer.java:119) ~[jackson-databind-2.14.3.jar:2.14.3]
	at com.fasterxml.jackson.databind.ser.impl.IndexedListSerializer.serialize(IndexedListSerializer.java:79) ~[jackson-databind-2.14.3.jar:2.14.3]
	at com.fasterxml.jackson.databind.ser.impl.IndexedListSerializer.serialize(IndexedListSerializer.java:18) ~[jackson-databind-2.14.3.jar:2.14.3]
	at com.fasterxml.jackson.databind.ser.BeanPropertyWriter.serializeAsField(BeanPropertyWriter.java:733) ~[jackson-databind-2.14.3.jar:2.14.3]
	at com.fasterxml.jackson.databind.ser.std.BeanSerializerBase.serializeFields(BeanSerializerBase.java:774) ~[jackson-databind-2.14.3.jar:2.14.3]
	at com.fasterxml.jackson.databind.ser.BeanSerializer.serialize(BeanSerializer.java:178) ~[jackson-databind-2.14.3.jar:2.14.3]
	at com.fasterxml.jackson.databind.ser.BeanPropertyWriter.serializeAsField(BeanPropertyWriter.java:733) ~[jackson-databind-2.14.3.jar:2.14.3]
	at com.fasterxml.jackson.databind.ser.std.BeanSerializerBase.serializeFields(BeanSerializerBase.java:774) ~[jackson-databind-2.14.3.jar:2.14.3]
	at com.fasterxml.jackson.databind.ser.BeanSerializer.serialize(BeanSerializer.java:178) ~[jackson-databind-2.14.3.jar:2.14.3]
	at com.fasterxml.jackson.databind.ser.impl.IndexedListSerializer.serializeContents(IndexedListSerializer.java:119) ~[jackson-databind-2.14.3.jar:2.14.3]
	at com.fasterxml.jackson.databind.ser.impl.IndexedListSerializer.serialize(IndexedListSerializer.java:79) ~[jackson-databind-2.14.3.jar:2.14.3]
	at com.fasterxml.jackson.databind.ser.impl.IndexedListSerializer.serialize(IndexedListSerializer.java:18) ~[jackson-databind-2.14.3.jar:2.14.3]
	at com.fasterxml.jackson.databind.ser.BeanPropertyWriter.serializeAsField(BeanPropertyWriter.java:733) ~[jackson-databind-2.14.3.jar:2.14.3]
	at com.fasterxml.jackson.databind.ser.std.BeanSerializerBase.serializeFields(BeanSerializerBase.java:774) ~[jackson-databind-2.14.3.jar:2.14.3]
	at com.fasterxml.jackson.databind.ser.BeanSerializer.serialize(BeanSerializer.java:178) ~[jackson-databind-2.14.3.jar:2.14.3]
	at com.fasterxml.jackson.databind.ser.BeanPropertyWriter.serializeAsField(BeanPropertyWriter.java:733) ~[jackson-databind-2.14.3.jar:2.14.3]
	at com.fasterxml.jackson.databind.ser.std.BeanSerializerBase.serializeFields(BeanSerializerBase.java:774) ~[jackson-databind-2.14.3.jar:2.14.3]
	at com.fasterxml.jackson.databind.ser.BeanSerializer.serialize(BeanSerializer.java:178) ~[jackson-databind-2.14.3.jar:2.14.3]
	at com.fasterxml.jackson.databind.ser.impl.IndexedListSerializer.serializeContents(IndexedListSerializer.java:119) ~[jackson-databind-2.14.3.jar:2.14.3]
	at com.fasterxml.jackson.databind.ser.impl.IndexedListSerializer.serialize(IndexedListSerializer.java:79) ~[jackson-databind-2.14.3.jar:2.14.3]
	at com.fasterxml.jackson.databind.ser.impl.IndexedListSerializer.serialize(IndexedListSerializer.java:18) ~[jackson-databind-2.14.3.jar:2.14.3]
	at com.fasterxml.jackson.databind.ser.BeanPropertyWriter.serializeAsField(BeanPropertyWriter.java:733) ~[jackson-databind-2.14.3.jar:2.14.3]
	at com.fasterxml.jackson.databind.ser.std.BeanSerializerBase.serializeFields(BeanSerializerBase.java:774) ~[jackson-databind-2.14.3.jar:2.14.3]
	at com.fasterxml.jackson.databind.ser.BeanSerializer.serialize(BeanSerializer.java:178) ~[jackson-databind-2.14.3.jar:2.14.3]
	at com.fasterxml.jackson.databind.ser.BeanPropertyWriter.serializeAsField(BeanPropertyWriter.java:733) ~[jackson-databind-2.14.3.jar:2.14.3]
	at com.fasterxml.jackson.databind.ser.std.BeanSerializerBase.serializeFields(BeanSerializerBase.java:774) ~[jackson-databind-2.14.3.jar:2.14.3]
	at com.fasterxml.jackson.databind.ser.BeanSerializer.serialize(BeanSerializer.java:178) ~[jackson-databind-2.14.3.jar:2.14.3]
	at com.fasterxml.jackson.databind.ser.impl.IndexedListSerializer.serializeContents(IndexedListSerializer.java:119) ~[jackson-databind-2.14.3.jar:2.14.3]
	at com.fasterxml.jackson.databind.ser.impl.IndexedListSerializer.serialize(IndexedListSerializer.java:79) ~[jackson-databind-2.14.3.jar:2.14.3]
	at com.fasterxml.jackson.databind.ser.impl.IndexedListSerializer.serialize(IndexedListSerializer.java:18) ~[jackson-databind-2.14.3.jar:2.14.3]
	at com.fasterxml.jackson.databind.ser.BeanPropertyWriter.serializeAsField(BeanPropertyWriter.java:733) ~[jackson-databind-2.14.3.jar:2.14.3]
	at com.fasterxml.jackson.databind.ser.std.BeanSerializerBase.serializeFields(BeanSerializerBase.java:774) ~[jackson-databind-2.14.3.jar:2.14.3]
	at com.fasterxml.jackson.databind.ser.BeanSerializer.serialize(BeanSerializer.java:178) ~[jackson-databind-2.14.3.jar:2.14.3]
	at com.fasterxml.jackson.databind.ser.BeanPropertyWriter.serializeAsField(BeanPropertyWriter.java:733) ~[jackson-databind-2.14.3.jar:2.14.3]
	at com.fasterxml.jackson.databind.ser.std.BeanSerializerBase.serializeFields(BeanSerializerBase.java:774) ~[jackson-databind-2.14.3.jar:2.14.3]
	at com.fasterxml.jackson.databind.ser.BeanSerializer.serialize(BeanSerializer.java:178) ~[jackson-databind-2.14.3.jar:2.14.3]
	at com.fasterxml.jackson.databind.ser.impl.IndexedListSerializer.serializeContents(IndexedListSerializer.java:119) ~[jackson-databind-2.14.3.jar:2.14.3]
	at com.fasterxml.jackson.databind.ser.impl.IndexedListSerializer.serialize(IndexedListSerializer.java:79) ~[jackson-databind-2.14.3.jar:2.14.3]
	at com.fasterxml.jackson.databind.ser.impl.IndexedListSerializer.serialize(IndexedListSerializer.java:18) ~[jackson-databind-2.14.3.jar:2.14.3]
	at com.fasterxml.jackson.databind.ser.BeanPropertyWriter.serializeAsField(BeanPropertyWriter.java:733) ~[jackson-databind-2.14.3.jar:2.14.3]
	at com.fasterxml.jackson.databind.ser.std.BeanSerializerBase.serializeFields(BeanSerializerBase.java:774) ~[jackson-databind-2.14.3.jar:2.14.3]
	at com.fasterxml.jackson.databind.ser.BeanSerializer.serialize(BeanSerializer.java:178) ~[jackson-databind-2.14.3.jar:2.14.3]
	at com.fasterxml.jackson.databind.ser.BeanPropertyWriter.serializeAsField(BeanPropertyWriter.java:733) ~[jackson-databind-2.14.3.jar:2.14.3]
	at com.fasterxml.jackson.databind.ser.std.BeanSerializerBase.serializeFields(BeanSerializerBase.java:774) ~[jackson-databind-2.14.3.jar:2.14.3]
	at com.fasterxml.jackson.databind.ser.BeanSerializer.serialize(BeanSerializer.java:178) ~[jackson-databind-2.14.3.jar:2.14.3]
	at com.fasterxml.jackson.databind.ser.impl.IndexedListSerializer.serializeContents(IndexedListSerializer.java:119) ~[jackson-databind-2.14.3.jar:2.14.3]
	at com.fasterxml.jackson.databind.ser.impl.IndexedListSerializer.serialize(IndexedListSerializer.java:79) ~[jackson-databind-2.14.3.jar:2.14.3]
	at com.fasterxml.jackson.databind.ser.impl.IndexedListSerializer.serialize(IndexedListSerializer.java:18) ~[jackson-databind-2.14.3.jar:2.14.3]
	at com.fasterxml.jackson.databind.ser.BeanPropertyWriter.serializeAsField(BeanPropertyWriter.java:733) ~[jackson-databind-2.14.3.jar:2.14.3]
	at com.fasterxml.jackson.databind.ser.std.BeanSerializerBase.serializeFields(BeanSerializerBase.java:774) ~[jackson-databind-2.14.3.jar:2.14.3]
	at com.fasterxml.jackson.databind.ser.BeanSerializer.serialize(BeanSerializer.java:178) ~[jackson-databind-2.14.3.jar:2.14.3]
	at com.fasterxml.jackson.databind.ser.BeanPropertyWriter.serializeAsField(BeanPropertyWriter.java:733) ~[jackson-databind-2.14.3.jar:2.14.3]
	at com.fasterxml.jackson.databind.ser.std.BeanSerializerBase.serializeFields(BeanSerializerBase.java:774) ~[jackson-databind-2.14.3.jar:2.14.3]
	at com.fasterxml.jackson.databind.ser.BeanSerializer.serialize(BeanSerializer.java:178) ~[jackson-databind-2.14.3.jar:2.14.3]
	at com.fasterxml.jackson.databind.ser.impl.IndexedListSerializer.serializeContents(IndexedListSerializer.java:119) ~[jackson-databind-2.14.3.jar:2.14.3]
	at com.fasterxml.jackson.databind.ser.impl.IndexedListSerializer.serialize(IndexedListSerializer.java:79) ~[jackson-databind-2.14.3.jar:2.14.3]
	at com.fasterxml.jackson.databind.ser.impl.IndexedListSerializer.serialize(IndexedListSerializer.java:18) ~[jackson-databind-2.14.3.jar:2.14.3]
	at com.fasterxml.jackson.databind.ser.BeanPropertyWriter.serializeAsField(BeanPropertyWriter.java:733) ~[jackson-databind-2.14.3.jar:2.14.3]
	at com.fasterxml.jackson.databind.ser.std.BeanSerializerBase.serializeFields(BeanSerializerBase.java:774) ~[jackson-databind-2.14.3.jar:2.14.3]
	at com.fasterxml.jackson.databind.ser.BeanSerializer.serialize(BeanSerializer.java:178) ~[jackson-databind-2.14.3.jar:2.14.3]
	at com.fasterxml.jackson.databind.ser.BeanPropertyWriter.serializeAsField(BeanPropertyWriter.java:733) ~[jackson-databind-2.14.3.jar:2.14.3]
	at com.fasterxml.jackson.databind.ser.std.BeanSerializerBase.serializeFields(BeanSerializerBase.java:774) ~[jackson-databind-2.14.3.jar:2.14.3]
	at com.fasterxml.jackson.databind.ser.BeanSerializer.serialize(BeanSerializer.java:178) ~[jackson-databind-2.14.3.jar:2.14.3]
	at com.fasterxml.jackson.databind.ser.impl.IndexedListSerializer.serializeContents(IndexedListSerializer.java:119) ~[jackson-databind-2.14.3.jar:2.14.3]
	at com.fasterxml.jackson.databind.ser.impl.IndexedListSerializer.serialize(IndexedListSerializer.java:79) ~[jackson-databind-2.14.3.jar:2.14.3]
	at com.fasterxml.jackson.databind.ser.impl.IndexedListSerializer.serialize(IndexedListSerializer.java:18) ~[jackson-databind-2.14.3.jar:2.14.3]
	at com.fasterxml.jackson.databind.ser.BeanPropertyWriter.serializeAsField(BeanPropertyWriter.java:733) ~[jackson-databind-2.14.3.jar:2.14.3]
	at com.fasterxml.jackson.databind.ser.std.BeanSerializerBase.serializeFields(BeanSerializerBase.java:774) ~[jackson-databind-2.14.3.jar:2.14.3]
	at com.fasterxml.jackson.databind.ser.BeanSerializer.serialize(BeanSerializer.java:178) ~[jackson-databind-2.14.3.jar:2.14.3]
	at com.fasterxml.jackson.databind.ser.BeanPropertyWriter.serializeAsField(BeanPropertyWriter.java:733) ~[jackson-databind-2.14.3.jar:2.14.3]
	at com.fasterxml.jackson.databind.ser.std.BeanSerializerBase.serializeFields(BeanSerializerBase.java:774) ~[jackson-databind-2.14.3.jar:2.14.3]
	at com.fasterxml.jackson.databind.ser.BeanSerializer.serialize(BeanSerializer.java:178) ~[jackson-databind-2.14.3.jar:2.14.3]
	at com.fasterxml.jackson.databind.ser.impl.IndexedListSerializer.serializeContents(IndexedListSerializer.java:119) ~[jackson-databind-2.14.3.jar:2.14.3]
	at com.fasterxml.jackson.databind.ser.impl.IndexedListSerializer.serialize(IndexedListSerializer.java:79) ~[jackson-databind-2.14.3.jar:2.14.3]
	at com.fasterxml.jackson.databind.ser.impl.IndexedListSerializer.serialize(IndexedListSerializer.java:18) ~[jackson-databind-2.14.3.jar:2.14.3]
	at com.fasterxml.jackson.databind.ser.BeanPropertyWriter.serializeAsField(BeanPropertyWriter.java:733) ~[jackson-databind-2.14.3.jar:2.14.3]
	at com.fasterxml.jackson.databind.ser.std.BeanSerializerBase.serializeFields(BeanSerializerBase.java:774) ~[jackson-databind-2.14.3.jar:2.14.3]
	at com.fasterxml.jackson.databind.ser.BeanSerializer.serialize(BeanSerializer.java:178) ~[jackson-databind-2.14.3.jar:2.14.3]
	at com.fasterxml.jackson.databind.ser.BeanPropertyWriter.serializeAsField(BeanPropertyWriter.java:733) ~[jackson-databind-2.14.3.jar:2.14.3]
	at com.fasterxml.jackson.databind.ser.std.BeanSerializerBase.serializeFields(BeanSerializerBase.java:774) ~[jackson-databind-2.14.3.jar:2.14.3]
	at com.fasterxml.jackson.databind.ser.BeanSerializer.serialize(BeanSerializer.java:178) ~[jackson-databind-2.14.3.jar:2.14.3]
	at com.fasterxml.jackson.databind.ser.impl.IndexedListSerializer.serializeContents(IndexedListSerializer.java:119) ~[jackson-databind-2.14.3.jar:2.14.3]
	at com.fasterxml.jackson.databind.ser.impl.IndexedListSerializer.serialize(IndexedListSerializer.java:79) ~[jackson-databind-2.14.3.jar:2.14.3]
	at com.fasterxml.jackson.databind.ser.impl.IndexedListSerializer.serialize(IndexedListSerializer.java:18) ~[jackson-databind-2.14.3.jar:2.14.3]
	at com.fasterxml.jackson.databind.ser.BeanPropertyWriter.serializeAsField(BeanPropertyWriter.java:733) ~[jackson-databind-2.14.3.jar:2.14.3]
	at com.fasterxml.jackson.databind.ser.std.BeanSerializerBase.serializeFields(BeanSerializerBase.java:774) ~[jackson-databind-2.14.3.jar:2.14.3]
	at com.fasterxml.jackson.databind.ser.BeanSerializer.serialize(BeanSerializer.java:178) ~[jackson-databind-2.14.3.jar:2.14.3]
	at com.fasterxml.jackson.databind.ser.BeanPropertyWriter.serializeAsField(BeanPropertyWriter.java:733) ~[jackson-databind-2.14.3.jar:2.14.3]
	at com.fasterxml.jackson.databind.ser.std.BeanSerializerBase.serializeFields(BeanSerializerBase.java:774) ~[jackson-databind-2.14.3.jar:2.14.3]
	at com.fasterxml.jackson.databind.ser.BeanSerializer.serialize(BeanSerializer.java:178) ~[jackson-databind-2.14.3.jar:2.14.3]
	at com.fasterxml.jackson.databind.ser.impl.IndexedListSerializer.serializeContents(IndexedListSerializer.java:119) ~[jackson-databind-2.14.3.jar:2.14.3]
	at com.fasterxml.jackson.databind.ser.impl.IndexedListSerializer.serialize(IndexedListSerializer.java:79) ~[jackson-databind-2.14.3.jar:2.14.3]
	at com.fasterxml.jackson.databind.ser.impl.IndexedListSerializer.serialize(IndexedListSerializer.java:18) ~[jackson-databind-2.14.3.jar:2.14.3]
	at com.fasterxml.jackson.databind.ser.BeanPropertyWriter.serializeAsField(BeanPropertyWriter.java:733) ~[jackson-databind-2.14.3.jar:2.14.3]
	at com.fasterxml.jackson.databind.ser.std.BeanSerializerBase.serializeFields(BeanSerializerBase.java:774) ~[jackson-databind-2.14.3.jar:2.14.3]
	at com.fasterxml.jackson.databind.ser.BeanSerializer.serialize(BeanSerializer.java:178) ~[jackson-databind-2.14.3.jar:2.14.3]
	at com.fasterxml.jackson.databind.ser.BeanPropertyWriter.serializeAsField(BeanPropertyWriter.java:733) ~[jackson-databind-2.14.3.jar:2.14.3]
	at com.fasterxml.jackson.databind.ser.std.BeanSerializerBase.serializeFields(BeanSerializerBase.java:774) ~[jackson-databind-2.14.3.jar:2.14.3]
	at com.fasterxml.jackson.databind.ser.BeanSerializer.serialize(BeanSerializer.java:178) ~[jackson-databind-2.14.3.jar:2.14.3]
	at com.fasterxml.jackson.databind.ser.impl.IndexedListSerializer.serializeContents(IndexedListSerializer.java:119) ~[jackson-databind-2.14.3.jar:2.14.3]
	at com.fasterxml.jackson.databind.ser.impl.IndexedListSerializer.serialize(IndexedListSerializer.java:79) ~[jackson-databind-2.14.3.jar:2.14.3]
	at com.fasterxml.jackson.databind.ser.impl.IndexedListSerializer.serialize(IndexedListSerializer.java:18) ~[jackson-databind-2.14.3.jar:2.14.3]
	at com.fasterxml.jackson.databind.ser.BeanPropertyWriter.serializeAsField(BeanPropertyWriter.java:733) ~[jackson-databind-2.14.3.jar:2.14.3]

2024-12-26T17:24:36.880+09:00  INFO 23376 --- [Eventuate-subscriber-com.lolclone.authenticationmanagementinfra.sagaorchestrator.saga.SignUpSaga-consumer] org.apache.kafka.clients.NetworkClient   : [Consumer clientId=consumer-com.lolclone.authenticationmanagementinfra.sagaorchestrator.saga.SignUpSaga-consumer-1, groupId=com.lolclone.authenticationmanagementinfra.sagaorchestrator.saga.SignUpSaga-consumer] Node -1 disconnected.
2024-12-26T17:24:37.036+09:00  INFO 23376 --- [Eventuate-subscriber-authenticationService] org.apache.kafka.clients.NetworkClient   : [Consumer clientId=consumer-authenticationService-2, groupId=authenticationService] Node -1 disconnected.
2024-12-26T17:24:37.235+09:00  INFO 23376 --- [Eventuate-subscriber-com.lolclone.authenticationmanagementinfra.sagaorchestrator.saga.SignUpSaga-consumer] org.apache.kafka.clients.NetworkClient   : [Consumer clientId=consumer-com.lolclone.authenticationmanagementinfra.sagaorchestrator.saga.SignUpSaga-consumer-4, groupId=com.lolclone.authenticationmanagementinfra.sagaorchestrator.saga.SignUpSaga-consumer] Node -1 disconnected.
